Ölçüm Zamanı;Bara Adı;Bara ID;Kurulu Güç;Pmkud;TPYS Bara Gerilim Set;TPYS Bara Gerilim Düşümü;Canlı Bara;Bara 1 Gerilim;Bara 1 Gerilim Kalite Detayı;Bara 2 Gerilim;Bara 2 Gerilim Kalite Detayı;Bara 3 Gerilim;Bara 3 Gerilim Kalite Detayı;Toplam Ünite Pgen Aktif (MW);Toplam Ünite Qgen Reaktif (MVAr);Toplam D.İ. MVar Limit;Toplam A.İ. MVar Limit;Devre Durumu;Yükümlülük Durumu;D.İ. MVAR Onay Durumu;A.İ. MVAR Onay Durumu;Onay Durum
"29 Nis 2026 00:59:00";"GEYCEK RES";5052;"";"17,22";"157,00";"2,00";"157,41";"157,41";"Actual";"";null;"";null;"0,15";"5,81";"";"";"1";"0";"-";"-";"-"
"29 Nis 2026 00:58:00";"GEYCEK RES";5052;"";"17,22";"157,00";"2,00";"156,88";"156,88";"Actual";"";null;"";null;"0,15";"5,17";"";"";"1";"0";"-";"-";"-"
"29 Nis 2026 00:57:00";"GEYCEK RES";5052;"";"17,22";"157,00";"2,00";"157,64";"157,64";"Actual";"";null;"";null;"0,23";"5,81";"";"";"1";"0";"-";"-";"-"
"29 Nis 2026 00:56:00";"GEYCEK RES";5052;"";"17,22";"157,00";"2,00";"156,86";"156,86";"Actual";"";null;"";null;"0,15";"5,17";"";"";"1";"0";"-";"-";"-"
"29 Nis 2026 00:55:00";"GEYCEK RES";5052;"";"17,22";"157,00";"2,00";"157,09";"157,09";"Actual";"";null;"";null;"0,07";"5,17";"";"";"1";"0";"-";"-";"-"
"29 Nis 2026 00:54:00";"GEYCEK RES";5052;"";"17,22";"157,00";"2,00";"157,09";"157,09";"Actual";"";null;"";null;"1,29";"5,81";"";"";"1";"0";"-";"-";"-"
"29 Nis 2026 00:53:00";"GEYCEK RES";5052;"";"17,22";"157,00";"2,00";"157,09";"157,09";"Actual";"";null;"";null;"1,29";"5,17";"";"";"1";"0";"-";"-";"-"
"29 Nis 2026 00:52:00";"GEYCEK RES";5052;"";"17,22";"157,00";"2,00";"157,31";"157,31";"Actual";"";null;"";null;"1,29";"5,17";"";"";"1";"0";"-";"-";"-"
"29 Nis 2026 00:51:00";"GEYCEK RES";5052;"";"17,22";"157,00";"2,00";"158,38";"158,38";"Actual";"";null;"";null;"1,21";"5,73";"";"";"1";"0";"-";"-";"-"
"29 Nis 2026 00:50:00";"GEYCEK RES";5052;"";"17,22";"157,00";"2,00";"157,93";"157,93";"Actual";"";null;"";null;"1,21";"5,81";"";"";"1";"0";"-";"-";"-"
"29 Nis 2026 00:49:00";"GEYCEK RES";5052;"";"17,22";"157,00";"2,00";"158,49";"158,49";"Actual";"";null;"";null;"1,21";"5,65";"";"";"1";"0";"-";"-";"-"
"29 Nis 2026 00:48:00";"GEYCEK RES";5052;"";"17,22";"157,00";"2,00";"157,66";"157,66";"Actual";"";null;"";null;"1,29";"5,73";"";"";"1";"0";"-";"-";"-"
"29 Nis 2026 00:47:00";"GEYCEK RES";5052;"";"17,22";"157,00";"2,00";"157,66";"157,66";"Actual";"";null;"";null;"1,21";"5,17";"";"";"1";"0";"-";"-";"-"
"29 Nis 2026 00:46:00";"GEYCEK RES";5052;"";"17,22";"157,00";"2,00";"157,09";"157,09";"Actual";"";null;"";null;"1,29";"5,09";"";"";"1";"0";"-";"-";"-"
"29 Nis 2026 00:45:00";"GEYCEK RES";5052;"";"17,22";"157,00";"2,00";"157,09";"157,09";"Actual";"";null;"";null;"1,13";"5,09";"";"";"1";"0";"-";"-";"-"
"29 Nis 2026 00:44:00";"GEYCEK RES";5052;"";"17,22";"157,00";"2,00";"157,62";"157,62";"Actual";"";null;"";null;"1,21";"5,17";"";"";"1";"0";"-";"-";"-"
"29 Nis 2026 00:43:00";"GEYCEK RES";5052;"";"17,22";"157,00";"2,00";"156,69";"156,69";"Actual";"";null;"";null;"1,21";"4,93";"";"";"1";"0";"-";"-";"-"
"29 Nis 2026 00:42:00";"GEYCEK RES";5052;"";"17,22";"157,00";"2,00";"157,11";"157,11";"Actual";"";null;"";null;"1,21";"5,09";"";"";"1";"0";"-";"-";"-"
"29 Nis 2026 00:41:00";"GEYCEK RES";5052;"";"17,22";"157,00";"2,00";"156,87";"156,87";"Actual";"";null;"";null;"1,29";"5,09";"";"";"1";"0";"-";"-";"-"
"29 Nis 2026 00:40:00";"GEYCEK RES";5052;"";"17,22";"157,00";"2,00";"157,32";"157,32";"Actual";"";null;"";null;"1,21";"5,17";"";"";"1";"0";"-";"-";"-"
"29 Nis 2026 00:39:00";"GEYCEK RES";5052;"";"17,22";"157,00";"2,00";"157,28";"157,28";"Actual";"";null;"";null;"1,29";"5,24";"";"";"1";"0";"-";"-";"-"
"29 Nis 2026 00:38:00";"GEYCEK RES";5052;"";"17,22";"157,00";"2,00";"157,28";"157,28";"Actual";"";null;"";null;"1,21";"5,09";"";"";"1";"0";"-";"-";"-"
"29 Nis 2026 00:37:00";"GEYCEK RES";5052;"";"17,22";"157,00";"2,00";"157,96";"157,96";"Actual";"";null;"";null;"1,29";"5,73";"";"";"1";"0";"-";"-";"-"
"29 Nis 2026 00:36:00";"GEYCEK RES";5052;"";"17,22";"157,00";"2,00";"157,40";"157,40";"Actual";"";null;"";null;"1,29";"5,64";"";"";"1";"0";"-";"-";"-"
"29 Nis 2026 00:35:00";"GEYCEK RES";5052;"";"17,22";"157,00";"2,00";"157,12";"157,12";"Actual";"";null;"";null;"1,29";"5,17";"";"";"1";"0";"-";"-";"-"
"29 Nis 2026 00:34:00";"GEYCEK RES";5052;"";"17,22";"157,00";"2,00";"157,12";"157,12";"Actual";"";null;"";null;"1,13";"5,09";"";"";"1";"0";"-";"-";"-"
"29 Nis 2026 00:33:00";"GEYCEK RES";5052;"";"17,22";"157,00";"2,00";"157,52";"157,52";"Actual";"";null;"";null;"1,29";"5,81";"";"";"1";"0";"-";"-";"-"
"29 Nis 2026 00:32:00";"GEYCEK RES";5052;"";"17,22";"157,00";"2,00";"157,13";"157,13";"Actual";"";null;"";null;"1,29";"5,09";"";"";"1";"0";"-";"-";"-"
"29 Nis 2026 00:31:00";"GEYCEK RES";5052;"";"17,22";"157,00";"2,00";"157,07";"157,07";"Actual";"";null;"";null;"1,29";"5,73";"";"";"1";"0";"-";"-";"-"
"29 Nis 2026 00:30:00";"GEYCEK RES";5052;"";"17,22";"157,00";"2,00";"157,02";"157,02";"Actual";"";null;"";null;"1,29";"5,41";"";"";"1";"0";"-";"-";"-"
"29 Nis 2026 00:29:00";"GEYCEK RES";5052;"";"17,22";"157,00";"2,00";"157,52";"157,52";"Actual";"";null;"";null;"0,07";"5,88";"";"";"1";"0";"-";"-";"-"
"29 Nis 2026 00:28:00";"GEYCEK RES";5052;"";"17,22";"157,00";"2,00";"157,49";"157,49";"Actual";"";null;"";null;"0,07";"6,36";"";"";"1";"0";"-";"-";"-"
"29 Nis 2026 00:27:00";"GEYCEK RES";5052;"";"17,22";"157,00";"2,00";"158,54";"158,54";"Actual";"";null;"";null;"0,01";"6,36";"";"";"1";"0";"-";"-";"-"
"29 Nis 2026 00:26:00";"GEYCEK RES";5052;"";"17,22";"157,00";"2,00";"158,54";"158,54";"Actual";"";null;"";null;"0,07";"6,44";"";"";"1";"0";"-";"-";"-"
"29 Nis 2026 00:25:00";"GEYCEK RES";5052;"";"17,22";"157,00";"2,00";"157,79";"157,79";"Actual";"";null;"";null;"0,07";"5,96";"";"";"1";"0";"-";"-";"-"
"29 Nis 2026 00:24:00";"GEYCEK RES";5052;"";"17,22";"157,00";"2,00";"157,79";"157,79";"Actual";"";null;"";null;"0,15";"6,36";"";"";"1";"0";"-";"-";"-"
"29 Nis 2026 00:23:00";"GEYCEK RES";5052;"";"17,22";"157,00";"2,00";"157,98";"157,98";"Actual";"";null;"";null;"0,07";"5,88";"";"";"1";"0";"-";"-";"-"
"29 Nis 2026 00:22:00";"GEYCEK RES";5052;"";"17,22";"157,00";"2,00";"157,56";"157,56";"Actual";"";null;"";null;"0,15";"5,64";"";"";"1";"0";"-";"-";"-"
"29 Nis 2026 00:21:00";"GEYCEK RES";5052;"";"17,22";"157,00";"2,00";"157,14";"157,14";"Actual";"";null;"";null;"0,01";"5,73";"";"";"1";"0";"-";"-";"-"
"29 Nis 2026 00:20:00";"GEYCEK RES";5052;"";"17,22";"157,00";"2,00";"157,08";"157,08";"Actual";"";null;"";null;"0,15";"5,81";"";"";"1";"0";"-";"-";"-"
"29 Nis 2026 00:19:00";"GEYCEK RES";5052;"";"17,22";"157,00";"2,00";"157,15";"157,15";"Actual";"";null;"";null;"0,15";"5,81";"";"";"1";"0";"-";"-";"-"
"29 Nis 2026 00:18:00";"GEYCEK RES";5052;"";"17,22";"157,00";"2,00";"157,13";"157,13";"Actual";"";null;"";null;"0,01";"5,81";"";"";"1";"0";"-";"-";"-"
"29 Nis 2026 00:17:00";"GEYCEK RES";5052;"";"17,22";"157,00";"2,00";"157,40";"157,40";"Actual";"";null;"";null;"0,07";"5,73";"";"";"1";"0";"-";"-";"-"
"29 Nis 2026 00:16:00";"GEYCEK RES";5052;"";"17,22";"157,00";"2,00";"157,09";"157,09";"Actual";"";null;"";null;"0,15";"5,73";"";"";"1";"0";"-";"-";"-"
"29 Nis 2026 00:15:00";"GEYCEK RES";5052;"";"17,22";"157,00";"2,00";"157,15";"157,15";"Actual";"";null;"";null;"0,07";"5,88";"";"";"1";"0";"-";"-";"-"
"29 Nis 2026 00:14:00";"GEYCEK RES";5052;"";"17,22";"157,00";"2,00";"156,65";"156,65";"Actual";"";null;"";null;"0,15";"5,17";"";"";"1";"0";"-";"-";"-"
"29 Nis 2026 00:13:00";"GEYCEK RES";5052;"";"17,22";"157,00";"2,00";"157,36";"157,36";"Actual";"";null;"";null;"0,07";"5,81";"";"";"1";"0";"-";"-";"-"
"29 Nis 2026 00:12:00";"GEYCEK RES";5052;"";"17,22";"157,00";"2,00";"157,23";"157,23";"Actual";"";null;"";null;"0,01";"5,81";"";"";"1";"0";"-";"-";"-"
"29 Nis 2026 00:11:00";"GEYCEK RES";5052;"";"17,22";"157,00";"2,00";"156,75";"156,75";"Actual";"";null;"";null;"0,07";"5,24";"";"";"1";"0";"-";"-";"-"
"29 Nis 2026 00:10:00";"GEYCEK RES";5052;"";"17,22";"157,00";"2,00";"156,75";"156,75";"Actual";"";null;"";null;"0,15";"5,81";"";"";"1";"0";"-";"-";"-"
"29 Nis 2026 00:09:00";"GEYCEK RES";5052;"";"17,22";"157,00";"2,00";"157,60";"157,60";"Actual";"";null;"";null;"0,01";"6,44";"";"";"1";"0";"-";"-";"-"
"29 Nis 2026 00:08:00";"GEYCEK RES";5052;"";"17,22";"157,00";"2,00";"157,54";"157,54";"Actual";"";null;"";null;"0,15";"6,36";"";"";"1";"0";"-";"-";"-"
"29 Nis 2026 00:07:00";"GEYCEK RES";5052;"";"17,22";"157,00";"2,00";"157,54";"157,54";"Actual";"";null;"";null;"0,07";"5,73";"";"";"1";"0";"-";"-";"-"
"29 Nis 2026 00:06:00";"GEYCEK RES";5052;"";"17,22";"157,00";"2,00";"157,83";"157,83";"Actual";"";null;"";null;"0,15";"5,81";"";"";"1";"0";"-";"-";"-"
"29 Nis 2026 00:05:00";"GEYCEK RES";5052;"";"17,22";"157,00";"2,00";"157,83";"157,83";"Actual";"";null;"";null;"0,07";"5,81";"";"";"1";"0";"-";"-";"-"
"29 Nis 2026 00:04:00";"GEYCEK RES";5052;"";"17,22";"157,00";"2,00";"157,83";"157,83";"Actual";"";null;"";null;"0,23";"5,81";"";"";"1";"0";"-";"-";"-"
"29 Nis 2026 00:03:00";"GEYCEK RES";5052;"";"17,22";"157,00";"2,00";"157,83";"157,83";"Actual";"";null;"";null;"0,07";"5,81";"";"";"1";"0";"-";"-";"-"
"29 Nis 2026 00:02:00";"GEYCEK RES";5052;"";"17,22";"157,00";"2,00";"157,83";"157,83";"Actual";"";null;"";null;"0,07";"5,89";"";"";"1";"0";"-";"-";"-"
"29 Nis 2026 00:01:00";"GEYCEK RES";5052;"";"17,22";"157,00";"2,00";"157,83";"157,83";"Actual";"";null;"";null;"0,07";"5,73";"";"";"1";"0";"-";"-";"-"
"29 Nis 2026 00:00:00";"GEYCEK RES";5052;"";"17,22";"157,00";"2,00";"158,44";"158,44";"Actual";"";null;"";null;"0,15";"6,36";"";"";"1";"0";"-";"-";"-"
