GERILIM REFERANS DEGERI ILETILEN BARANIN ADI:;ACWA_KIRIKKALE_DGKC;;;;;;;;
ILGILI BIRIMIN UNITELERININ NOMINAL AKTIF GUCU(Pnom):;295,7;295,7;336;;;;;;
ILGILI BIRIMIN UNITELERININ ASIRI VE DUSUK ZORUNLU MVAR DEGERLERI (MVAR):;183,258;-97,192;183,258;-97,192;208,234;-110,438;;;
VARSA ILGILI ANLASMA DAHILINDE SENKRON KOMPANSATOR HIZMET VEREBILEN UNITELERIN SENKRON KOMPASATOR DURUMUNDAKI ZORUNLU MVAR DEGERLERI (MVAR):;0;;;;;;;;
TARIH;SAAT;SIRA_NO;BARA_GER_kV;BARA_GER_SET_DEG_kV;TOP_REAKT_CIK_GUCU_MVAr;UEVCB_1_BIRIM_MKUD_MW;UNI_11_GEN_TER_AKT_CIK_GUCU_MW;UNI_12_GEN_TER_AKT_CIK_GUCU_MW;UNI_10_GEN_TER_AKT_CIK_GUCU_MW
13.04.2026;00:00:00;1;408,576;404;-0,975;460;-0,78;-1,313;-0,073
13.04.2026;00:01:00;2;402,534;404;-0,975;460;-0,78;-1,313;-0,073
13.04.2026;00:02:00;3;401,365;404;-0,975;460;-0,78;-1,313;-0,073
13.04.2026;00:03:00;4;402,93;404;-0,975;460;-0,78;-1,313;-0,073
13.04.2026;00:04:00;5;403,267;404;-0,975;460;-0,78;-1,313;-0,073
13.04.2026;00:05:00;6;402,639;404;-0,975;460;-0,78;-1,313;-0,073
13.04.2026;00:06:00;7;404,001;404;-0,975;460;-0,78;-1,313;-0,073
13.04.2026;00:07:00;8;404,662;404;-0,975;460;-0,78;-1,313;-0,073
13.04.2026;00:08:00;9;405,559;404;-0,975;460;-0,78;-1,313;-0,073
13.04.2026;00:09:00;10;403,851;404;-0,975;460;-0,78;-1,313;-0,073
13.04.2026;00:10:00;11;404,192;404;-0,975;460;-0,78;-1,313;-0,073
13.04.2026;00:11:00;12;403,942;404;-0,975;460;-0,78;-1,313;-0,073
13.04.2026;00:12:00;13;403,102;404;-0,975;460;-0,78;-1,313;-0,073
13.04.2026;00:13:00;14;402,351;404;-0,975;460;-0,78;-1,313;-0,073
13.04.2026;00:14:00;15;402,421;404;-0,975;460;-0,78;-1,313;-0,073
13.04.2026;00:15:00;16;394,276;404;-0,975;460;-0,78;-1,313;-0,073
13.04.2026;00:16:00;17;402,025;404;-0,975;460;-0,78;-1,313;-0,073
13.04.2026;00:17:00;18;400,498;404;-0,975;460;-0,78;-1,313;-0,073
13.04.2026;00:18:00;19;399,778;404;-0,975;460;-0,78;-1,313;-0,073
13.04.2026;00:19:00;20;402,324;404;-0,975;460;-0,78;-1,313;-0,073
13.04.2026;00:20:00;21;405,439;404;-0,975;460;-0,78;-1,313;-0,073
13.04.2026;00:21:00;22;403,506;404;-0,975;460;-0,78;-1,313;-0,073
13.04.2026;00:22:00;23;404,288;404;-0,975;460;-0,78;-1,313;-0,073
13.04.2026;00:23:00;24;405,44;404;-0,975;460;-0,78;-1,313;-0,073
13.04.2026;00:24:00;25;406,824;404;-0,975;460;-0,78;-1,313;-0,073
13.04.2026;00:25:00;26;409,185;404;-0,975;460;-0,78;-1,313;-0,073
13.04.2026;00:26:00;27;409,656;404;-0,975;460;-0,78;-1,313;-0,073
13.04.2026;00:27:00;28;409,096;404;-0,975;460;-0,78;-1,313;-0,073
13.04.2026;00:28:00;29;409,119;404;-0,975;460;-0,78;-1,313;-0,073
13.04.2026;00:29:00;30;411,586;404;-0,975;460;-0,78;-1,313;-0,303
13.04.2026;00:30:00;31;407,795;404;-0,975;460;-0,78;-1,313;-0,303
13.04.2026;00:31:00;32;408,195;404;-0,975;460;-0,78;-1,313;-0,303
13.04.2026;00:32:00;33;410,369;404;-1,057;460;-0,78;-1,362;-0,303
13.04.2026;00:33:00;34;410,577;404;-1,057;460;-0,78;-1,362;-0,303
13.04.2026;00:34:00;35;412,969;404;-1,057;460;-0,78;-1,362;-0,303
13.04.2026;00:35:00;36;411,268;404;-1,057;460;-0,78;-1,362;-0,303
13.04.2026;00:36:00;37;410,853;404;-1,057;460;-0,78;-1,362;-0,303
13.04.2026;00:37:00;38;412,997;404;-1,057;460;-0,78;-1,362;-0,303
13.04.2026;00:38:00;39;412,591;404;-1,057;460;-0,78;-1,362;-0,303
13.04.2026;00:39:00;40;413,417;404;-1,057;460;-0,78;-1,362;-0,303
13.04.2026;00:40:00;41;414,557;404;-1,057;460;-0,78;-1,362;-0,303
13.04.2026;00:41:00;42;410,973;404;-1,057;460;-0,78;-1,362;-0,303
13.04.2026;00:42:00;43;412,562;404;-1,057;460;-0,78;-1,362;-0,303
13.04.2026;00:43:00;44;410,621;404;-1,057;460;-0,78;-1,362;-0,303
13.04.2026;00:44:00;45;411,795;404;-1,057;460;-0,78;-1,362;-0,303
13.04.2026;00:45:00;46;413,725;404;-1,057;460;-0,78;-1,362;-0,303
13.04.2026;00:46:00;47;412,762;404;-1,057;460;-0,78;-1,362;-0,303
13.04.2026;00:47:00;48;413,13;404;-1,057;460;-0,78;-1,362;-0,303
13.04.2026;00:48:00;49;412,621;404;-1,057;460;-0,78;-1,362;-0,303
13.04.2026;00:49:00;50;413,408;404;-1,057;460;-0,78;-1,362;-0,303
13.04.2026;00:50:00;51;412,767;404;-1,057;460;-0,78;-1,362;-0,303
13.04.2026;00:51:00;52;412,378;404;-1,057;460;-0,78;-1,362;-0,303
13.04.2026;00:52:00;53;415,317;404;-1,057;460;-0,78;-1,362;-0,303
13.04.2026;00:53:00;54;413,177;404;-1,057;460;-0,78;-1,362;-0,303
13.04.2026;00:54:00;55;414,705;404;-1,057;460;-0,78;-1,362;-0,303
13.04.2026;00:55:00;56;415,368;404;-1,057;460;-0,78;-1,362;-0,303
13.04.2026;00:56:00;57;414,228;404;-1,057;460;-0,78;-1,362;-0,303
13.04.2026;00:57:00;58;408,328;404;-1,057;460;-0,78;-1,362;-0,303
13.04.2026;00:58:00;59;409,008;404;-1,057;460;-0,78;-1,362;-0,303
13.04.2026;00:59:00;60;408,364;404;-1,057;460;-0,78;-1,362;-0,303
13.04.2026;01:00:00;61;407,794;404;-1,057;460;-0,78;-1,362;-0,303
13.04.2026;01:01:00;62;406,966;404;-1,057;460;-0,78;-1,362;-0,303
13.04.2026;01:02:00;63;404,507;404;-1,057;460;-0,78;-1,362;-0,303
13.04.2026;01:03:00;64;403,576;404;-1,057;460;-0,78;-1,362;-0,303
13.04.2026;01:04:00;65;405,161;404;-1,057;460;-0,78;-1,362;-0,303
13.04.2026;01:05:00;66;405,065;404;-1,057;460;-0,78;-1,362;-0,303
13.04.2026;01:06:00;67;405,633;404;-1,057;460;-0,78;-1,362;-0,303
13.04.2026;01:07:00;68;405,907;404;-1,057;460;-0,78;-1,362;-0,303
13.04.2026;01:08:00;69;404,755;404;-1,057;460;-0,78;-1,362;-0,303
13.04.2026;01:09:00;70;407,728;404;-1,057;460;-0,78;-1,362;-0,303
13.04.2026;01:10:00;71;408,389;404;-1,057;460;-0,78;-1,362;-0,303
13.04.2026;01:11:00;72;409,054;404;-1,057;460;-0,78;-1,362;-0,303
13.04.2026;01:12:00;73;408,85;404;-1,057;460;-0,78;-1,362;-0,303
13.04.2026;01:13:00;74;409,965;404;-1,057;460;-0,78;-1,362;-0,303
13.04.2026;01:14:00;75;408,599;404;-1,057;460;-0,78;-1,362;-0,303
13.04.2026;01:15:00;76;407,951;404;-1,057;460;-0,78;-1,362;-0,303
13.04.2026;01:16:00;77;408,059;404;-1,057;460;-0,78;-1,362;-0,303
13.04.2026;01:17:00;78;406,835;404;-1,057;460;-0,78;-1,362;-0,303
13.04.2026;01:18:00;79;407,527;404;-1,057;460;-0,78;-1,362;-0,303
13.04.2026;01:19:00;80;407,672;404;-1,057;460;-0,78;-1,362;-0,303
13.04.2026;01:20:00;81;407,165;404;-1,057;460;-0,78;-1,362;-0,303
13.04.2026;01:21:00;82;406,726;404;-1,057;460;-0,78;-1,362;-0,303
13.04.2026;01:22:00;83;407,547;404;-1,057;460;-0,78;-1,362;-0,303
13.04.2026;01:23:00;84;410,102;404;-1,057;460;-0,78;-1,362;-0,303
13.04.2026;01:24:00;85;408,066;404;-1,057;460;-0,78;-1,362;-0,303
13.04.2026;01:25:00;86;408,485;404;-1,057;460;-0,78;-1,362;-0,303
13.04.2026;01:26:00;87;408,724;404;-1,057;460;-0,78;-1,362;-0,303
13.04.2026;01:27:00;88;410,389;404;-1,057;460;-0,78;-1,362;-0,303
13.04.2026;01:28:00;89;410,951;404;-1,057;460;-0,78;-1,362;-0,303
13.04.2026;01:29:00;90;411,942;404;-1,057;460;-0,78;-1,362;-0,15
13.04.2026;01:30:00;91;412,751;404;-1,057;460;-0,78;-1,362;-0,15
13.04.2026;01:31:00;92;411,312;404;-1,057;460;-0,78;-1,362;-0,15
13.04.2026;01:32:00;93;410,521;404;-1,295;460;-0,78;-1,362;-0,15
13.04.2026;01:33:00;94;410,706;404;-1,295;460;-0,78;-1,362;-0,15
13.04.2026;01:34:00;95;411,096;404;-1,295;460;-0,78;-1,362;-0,15
13.04.2026;01:35:00;96;412,029;404;-1,295;460;-0,78;-1,362;-0,15
13.04.2026;01:36:00;97;409,03;404;-1,295;460;-0,78;-1,362;-0,15
13.04.2026;01:37:00;98;410,637;404;-1,295;460;-0,78;-1,362;-0,15
13.04.2026;01:38:00;99;409,027;404;-1,295;460;-0,78;-1,362;-0,15
13.04.2026;01:39:00;100;412,084;404;-1,295;460;-0,78;-1,362;-0,15
13.04.2026;01:40:00;101;412,061;404;-1,295;460;-0,78;-1,362;-0,15
13.04.2026;01:41:00;102;413,153;404;-1,295;460;-0,78;-1,362;-0,15
13.04.2026;01:42:00;103;410,908;404;-1,295;460;-0,78;-1,362;-0,15
13.04.2026;01:43:00;104;412,433;404;-1,295;460;-0,78;-1,362;-0,15
13.04.2026;01:44:00;105;413,492;404;-1,295;460;-0,78;-1,362;-0,15
13.04.2026;01:45:00;106;414,104;404;-1,295;460;-0,78;-1,362;-0,15
13.04.2026;01:46:00;107;412,385;404;-1,295;460;-0,78;-1,362;-0,15
13.04.2026;01:47:00;108;412,129;404;-1,295;460;-0,78;-1,362;-0,15
13.04.2026;01:48:00;109;413;404;-1,295;460;-0,78;-1,362;-0,15
13.04.2026;01:49:00;110;413,424;404;-1,295;460;-0,78;-1,362;-0,15
13.04.2026;01:50:00;111;413,971;404;-1,295;460;-0,78;-1,362;-0,15
13.04.2026;01:51:00;112;412,883;404;-1,295;460;-0,78;-1,362;-0,15
13.04.2026;01:52:00;113;411,502;404;-1,295;460;-0,78;-1,362;-0,15
13.04.2026;01:53:00;114;412,924;404;-1,295;460;-0,78;-1,362;-0,15
13.04.2026;01:54:00;115;409,991;404;-1,295;460;-0,78;-1,362;-0,15
13.04.2026;01:55:00;116;411,207;404;-1,295;460;-0,78;-1,362;-0,15
13.04.2026;01:56:00;117;410,013;404;-1,295;460;-0,78;-1,362;-0,15
13.04.2026;01:57:00;118;410,959;404;-1,295;460;-0,78;-1,362;-0,15
13.04.2026;01:58:00;119;413,259;404;-1,295;460;-0,78;-1,362;-0,15
13.04.2026;01:59:00;120;413,884;404;-1,295;460;-0,78;-1,362;-0,15
13.04.2026;02:00:00;121;411,996;404;-1,295;460;-0,78;-1,362;-0,15
13.04.2026;02:01:00;122;411,468;404;-1,295;460;-0,78;-1,362;-0,15
13.04.2026;02:02:00;123;410,961;404;-1,295;460;-0,78;-1,362;-0,15
13.04.2026;02:03:00;124;410,277;404;-1,295;460;-0,78;-1,362;-0,15
13.04.2026;02:04:00;125;410,745;404;-1,295;460;-0,78;-1,362;-0,15
13.04.2026;02:05:00;126;411,799;404;-1,295;460;-0,78;-1,362;-0,15
13.04.2026;02:06:00;127;410,468;404;-1,295;460;-0,78;-1,362;-0,15
13.04.2026;02:07:00;128;410,169;404;-1,295;460;-0,78;-1,362;-0,15
13.04.2026;02:08:00;129;410,653;404;-1,295;460;-0,78;-1,362;-0,15
13.04.2026;02:09:00;130;413,437;404;-1,295;460;-0,78;-1,362;-0,15
13.04.2026;02:10:00;131;413,448;404;-1,295;460;-0,78;-1,362;-0,15
13.04.2026;02:11:00;132;411,503;404;-1,295;460;-0,78;-1,362;-0,15
13.04.2026;02:12:00;133;411,583;404;-1,295;460;-0,78;-1,362;-0,15
13.04.2026;02:13:00;134;413,438;404;-1,295;460;-0,78;-1,362;-0,15
13.04.2026;02:14:00;135;414,743;404;-1,295;460;-0,78;-1,362;-0,15
13.04.2026;02:15:00;136;416,388;404;-1,295;460;-0,78;-1,362;-0,15
13.04.2026;02:16:00;137;415,886;404;-1,295;460;-0,78;-1,362;-0,15
13.04.2026;02:17:00;138;414,146;404;-1,295;460;-0,78;-1,362;-0,15
13.04.2026;02:18:00;139;413,468;404;-1,295;460;-0,78;-1,362;-0,15
13.04.2026;02:19:00;140;411,156;404;-1,295;460;-0,78;-1,362;-0,15
13.04.2026;02:20:00;141;413,22;404;-1,295;460;-0,78;-1,362;-0,15
13.04.2026;02:21:00;142;412,082;404;-1,295;460;-0,78;-1,362;-0,15
13.04.2026;02:22:00;143;411,852;404;-1,295;460;-0,78;-1,362;-0,15
13.04.2026;02:23:00;144;411,917;404;-1,295;460;-0,78;-1,362;-0,15
13.04.2026;02:24:00;145;408,506;404;-1,295;460;-0,78;-1,362;-0,15
13.04.2026;02:25:00;146;409,906;404;-1,295;460;-0,78;-1,362;-0,15
13.04.2026;02:26:00;147;409,893;404;-1,295;460;-0,78;-1,362;-0,15
13.04.2026;02:27:00;148;409,178;404;-1,295;460;-0,78;-1,362;-0,15
13.04.2026;02:28:00;149;409,494;404;-1,295;460;-0,78;-1,362;-0,15
13.04.2026;02:29:00;150;411,71;404;-1,295;460;-0,78;-1,362;-0,226
13.04.2026;02:30:00;151;410,899;404;-1,295;460;-0,78;-1,362;-0,226
13.04.2026;02:31:00;152;407,997;404;-1,295;460;-0,78;-1,362;-0,226
13.04.2026;02:32:00;153;410,43;404;-1,237;460;-0,78;-1,313;-0,226
13.04.2026;02:33:00;154;409,813;404;-1,237;460;-0,78;-1,313;-0,226
13.04.2026;02:34:00;155;406,654;404;-1,237;460;-0,78;-1,313;-0,226
13.04.2026;02:35:00;156;407,868;404;-1,237;460;-0,78;-1,313;-0,226
13.04.2026;02:36:00;157;408,763;404;-1,237;460;-0,78;-1,313;-0,226
13.04.2026;02:37:00;158;408,414;404;-1,237;460;-0,78;-1,313;-0,226
13.04.2026;02:38:00;159;408,649;404;-1,237;460;-0,78;-1,313;-0,226
13.04.2026;02:39:00;160;407,074;404;-1,237;460;-0,78;-1,313;-0,226
13.04.2026;02:40:00;161;408,989;404;-1,237;460;-0,78;-1,313;-0,226
13.04.2026;02:41:00;162;408,972;404;-1,237;460;-0,78;-1,313;-0,226
13.04.2026;02:42:00;163;407,015;404;-1,237;460;-0,78;-1,313;-0,226
13.04.2026;02:43:00;164;405,862;404;-1,237;460;-0,78;-1,313;-0,226
13.04.2026;02:44:00;165;404,683;404;-1,237;460;-0,78;-1,313;-0,226
13.04.2026;02:45:00;166;406,455;404;-1,237;460;-0,78;-1,313;-0,226
13.04.2026;02:46:00;167;407,895;404;-1,237;460;-0,78;-1,313;-0,226
13.04.2026;02:47:00;168;407,115;404;-1,237;460;-0,78;-1,313;-0,226
13.04.2026;02:48:00;169;406,517;404;-1,237;460;-0,78;-1,313;-0,226
13.04.2026;02:49:00;170;409,983;404;-1,237;460;-0,78;-1,313;-0,226
13.04.2026;02:50:00;171;409,426;404;-1,237;460;-0,78;-1,313;-0,226
13.04.2026;02:51:00;172;406,857;404;-1,237;460;-0,78;-1,313;-0,226
13.04.2026;02:52:00;173;410,304;404;-1,237;460;-0,78;-1,313;-0,226
13.04.2026;02:53:00;174;409,003;404;-1,237;460;-0,78;-1,313;-0,226
13.04.2026;02:54:00;175;407,306;404;-1,237;460;-0,78;-1,313;-0,226
13.04.2026;02:55:00;176;409,138;404;-1,237;460;-0,78;-1,313;-0,226
13.04.2026;02:56:00;177;410,159;404;-1,237;460;-0,78;-1,313;-0,226
13.04.2026;02:57:00;178;407,705;404;-1,237;460;-0,78;-1,313;-0,226
13.04.2026;02:58:00;179;404,958;404;-1,237;460;-0,78;-1,313;-0,226
13.04.2026;02:59:00;180;406,342;404;-1,237;460;-0,78;-1,313;-0,226
13.04.2026;03:00:00;181;408,353;404;-1,237;460;-0,78;-1,313;-0,226
13.04.2026;03:01:00;182;409,284;404;-1,237;460;-0,78;-1,313;-0,226
13.04.2026;03:02:00;183;405,538;404;-1,237;460;-0,78;-1,313;-0,226
13.04.2026;03:03:00;184;405,504;404;-1,237;460;-0,78;-1,313;-0,226
13.04.2026;03:04:00;185;409,139;404;-1,237;460;-0,78;-1,313;-0,226
13.04.2026;03:05:00;186;408,261;404;-1,237;460;-0,78;-1,313;-0,226
13.04.2026;03:06:00;187;409,553;404;-1,237;460;-0,78;-1,313;-0,226
13.04.2026;03:07:00;188;409,965;404;-1,237;460;-0,78;-1,313;-0,226
13.04.2026;03:08:00;189;408,495;404;-1,237;460;-0,78;-1,313;-0,226
13.04.2026;03:09:00;190;410,728;404;-1,237;460;-0,78;-1,313;-0,226
13.04.2026;03:10:00;191;411,009;404;-1,237;460;-0,78;-1,313;-0,226
13.04.2026;03:11:00;192;412,159;404;-1,237;460;-0,78;-1,313;-0,226
13.04.2026;03:12:00;193;408,941;404;-1,237;460;-0,78;-1,313;-0,226
13.04.2026;03:13:00;194;407,578;404;-1,237;460;-0,78;-1,313;-0,226
13.04.2026;03:14:00;195;406,895;404;-1,237;460;-0,78;-1,313;-0,226
13.04.2026;03:15:00;196;408,461;404;-1,237;460;-0,78;-1,313;-0,226
13.04.2026;03:16:00;197;409,271;404;-1,237;460;-0,78;-1,313;-0,226
13.04.2026;03:17:00;198;410,894;404;-1,237;460;-0,78;-1,313;-0,226
13.04.2026;03:18:00;199;409,628;404;-1,237;460;-0,78;-1,313;-0,226
13.04.2026;03:19:00;200;410,939;404;-1,237;460;-0,78;-1,313;-0,226
13.04.2026;03:20:00;201;410,566;404;-1,237;460;-0,78;-1,313;-0,226
13.04.2026;03:21:00;202;413,173;404;-1,237;460;-0,78;-1,313;-0,226
13.04.2026;03:22:00;203;414,072;404;-1,237;460;-0,78;-1,313;-0,226
13.04.2026;03:23:00;204;410,84;404;-1,237;460;-0,78;-1,313;-0,226
13.04.2026;03:24:00;205;413,258;404;-1,237;460;-0,78;-1,313;-0,226
13.04.2026;03:25:00;206;411,655;404;-1,237;460;-0,78;-1,313;-0,226
13.04.2026;03:26:00;207;412,919;404;-1,237;460;-0,78;-1,313;-0,226
13.04.2026;03:27:00;208;411,613;404;-1,237;460;-0,78;-1,313;-0,226
13.04.2026;03:28:00;209;411,685;404;-1,237;460;-0,78;-1,313;-0,226
13.04.2026;03:29:00;210;410,793;404;-1,237;460;-0,78;-1,313;-0,073
13.04.2026;03:30:00;211;408,882;404;-1,237;460;-0,78;-1,313;-0,073
13.04.2026;03:31:00;212;408,756;404;-1,237;460;-0,78;-1,313;-0,073
13.04.2026;03:32:00;213;411,32;404;-1,104;460;-0,78;-1,362;-0,073
13.04.2026;03:33:00;214;410,035;404;-1,104;460;-0,78;-1,362;-0,073
13.04.2026;03:34:00;215;411,42;404;-1,104;460;-0,78;-1,362;-0,073
13.04.2026;03:35:00;216;411,077;404;-1,104;460;-0,78;-1,362;-0,073
13.04.2026;03:36:00;217;407,769;404;-1,104;460;-0,78;-1,362;-0,073
13.04.2026;03:37:00;218;407,954;404;-1,104;460;-0,78;-1,362;-0,073
13.04.2026;03:38:00;219;408,159;404;-1,104;460;-0,78;-1,362;-0,073
13.04.2026;03:39:00;220;409,055;404;-1,104;460;-0,78;-1,362;-0,073
13.04.2026;03:40:00;221;408,111;404;-1,104;460;-0,78;-1,362;-0,073
13.04.2026;03:41:00;222;410,022;404;-1,104;460;-0,78;-1,362;-0,073
13.04.2026;03:42:00;223;410,125;404;-1,104;460;-0,78;-1,362;-0,073
13.04.2026;03:43:00;224;410,39;404;-1,104;460;-0,78;-1,362;-0,073
13.04.2026;03:44:00;225;410,364;404;-1,104;460;-0,78;-1,362;-0,073
13.04.2026;03:45:00;226;409,576;404;-1,104;460;-0,78;-1,362;-0,073
13.04.2026;03:46:00;227;407,938;404;-1,104;460;-0,78;-1,362;-0,073
13.04.2026;03:47:00;228;406,835;404;-1,104;460;-0,78;-1,362;-0,073
13.04.2026;03:48:00;229;404,567;404;-1,104;460;-0,78;-1,362;-0,073
13.04.2026;03:49:00;230;404,856;404;-1,104;460;-0,78;-1,362;-0,073
13.04.2026;03:50:00;231;406,57;404;-1,104;460;-0,78;-1,362;-0,073
13.04.2026;03:51:00;232;407,512;404;-1,104;460;-0,78;-1,362;-0,073
13.04.2026;03:52:00;233;408,336;404;-1,104;460;-0,78;-1,362;-0,073
13.04.2026;03:53:00;234;408,45;404;-1,104;460;-0,78;-1,362;-0,073
13.04.2026;03:54:00;235;407,054;404;-1,104;460;-0,78;-1,362;-0,073
13.04.2026;03:55:00;236;409,04;404;-1,104;460;-0,78;-1,362;-0,073
13.04.2026;03:56:00;237;408,234;404;-1,104;460;-0,78;-1,362;-0,073
13.04.2026;03:57:00;238;406,487;404;-1,104;460;-0,78;-1,362;-0,073
13.04.2026;03:58:00;239;408,652;404;-1,104;460;-0,78;-1,362;-0,073
13.04.2026;03:59:00;240;408,531;404;-1,104;460;-0,78;-1,362;-0,073
13.04.2026;04:00:00;241;407,003;404;-1,104;460;-0,78;-1,362;-0,073
13.04.2026;04:01:00;242;403,997;404;-1,104;460;-0,78;-1,362;-0,073
13.04.2026;04:02:00;243;403,741;404;-1,104;460;-0,78;-1,362;-0,073
13.04.2026;04:03:00;244;407,928;404;-1,104;460;-0,78;-1,362;-0,073
13.04.2026;04:04:00;245;409,466;404;-1,104;460;-0,78;-1,362;-0,073
13.04.2026;04:05:00;246;407,454;404;-1,104;460;-0,78;-1,362;-0,073
13.04.2026;04:06:00;247;407,834;404;-1,104;460;-0,78;-1,362;-0,073
13.04.2026;04:07:00;248;407,784;404;-1,104;460;-0,78;-1,362;-0,073
13.04.2026;04:08:00;249;410,049;404;-1,104;460;-0,78;-1,362;-0,073
13.04.2026;04:09:00;250;410,069;404;-1,104;460;-0,78;-1,362;-0,073
13.04.2026;04:10:00;251;408,606;404;-1,104;460;-0,78;-1,362;-0,073
13.04.2026;04:11:00;252;408,633;404;-1,104;460;-0,78;-1,362;-0,073
13.04.2026;04:12:00;253;409,385;404;-1,104;460;-0,78;-1,362;-0,073
13.04.2026;04:13:00;254;406,673;404;-1,104;460;-0,78;-1,362;-0,073
13.04.2026;04:14:00;255;409,297;404;-1,104;460;-0,78;-1,362;-0,073
13.04.2026;04:15:00;256;407,918;404;-1,104;460;-0,78;-1,362;-0,073
13.04.2026;04:16:00;257;405,898;404;-1,104;460;-0,78;-1,362;-0,073
13.04.2026;04:17:00;258;406,772;404;-1,104;460;-0,78;-1,362;-0,073
13.04.2026;04:18:00;259;406,881;404;-1,104;460;-0,78;-1,362;-0,073
13.04.2026;04:19:00;260;408,194;404;-1,104;460;-0,78;-1,362;-0,073
13.04.2026;04:20:00;261;405,638;404;-1,104;460;-0,78;-1,362;-0,073
13.04.2026;04:21:00;262;406,824;404;-1,104;460;-0,78;-1,362;-0,073
13.04.2026;04:22:00;263;406,685;404;-1,104;460;-0,78;-1,362;-0,073
13.04.2026;04:23:00;264;405,775;404;-1,104;460;-0,78;-1,362;-0,073
13.04.2026;04:24:00;265;407,898;404;-1,104;460;-0,78;-1,362;-0,073
13.04.2026;04:25:00;266;408,182;404;-1,104;460;-0,78;-1,362;-0,073
13.04.2026;04:26:00;267;406,555;404;-1,104;460;-0,78;-1,362;-0,073
13.04.2026;04:27:00;268;406,601;404;-1,104;460;-0,78;-1,362;-0,073
13.04.2026;04:28:00;269;405,707;404;-1,104;460;-0,78;-1,362;-0,073
13.04.2026;04:29:00;270;405,108;404;-1,104;460;-0,78;-1,362;-0,284
13.04.2026;04:30:00;271;406,589;404;-1,104;460;-0,78;-1,362;-0,284
13.04.2026;04:31:00;272;406,993;404;-1,104;460;-0,78;-1,362;-0,284
13.04.2026;04:32:00;273;409,765;404;-1,057;460;-0,78;-1,362;-0,284
13.04.2026;04:33:00;274;410,335;404;-1,057;460;-0,78;-1,362;-0,284
13.04.2026;04:34:00;275;410,398;404;-1,057;460;-0,78;-1,362;-0,284
13.04.2026;04:35:00;276;410,188;404;-1,057;460;-0,78;-1,362;-0,284
13.04.2026;04:36:00;277;411,021;404;-1,057;460;-0,78;-1,362;-0,284
13.04.2026;04:37:00;278;409,401;404;-1,057;460;-0,78;-1,362;-0,284
13.04.2026;04:38:00;279;409,709;404;-1,057;460;-0,78;-1,362;-0,284
13.04.2026;04:39:00;280;408,974;404;-1,057;460;-0,78;-1,362;-0,284
13.04.2026;04:40:00;281;408,454;404;-1,057;460;-0,78;-1,362;-0,284
13.04.2026;04:41:00;282;407,217;404;-1,057;460;-0,78;-1,362;-0,284
13.04.2026;04:42:00;283;409,559;404;-1,057;460;-0,78;-1,362;-0,284
13.04.2026;04:43:00;284;410,515;404;-1,057;460;-0,78;-1,362;-0,284
13.04.2026;04:44:00;285;408,813;404;-1,057;460;-0,78;-1,362;-0,284
13.04.2026;04:45:00;286;405,523;404;-1,057;460;-0,78;-1,362;-0,284
13.04.2026;04:46:00;287;406,224;404;-1,057;460;-0,78;-1,362;-0,284
13.04.2026;04:47:00;288;408,109;404;-1,057;460;-0,78;-1,362;-0,284
13.04.2026;04:48:00;289;409,829;404;-1,057;460;-0,78;-1,362;-0,284
13.04.2026;04:49:00;290;409,358;404;-1,057;460;-0,78;-1,362;-0,284
13.04.2026;04:50:00;291;410,177;404;-1,057;460;-0,78;-1,362;-0,284
13.04.2026;04:51:00;292;409,316;404;-1,057;460;-0,78;-1,362;-0,284
13.04.2026;04:52:00;293;409,357;404;-1,057;460;-0,78;-1,362;-0,284
13.04.2026;04:53:00;294;408,034;404;-1,057;460;-0,78;-1,362;-0,284
13.04.2026;04:54:00;295;408,375;404;-1,057;460;-0,78;-1,362;-0,284
13.04.2026;04:55:00;296;406,367;404;-1,057;460;-0,78;-1,362;-0,284
13.04.2026;04:56:00;297;406,266;404;-1,057;460;-0,78;-1,362;-0,284
13.04.2026;04:57:00;298;404,717;404;-1,057;460;-0,78;-1,362;-0,284
13.04.2026;04:58:00;299;404,513;404;-1,057;460;-0,78;-1,362;-0,284
13.04.2026;04:59:00;300;404,428;404;-1,057;460;-0,78;-1,362;-0,284
13.04.2026;05:00:00;301;406,815;404;-1,057;460;-0,78;-1,362;-0,284
13.04.2026;05:01:00;302;404,785;404;-1,057;460;-0,78;-1,362;-0,284
13.04.2026;05:02:00;303;406,371;404;-1,057;460;-0,78;-1,362;-0,284
13.04.2026;05:03:00;304;406,741;404;-1,057;460;-0,78;-1,362;-0,284
13.04.2026;05:04:00;305;402,472;404;-1,057;460;-0,78;-1,362;-0,284
13.04.2026;05:05:00;306;403,691;404;-1,057;460;-0,78;-1,362;-0,284
13.04.2026;05:06:00;307;404,022;404;-1,057;460;-0,78;-1,362;-0,284
13.04.2026;05:07:00;308;405,254;404;-1,057;460;-0,78;-1,362;-0,284
13.04.2026;05:08:00;309;404,224;404;-1,057;460;-0,78;-1,362;-0,284
13.04.2026;05:09:00;310;404,057;404;-1,057;460;-0,78;-1,362;-0,284
13.04.2026;05:10:00;311;402,512;404;-1,057;460;-0,78;-1,362;-0,284
13.04.2026;05:11:00;312;403,578;404;-1,057;460;-0,78;-1,362;-0,284
13.04.2026;05:12:00;313;403,774;404;-1,057;460;-0,78;-1,362;-0,284
13.04.2026;05:13:00;314;406,371;404;-1,057;460;-0,78;-1,362;-0,284
13.04.2026;05:14:00;315;407,331;404;-1,057;460;-0,78;-1,362;-0,284
13.04.2026;05:15:00;316;406,405;404;-1,057;460;-0,78;-1,362;-0,284
13.04.2026;05:16:00;317;410,133;404;-1,057;460;-0,78;-1,362;-0,284
13.04.2026;05:17:00;318;406,171;404;-1,057;460;-0,78;-1,362;-0,284
13.04.2026;05:18:00;319;406,325;404;-1,057;460;-0,78;-1,362;-0,284
13.04.2026;05:19:00;320;406,292;404;-1,057;460;-0,78;-1,362;-0,284
13.04.2026;05:20:00;321;406,938;404;-1,057;460;-0,78;-1,362;-0,284
13.04.2026;05:21:00;322;405,606;404;-1,057;460;-0,78;-1,362;-0,284
13.04.2026;05:22:00;323;402,515;404;-1,057;460;-0,78;-1,362;-0,284
13.04.2026;05:23:00;324;404,665;404;-1,057;460;-0,78;-1,362;-0,284
13.04.2026;05:24:00;325;406,321;404;-1,057;460;-0,78;-1,362;-0,284
13.04.2026;05:25:00;326;406,823;404;-1,057;460;-0,78;-1,362;-0,284
13.04.2026;05:26:00;327;405,283;404;-1,057;460;-0,78;-1,362;-0,284
13.04.2026;05:27:00;328;405,41;404;-1,057;460;-0,78;-1,362;-0,284
13.04.2026;05:28:00;329;405,653;404;-1,057;460;-0,78;-1,362;-0,284
13.04.2026;05:29:00;330;405,075;404;-1,057;460;-0,78;-1,362;-0,322
13.04.2026;05:30:00;331;407,565;404;-1,057;460;-0,78;-1,362;-0,322
13.04.2026;05:31:00;332;405,888;404;-1,057;460;-0,78;-1,362;-0,322
13.04.2026;05:32:00;333;405,013;404;-1,011;460;-0,78;-1,362;-0,322
13.04.2026;05:33:00;334;403,377;404;-1,011;460;-0,78;-1,362;-0,322
13.04.2026;05:34:00;335;406,017;404;-1,011;460;-0,78;-1,362;-0,322
13.04.2026;05:35:00;336;406,089;404;-1,011;460;-0,78;-1,362;-0,322
13.04.2026;05:36:00;337;399,982;404;-1,011;460;-0,78;-1,362;-0,322
13.04.2026;05:37:00;338;400,679;404;-1,011;460;-0,78;-1,362;-0,322
13.04.2026;05:38:00;339;403,311;404;-1,011;460;-0,78;-1,362;-0,322
13.04.2026;05:39:00;340;404,496;404;-1,011;460;-0,78;-1,362;-0,322
13.04.2026;05:40:00;341;404,136;404;-1,011;460;-0,78;-1,362;-0,322
13.04.2026;05:41:00;342;402,492;404;-1,011;460;-0,78;-1,362;-0,322
13.04.2026;05:42:00;343;401,227;404;-1,011;460;-0,78;-1,362;-0,322
13.04.2026;05:43:00;344;400,935;404;-1,011;460;-0,78;-1,362;-0,322
13.04.2026;05:44:00;345;400,525;404;-1,011;460;-0,78;-1,362;-0,322
13.04.2026;05:45:00;346;398,858;404;-1,011;460;-0,78;-1,362;-0,322
13.04.2026;05:46:00;347;403,736;404;-1,011;460;-0,78;-1,362;-0,322
13.04.2026;05:47:00;348;405,178;404;-1,011;460;-0,78;-1,362;-0,322
13.04.2026;05:48:00;349;405,281;404;-1,011;460;-0,78;-1,362;-0,322
13.04.2026;05:49:00;350;405,576;404;-1,011;460;-0,78;-1,362;-0,322
13.04.2026;05:50:00;351;404,623;404;-1,011;460;-0,78;-1,362;-0,322
13.04.2026;05:51:00;352;403,956;404;-1,011;460;-0,78;-1,362;-0,322
13.04.2026;05:52:00;353;406,294;404;-1,011;460;-0,78;-1,362;-0,322
13.04.2026;05:53:00;354;406,324;404;-1,011;460;-0,78;-1,362;-0,322
13.04.2026;05:54:00;355;404,286;404;-1,011;460;-0,78;-1,362;-0,322
13.04.2026;05:55:00;356;404,005;404;-1,011;460;-0,78;-1,362;-0,322
13.04.2026;05:56:00;357;403,011;404;-1,011;460;-0,78;-1,362;-0,322
13.04.2026;05:57:00;358;405,711;404;-1,011;460;-0,78;-1,362;-0,322
13.04.2026;05:58:00;359;402,895;404;-1,011;460;-0,78;-1,362;-0,322
13.04.2026;05:59:00;360;404,402;404;-1,011;460;-0,78;-1,362;-0,322
13.04.2026;06:00:00;361;404,296;404;-1,011;460;-0,78;-1,362;-0,322
13.04.2026;06:01:00;362;402,652;404;-1,011;460;-0,78;-1,362;-0,322
13.04.2026;06:02:00;363;404,954;404;-1,011;460;-0,78;-1,362;-0,322
13.04.2026;06:03:00;364;401,721;404;-1,011;460;-0,78;-1,362;-0,322
13.04.2026;06:04:00;365;402,975;404;-1,011;460;-0,78;-1,362;-0,322
13.04.2026;06:05:00;366;400,38;404;-1,011;460;-0,78;-1,362;-0,322
13.04.2026;06:06:00;367;402,91;404;-1,011;460;-0,78;-1,362;-0,322
13.04.2026;06:07:00;368;404,736;404;-1,011;460;-0,78;-1,362;-0,322
13.04.2026;06:08:00;369;401,38;404;-1,011;460;-0,78;-1,362;-0,322
13.04.2026;06:09:00;370;402,844;404;-1,011;460;-0,78;-1,362;-0,322
13.04.2026;06:10:00;371;399,105;404;-1,011;460;-0,78;-1,362;-0,322
13.04.2026;06:11:00;372;405,176;404;-1,011;460;-0,78;-1,362;-0,322
13.04.2026;06:12:00;373;405,782;404;-1,011;460;-0,78;-1,362;-0,322
13.04.2026;06:13:00;374;405,434;404;-1,011;460;-0,78;-1,362;-0,322
13.04.2026;06:14:00;375;402,989;404;-1,011;460;-0,78;-1,362;-0,322
13.04.2026;06:15:00;376;408,111;404;-1,011;460;-0,78;-1,362;-0,322
13.04.2026;06:16:00;377;408,472;404;-1,011;460;-0,78;-1,362;-0,322
13.04.2026;06:17:00;378;409,41;404;-1,011;460;-0,78;-1,362;-0,322
13.04.2026;06:18:00;379;411,92;404;-1,011;460;-0,78;-1,362;-0,322
13.04.2026;06:19:00;380;412,534;404;-1,011;460;-0,78;-1,362;-0,322
13.04.2026;06:20:00;381;411,157;404;-1,011;460;-0,78;-1,362;-0,322
13.04.2026;06:21:00;382;411,265;404;-1,011;460;-0,78;-1,362;-0,322
13.04.2026;06:22:00;383;411,874;404;-1,011;460;-0,78;-1,362;-0,322
13.04.2026;06:23:00;384;410,63;404;-1,011;460;-0,78;-1,362;-0,322
13.04.2026;06:24:00;385;410,42;404;-1,011;460;-0,78;-1,362;-0,322
13.04.2026;06:25:00;386;411,574;404;-1,011;460;-0,78;-1,362;-0,322
13.04.2026;06:26:00;387;410,947;404;-1,011;460;-0,78;-1,362;-0,322
13.04.2026;06:27:00;388;408,219;404;-1,011;460;-0,78;-1,362;-0,322
13.04.2026;06:28:00;389;407,449;404;-1,011;460;-0,78;-1,362;-0,322
13.04.2026;06:29:00;390;409,759;404;-1,011;460;-0,78;-1,362;-0,322
13.04.2026;06:30:00;391;410,286;404;-1,011;460;-0,78;-1,362;-0,322
13.04.2026;06:31:00;392;410,836;404;-1,011;460;-0,78;-1,362;-0,322
13.04.2026;06:32:00;393;410,03;404;-0,877;460;-0,78;-1,362;-0,322
13.04.2026;06:33:00;394;410,427;404;-0,877;460;-0,78;-1,362;-0,322
13.04.2026;06:34:00;395;411,125;404;-0,877;460;-0,78;-1,362;-0,322
13.04.2026;06:35:00;396;410,844;404;-0,877;460;-0,78;-1,362;-0,322
13.04.2026;06:36:00;397;410,621;404;-0,877;460;-0,78;-1,362;-0,322
13.04.2026;06:37:00;398;409,116;404;-0,877;460;-0,78;-1,362;-0,322
13.04.2026;06:38:00;399;410,66;404;-0,877;460;-0,78;-1,362;-0,322
13.04.2026;06:39:00;400;414,235;404;-0,877;460;-0,78;-1,362;-0,322
13.04.2026;06:40:00;401;412,9;404;-0,877;460;-0,78;-1,362;-0,322
13.04.2026;06:41:00;402;411,557;404;-0,877;460;-0,78;-1,362;-0,322
13.04.2026;06:42:00;403;414,726;404;-0,877;460;-0,78;-1,362;-0,322
13.04.2026;06:43:00;404;415,123;404;-0,877;460;-0,78;-1,362;-0,322
13.04.2026;06:44:00;405;411,348;404;-0,877;460;-0,78;-1,362;-0,322
13.04.2026;06:45:00;406;410,102;404;-0,877;460;-0,78;-1,362;-0,322
13.04.2026;06:46:00;407;410,505;404;-0,877;460;-0,78;-1,362;-0,322
13.04.2026;06:47:00;408;412,993;404;-0,877;460;-0,78;-1,362;-0,322
13.04.2026;06:48:00;409;413,662;404;-0,877;460;-0,78;-1,362;-0,322
13.04.2026;06:49:00;410;415,032;404;-0,877;460;-0,78;-1,362;-0,322
13.04.2026;06:50:00;411;413,323;404;-0,877;460;-0,78;-1,362;-0,322
13.04.2026;06:51:00;412;411,515;404;-0,877;460;-0,78;-1,362;-0,322
13.04.2026;06:52:00;413;411,365;404;-0,877;460;-0,78;-1,362;-0,322
13.04.2026;06:53:00;414;412,43;404;-0,877;460;-0,78;-1,362;-0,322
13.04.2026;06:54:00;415;412,962;404;-0,877;460;-0,78;-1,362;-0,322
13.04.2026;06:55:00;416;411,008;404;-0,877;460;-0,78;-1,362;-0,322
13.04.2026;06:56:00;417;410,967;404;-0,877;460;-0,78;-1,362;-0,322
13.04.2026;06:57:00;418;412,588;404;-0,877;460;-0,78;-1,362;-0,322
13.04.2026;06:58:00;419;410,846;404;-0,877;460;-0,78;-1,362;-0,322
13.04.2026;06:59:00;420;412,57;404;-0,877;460;-0,78;-1,362;-0,322
13.04.2026;07:00:00;421;415,464;404;-0,877;460;-0,78;-1,362;-0,322
13.04.2026;07:01:00;422;417,162;404;-0,877;460;-0,78;-1,362;-0,322
13.04.2026;07:02:00;423;413,054;404;-0,877;460;-0,78;-1,362;-0,322
13.04.2026;07:03:00;424;413,353;404;-0,877;460;-0,78;-1,362;-0,322
13.04.2026;07:04:00;425;413,379;404;-0,877;460;-0,78;-1,362;-0,322
13.04.2026;07:05:00;426;412,309;404;-0,877;460;-0,78;-1,362;-0,322
13.04.2026;07:06:00;427;413,089;404;-0,877;460;-0,78;-1,362;-0,322
13.04.2026;07:07:00;428;413,591;404;-0,877;460;-0,78;-1,362;-0,322
13.04.2026;07:08:00;429;414,106;404;-0,877;460;-0,78;-1,362;-0,322
13.04.2026;07:09:00;430;413,8;404;-0,877;460;-0,78;-1,362;-0,322
13.04.2026;07:10:00;431;413,413;404;-0,877;460;-0,78;-1,362;-0,322
13.04.2026;07:11:00;432;412,507;404;-0,877;460;-0,78;-1,362;-0,322
13.04.2026;07:12:00;433;412,884;404;-0,877;460;-0,78;-1,362;-0,322
13.04.2026;07:13:00;434;412,407;404;-0,877;460;-0,78;-1,362;-0,322
13.04.2026;07:14:00;435;412,57;404;-0,877;460;-0,78;-1,362;-0,322
13.04.2026;07:15:00;436;408,047;404;-0,877;460;-0,78;-1,362;-0,322
13.04.2026;07:16:00;437;411,628;404;-0,877;460;-0,78;-1,362;-0,322
13.04.2026;07:17:00;438;411,316;404;-0,877;460;-0,78;-1,362;-0,322
13.04.2026;07:18:00;439;412,506;404;-0,877;460;-0,78;-1,362;-0,322
13.04.2026;07:19:00;440;411,27;404;-0,877;460;-0,78;-1,362;-0,322
13.04.2026;07:20:00;441;411,919;404;-0,877;460;-0,78;-1,362;-0,322
13.04.2026;07:21:00;442;413,558;404;-0,877;460;-0,78;-1,362;-0,322
13.04.2026;07:22:00;443;412,232;404;-0,877;460;-0,78;-1,362;-0,322
13.04.2026;07:23:00;444;413,937;404;-0,877;460;-0,78;-1,362;-0,322
13.04.2026;07:24:00;445;413,323;404;-0,877;460;-0,78;-1,362;-0,322
13.04.2026;07:25:00;446;414,495;404;-0,877;460;-0,78;-1,362;-0,322
13.04.2026;07:26:00;447;414,181;404;-0,877;460;-0,78;-1,362;-0,322
13.04.2026;07:27:00;448;414,301;404;-0,877;460;-0,78;-1,362;-0,322
13.04.2026;07:28:00;449;415,415;404;-0,877;460;-0,78;-1,362;-0,322
13.04.2026;07:29:00;450;415,318;404;-0,877;460;-0,78;-1,362;-0,36
13.04.2026;07:30:00;451;415,988;404;-0,877;460;-0,78;-1,362;-0,36
13.04.2026;07:31:00;452;415,258;404;-0,877;460;-0,78;-1,362;-0,36
13.04.2026;07:32:00;453;415,873;404;-1,057;460;-0,78;-1,362;-0,36
13.04.2026;07:33:00;454;415,284;404;-1,057;460;-0,78;-1,362;-0,36
13.04.2026;07:34:00;455;415,708;404;-1,057;460;-0,78;-1,362;-0,36
13.04.2026;07:35:00;456;415,062;404;-1,057;460;-0,78;-1,362;-0,36
13.04.2026;07:36:00;457;416,566;404;-1,057;460;-0,78;-1,362;-0,36
13.04.2026;07:37:00;458;415,001;404;-1,057;460;-0,78;-1,362;-0,36
13.04.2026;07:38:00;459;414,524;404;-1,057;460;-0,78;-1,362;-0,36
13.04.2026;07:39:00;460;414,427;404;-1,057;460;-0,78;-1,362;-0,36
13.04.2026;07:40:00;461;411,472;404;-1,057;460;-0,78;-1,362;-0,36
13.04.2026;07:41:00;462;410,384;404;-1,057;460;-0,78;-1,362;-0,36
13.04.2026;07:42:00;463;411,496;404;-1,057;460;-0,78;-1,362;-0,36
13.04.2026;07:43:00;464;415,418;404;-1,057;460;-0,78;-1,362;-0,36
13.04.2026;07:44:00;465;420,508;404;-1,057;460;-0,78;-1,362;-0,36
13.04.2026;07:45:00;466;423,132;404;-1,057;460;-0,78;-1,362;-0,36
13.04.2026;07:46:00;467;421,664;404;-1,057;460;-0,78;-1,362;-0,36
13.04.2026;07:47:00;468;416,404;404;-1,057;460;-0,78;-1,362;-0,36
13.04.2026;07:48:00;469;413,732;404;-1,057;460;-0,78;-1,362;-0,36
13.04.2026;07:49:00;470;414,037;404;-1,057;460;-0,78;-1,362;-0,36
13.04.2026;07:50:00;471;413,506;404;-1,057;460;-0,78;-1,362;-0,36
13.04.2026;07:51:00;472;412,73;404;-1,057;460;-0,78;-1,362;-0,36
13.04.2026;07:52:00;473;410,958;404;-1,057;460;-0,78;-1,362;-0,36
13.04.2026;07:53:00;474;411,821;404;-1,057;460;-0,78;-1,362;-0,36
13.04.2026;07:54:00;475;412,427;404;-1,057;460;-0,78;-1,362;-0,36
13.04.2026;07:55:00;476;411,948;404;-1,057;460;-0,78;-1,362;-0,36
13.04.2026;07:56:00;477;412,624;404;-1,057;460;-0,78;-1,362;-0,36
13.04.2026;07:57:00;478;411,753;404;-1,057;460;-0,78;-1,362;-0,36
13.04.2026;07:58:00;479;410,372;404;-1,057;460;-0,78;-1,362;-0,36
13.04.2026;07:59:00;480;411,431;404;-1,057;460;-0,78;-1,362;-0,36
13.04.2026;08:00:00;481;411,318;404;-1,057;460;-0,78;-1,362;-0,36
13.04.2026;08:01:00;482;409,53;404;-1,057;460;-0,78;-1,362;-0,36
13.04.2026;08:02:00;483;410,532;404;-1,057;460;-0,78;-1,362;-0,36
13.04.2026;08:03:00;484;410,25;404;-1,057;460;-0,78;-1,362;-0,36
13.04.2026;08:04:00;485;410,531;404;-1,057;460;-0,78;-1,362;-0,36
13.04.2026;08:05:00;486;411,226;404;-1,057;460;-0,78;-1,362;-0,36
13.04.2026;08:06:00;487;409,172;404;-1,057;460;-0,78;-1,362;-0,36
13.04.2026;08:07:00;488;410,582;404;-1,057;460;-0,78;-1,362;-0,36
13.04.2026;08:08:00;489;411,709;404;-1,057;460;-0,78;-1,362;-0,36
13.04.2026;08:09:00;490;411,674;404;-1,057;460;-0,78;-1,362;-0,36
13.04.2026;08:10:00;491;409,425;404;-1,057;460;-0,78;-1,362;-0,36
13.04.2026;08:11:00;492;410,021;404;-1,057;460;-0,78;-1,362;-0,36
13.04.2026;08:12:00;493;407,694;404;-1,057;460;-0,78;-1,362;-0,36
13.04.2026;08:13:00;494;408,032;404;-1,057;460;-0,78;-1,362;-0,36
13.04.2026;08:14:00;495;408,965;404;-1,057;460;-0,78;-1,362;-0,36
13.04.2026;08:15:00;496;407,743;404;-1,057;460;-0,78;-1,362;-0,36
13.04.2026;08:16:00;497;408,033;404;-1,057;460;-0,78;-1,362;-0,36
13.04.2026;08:17:00;498;407,614;404;-1,057;460;-0,78;-1,362;-0,36
13.04.2026;08:18:00;499;405,963;404;-1,057;460;-0,78;-1,362;-0,36
13.04.2026;08:19:00;500;405,811;404;-1,057;460;-0,78;-1,362;-0,36
13.04.2026;08:20:00;501;403,602;404;-1,057;460;-0,78;-1,362;-0,36
13.04.2026;08:21:00;502;403,538;404;-1,057;460;-0,78;-1,362;-0,36
13.04.2026;08:22:00;503;404,641;404;-1,057;460;-0,78;-1,362;-0,36
13.04.2026;08:23:00;504;403,829;404;-1,057;460;-0,78;-1,362;-0,36
13.04.2026;08:24:00;505;399,403;404;-1,057;460;-0,78;-1,362;-0,36
13.04.2026;08:25:00;506;406,85;404;-1,057;460;-0,78;-1,362;-0,36
13.04.2026;08:26:00;507;407,877;404;-1,057;460;-0,78;-1,362;-0,36
13.04.2026;08:27:00;508;408,109;404;-1,057;460;-0,78;-1,362;-0,36
13.04.2026;08:28:00;509;408,283;404;-1,057;460;-0,78;-1,362;-0,36
13.04.2026;08:29:00;510;404,27;404;-1,057;460;-0,78;-1,362;-0,15
13.04.2026;08:30:00;511;405,067;404;-1,057;460;-0,78;-1,362;-0,15
13.04.2026;08:31:00;512;406,12;404;-1,057;460;-0,78;-1,362;-0,15
13.04.2026;08:32:00;513;404,936;404;-1,109;460;-0,78;-1,362;-0,15
13.04.2026;08:33:00;514;404,127;404;-1,109;460;-0,78;-1,362;-0,15
13.04.2026;08:34:00;515;404,251;404;-1,109;460;-0,78;-1,362;-0,15
13.04.2026;08:35:00;516;403,86;404;-1,109;460;-0,78;-1,362;-0,15
13.04.2026;08:36:00;517;404,133;404;-1,109;460;-0,78;-1,362;-0,15
13.04.2026;08:37:00;518;407,073;404;-1,109;460;-0,78;-1,362;-0,15
13.04.2026;08:38:00;519;402,63;404;-1,109;460;-0,78;-1,362;-0,15
13.04.2026;08:39:00;520;402,463;404;-1,109;460;-0,78;-1,362;-0,15
13.04.2026;08:40:00;521;406,524;404;-1,109;460;-0,78;-1,362;-0,15
13.04.2026;08:41:00;522;408,128;404;-1,109;460;-0,78;-1,362;-0,15
13.04.2026;08:42:00;523;410,18;404;-1,109;460;-0,78;-1,362;-0,15
13.04.2026;08:43:00;524;408,887;404;-1,109;460;-0,78;-1,362;-0,15
13.04.2026;08:44:00;525;407,21;404;-1,109;460;-0,78;-1,362;-0,15
13.04.2026;08:45:00;526;406,759;404;-1,109;460;-0,78;-1,362;-0,15
13.04.2026;08:46:00;527;406,832;404;-1,109;460;-0,78;-1,362;-0,15
13.04.2026;08:47:00;528;406,03;404;-1,109;460;-0,78;-1,362;-0,15
13.04.2026;08:48:00;529;408,071;404;-1,109;460;-0,78;-1,362;-0,15
13.04.2026;08:49:00;530;406,291;404;-1,109;460;-0,78;-1,362;-0,15
13.04.2026;08:50:00;531;405,771;404;-1,109;460;-0,78;-1,362;-0,15
13.04.2026;08:51:00;532;405,606;404;-1,109;460;-0,78;-1,362;-0,15
13.04.2026;08:52:00;533;408,569;404;-1,109;460;-0,78;-1,362;-0,15
13.04.2026;08:53:00;534;408,43;404;-1,109;460;-0,78;-1,362;-0,15
13.04.2026;08:54:00;535;408,45;404;-1,109;460;-0,78;-1,362;-0,15
13.04.2026;08:55:00;536;405,372;404;-1,109;460;-0,78;-1,362;-0,15
13.04.2026;08:56:00;537;408,595;404;-1,109;460;-0,78;-1,362;-0,15
13.04.2026;08:57:00;538;407,937;404;-1,109;460;-0,78;-1,362;-0,15
13.04.2026;08:58:00;539;405,54;404;-1,109;460;-0,78;-1,362;-0,15
13.04.2026;08:59:00;540;406,435;404;-1,109;460;-0,78;-1,362;-0,15
13.04.2026;09:00:00;541;404,505;404;-1,109;460;-0,78;-1,362;-0,15
13.04.2026;09:01:00;542;402,344;404;-1,109;460;-0,78;-1,362;-0,15
13.04.2026;09:02:00;543;403,373;404;-1,109;460;-0,78;-1,362;-0,15
13.04.2026;09:03:00;544;401,789;404;-1,109;460;-0,78;-1,362;-0,15
13.04.2026;09:04:00;545;399,549;404;-1,109;460;-0,78;-1,362;-0,15
13.04.2026;09:05:00;546;399,649;404;-1,109;460;-0,78;-1,362;-0,15
13.04.2026;09:06:00;547;401,072;404;-1,109;460;-0,78;-1,362;-0,15
13.04.2026;09:07:00;548;403,404;404;-1,109;460;-0,78;-1,362;-0,15
13.04.2026;09:08:00;549;406,204;404;-1,109;460;-0,78;-1,362;-0,15
13.04.2026;09:09:00;550;408,106;404;-1,109;460;-0,78;-1,362;-0,15
13.04.2026;09:10:00;551;409,65;404;-1,109;460;-0,78;-1,362;-0,15
13.04.2026;09:11:00;552;409,27;404;-1,109;460;-0,78;-1,362;-0,15
13.04.2026;09:12:00;553;410,273;404;-1,109;460;-0,78;-1,362;-0,15
13.04.2026;09:13:00;554;413,28;404;-1,109;460;-0,78;-1,362;-0,15
13.04.2026;09:14:00;555;411,77;404;-1,109;460;-0,78;-1,362;-0,15
13.04.2026;09:15:00;556;412,65;404;-1,109;460;-0,78;-1,362;-0,15
13.04.2026;09:16:00;557;413,11;404;-1,109;460;-0,78;-1,362;-0,15
13.04.2026;09:17:00;558;412,077;404;-1,109;460;-0,78;-1,362;-0,15
13.04.2026;09:18:00;559;409,491;404;-1,109;460;-0,78;-1,362;-0,15
13.04.2026;09:19:00;560;412,548;404;-1,109;460;-0,78;-1,362;-0,15
13.04.2026;09:20:00;561;413,433;404;-1,109;460;-0,78;-1,362;-0,15
13.04.2026;09:21:00;562;413,683;404;-1,109;460;-0,78;-1,362;-0,15
13.04.2026;09:22:00;563;412,523;404;-1,109;460;-0,78;-1,362;-0,15
13.04.2026;09:23:00;564;412,106;404;-1,109;460;-0,78;-1,362;-0,15
13.04.2026;09:24:00;565;410,912;404;-1,109;460;-0,78;-1,362;-0,15
13.04.2026;09:25:00;566;411,452;404;-1,109;460;-0,78;-1,362;-0,15
13.04.2026;09:26:00;567;409,159;404;-1,109;460;-0,78;-1,362;-0,15
13.04.2026;09:27:00;568;411,148;404;-1,109;460;-0,78;-1,362;-0,15
13.04.2026;09:28:00;569;414,46;404;-1,109;460;-0,78;-1,362;-0,15
13.04.2026;09:29:00;570;415,27;404;-1,109;460;-0,78;-1,362;-0,188
13.04.2026;09:30:00;571;410,717;404;-1,109;460;-0,78;-1,362;-0,188
13.04.2026;09:31:00;572;412,255;404;-1,109;460;-0,78;-1,362;-0,188
13.04.2026;09:32:00;573;407,027;404;-1,016;460;-0,78;-1,362;-0,188
13.04.2026;09:33:00;574;408,231;404;-1,016;460;-0,78;-1,362;-0,188
13.04.2026;09:34:00;575;410,623;404;-1,016;460;-0,78;-1,362;-0,188
13.04.2026;09:35:00;576;410,998;404;-1,016;460;-0,78;-1,362;-0,188
13.04.2026;09:36:00;577;410,237;404;-1,016;460;-0,78;-1,362;-0,188
13.04.2026;09:37:00;578;410,639;404;-1,016;460;-0,78;-1,362;-0,188
13.04.2026;09:38:00;579;409,562;404;-1,016;460;-0,78;-1,362;-0,188
13.04.2026;09:39:00;580;409,441;404;-1,016;460;-0,78;-1,362;-0,188
13.04.2026;09:40:00;581;411,415;404;-1,016;460;-0,78;-1,362;-0,188
13.04.2026;09:41:00;582;412,801;404;-1,016;460;-0,78;-1,362;-0,188
13.04.2026;09:42:00;583;413,589;404;-1,016;460;-0,78;-1,362;-0,188
13.04.2026;09:43:00;584;412,932;404;-1,016;460;-0,78;-1,362;-0,188
13.04.2026;09:44:00;585;412,864;404;-1,016;460;-0,78;-1,362;-0,188
13.04.2026;09:45:00;586;411,368;404;-1,016;460;-0,78;-1,362;-0,188
13.04.2026;09:46:00;587;409,64;404;-1,016;460;-0,78;-1,362;-0,188
13.04.2026;09:47:00;588;410,21;404;-1,016;460;-0,78;-1,362;-0,188
13.04.2026;09:48:00;589;412,707;404;-1,016;460;-0,78;-1,362;-0,188
13.04.2026;09:49:00;590;414,494;404;-1,016;460;-0,78;-1,362;-0,188
13.04.2026;09:50:00;591;414,997;404;-1,016;460;-0,78;-1,362;-0,188
13.04.2026;09:51:00;592;409,689;404;-1,016;460;-0,78;-1,362;-0,188
13.04.2026;09:52:00;593;411,983;404;-1,016;460;-0,78;-1,362;-0,188
13.04.2026;09:53:00;594;413,396;404;-1,016;460;-0,78;-1,362;-0,188
13.04.2026;09:54:00;595;413,404;404;-1,016;460;-0,78;-1,362;-0,188
13.04.2026;09:55:00;596;414,227;404;-1,016;460;-0,78;-1,362;-0,188
13.04.2026;09:56:00;597;413,046;404;-1,016;460;-0,78;-1,362;-0,188
13.04.2026;09:57:00;598;414,316;404;-1,016;460;-0,78;-1,362;-0,188
13.04.2026;09:58:00;599;415,484;404;-1,016;460;-0,78;-1,362;-0,188
13.04.2026;09:59:00;600;418,774;404;-1,016;460;-0,78;-1,362;-0,188
13.04.2026;10:00:00;601;417,06;406;-1,016;460;-0,78;-1,362;-0,188
13.04.2026;10:01:00;602;413,89;406;-1,016;460;-0,78;-1,362;-0,188
13.04.2026;10:02:00;603;415,46;406;-1,016;460;-0,78;-1,362;-0,188
13.04.2026;10:03:00;604;413,492;406;-1,016;460;-0,78;-1,362;-0,188
13.04.2026;10:04:00;605;410,927;406;-1,016;460;-0,78;-1,362;-0,188
13.04.2026;10:05:00;606;412,283;406;-1,016;460;-0,78;-1,362;-0,188
13.04.2026;10:06:00;607;415,101;406;-1,016;460;-0,78;-1,362;-0,188
13.04.2026;10:07:00;608;414,646;406;-1,016;460;-0,78;-1,362;-0,188
13.04.2026;10:08:00;609;416;406;-1,016;460;-0,78;-1,362;-0,188
13.04.2026;10:09:00;610;414,562;406;-1,016;460;-0,78;-1,362;-0,188
13.04.2026;10:10:00;611;414,559;406;-1,016;460;-0,78;-1,362;-0,188
13.04.2026;10:11:00;612;417,195;406;-1,016;460;-0,78;-1,362;-0,188
13.04.2026;10:12:00;613;417,896;406;-1,016;460;-0,78;-1,362;-0,188
13.04.2026;10:13:00;614;415,265;406;-1,016;460;-0,78;-1,362;-0,188
13.04.2026;10:14:00;615;411,375;406;-1,016;460;-0,78;-1,362;-0,188
13.04.2026;10:15:00;616;415,335;406;-1,016;460;-0,78;-1,362;-0,188
13.04.2026;10:16:00;617;410,675;406;-1,016;460;-0,78;-1,362;-0,188
13.04.2026;10:17:00;618;409,141;406;-1,016;460;-0,78;-1,362;-0,188
13.04.2026;10:18:00;619;409,211;406;-1,016;460;-0,78;-1,362;-0,188
13.04.2026;10:19:00;620;409,213;406;-1,016;460;-0,78;-1,362;-0,188
13.04.2026;10:20:00;621;407,739;406;-1,016;460;-0,78;-1,362;-0,188
13.04.2026;10:21:00;622;409,858;406;-1,016;460;-0,78;-1,362;-0,188
13.04.2026;10:22:00;623;411,628;406;-1,016;460;-0,78;-1,362;-0,188
13.04.2026;10:23:00;624;410,89;406;-1,016;460;-0,78;-1,362;-0,188
13.04.2026;10:24:00;625;406,881;406;-1,016;460;-0,78;-1,362;-0,188
13.04.2026;10:25:00;626;408,581;406;-1,016;460;-0,78;-1,362;-0,188
13.04.2026;10:26:00;627;407,608;406;-1,016;460;-0,78;-1,362;-0,188
13.04.2026;10:27:00;628;408,514;406;-1,016;460;-0,78;-1,362;-0,188
13.04.2026;10:28:00;629;410,799;406;-1,016;460;-0,78;-1,362;-0,188
13.04.2026;10:29:00;630;409,059;406;-1,016;460;-0,78;-1,362;-0,207
13.04.2026;10:30:00;631;409,819;406;-1,016;460;-0,78;-1,362;-0,207
13.04.2026;10:31:00;632;406,878;406;-1,016;460;-0,78;-1,362;-0,207
13.04.2026;10:32:00;633;406,561;406;-1,011;460;-0,78;-1,362;-0,207
13.04.2026;10:33:00;634;408,429;406;-1,011;460;-0,78;-1,362;-0,207
13.04.2026;10:34:00;635;406,886;406;-1,011;460;-0,78;-1,362;-0,207
13.04.2026;10:35:00;636;405,151;406;-1,011;460;-0,78;-1,362;-0,207
13.04.2026;10:36:00;637;406,567;406;-1,011;460;-0,78;-1,362;-0,207
13.04.2026;10:37:00;638;408,739;406;-1,011;460;-0,78;-1,362;-0,207
13.04.2026;10:38:00;639;409,157;406;-1,011;460;-0,78;-1,362;-0,207
13.04.2026;10:39:00;640;410,891;406;-1,011;460;-0,78;-1,362;-0,207
13.04.2026;10:40:00;641;411,576;406;-1,011;460;-0,78;-1,362;-0,207
13.04.2026;10:41:00;642;410,459;406;-1,011;460;-0,78;-1,362;-0,207
13.04.2026;10:42:00;643;408,171;406;-1,011;460;-0,78;-1,362;-0,207
13.04.2026;10:43:00;644;409,05;406;-1,011;460;-0,78;-1,362;-0,207
13.04.2026;10:44:00;645;408,053;406;-1,011;460;-0,78;-1,362;-0,207
13.04.2026;10:45:00;646;405,083;406;-1,011;460;-0,78;-1,362;-0,207
13.04.2026;10:46:00;647;404,545;406;-1,011;460;-0,78;-1,362;-0,207
13.04.2026;10:47:00;648;405,25;406;-1,011;460;-0,78;-1,362;-0,207
13.04.2026;10:48:00;649;410,092;406;-1,011;460;-0,78;-1,362;-0,207
13.04.2026;10:49:00;650;410,345;406;-1,011;460;-0,78;-1,362;-0,207
13.04.2026;10:50:00;651;410,697;406;-1,011;460;-0,78;-1,362;-0,207
13.04.2026;10:51:00;652;408,136;406;-1,011;460;-0,78;-1,362;-0,207
13.04.2026;10:52:00;653;407,701;406;-1,011;460;-0,78;-1,362;-0,207
13.04.2026;10:53:00;654;407,325;406;-1,011;460;-0,78;-1,362;-0,207
13.04.2026;10:54:00;655;407,119;406;-1,011;460;-0,78;-1,362;-0,207
13.04.2026;10:55:00;656;409,781;406;-1,011;460;-0,78;-1,362;-0,207
13.04.2026;10:56:00;657;409,699;406;-1,011;460;-0,78;-1,362;-0,207
13.04.2026;10:57:00;658;410,371;406;-1,011;460;-0,78;-1,362;-0,207
13.04.2026;10:58:00;659;413,032;406;-1,011;460;-0,78;-1,362;-0,207
13.04.2026;10:59:00;660;412,566;406;-1,011;460;-0,78;-1,362;-0,207
13.04.2026;11:00:00;661;412,683;406;-1,011;460;-0,78;-1,362;-0,207
13.04.2026;11:01:00;662;411,752;406;-1,011;460;-0,78;-1,362;-0,207
13.04.2026;11:02:00;663;409,457;406;-1,011;460;-0,78;-1,362;-0,207
13.04.2026;11:03:00;664;408,387;406;-1,011;460;-0,78;-1,362;-0,207
13.04.2026;11:04:00;665;408,991;406;-1,011;460;-0,78;-1,362;-0,207
13.04.2026;11:05:00;666;407,832;406;-1,011;460;-0,78;-1,362;-0,207
13.04.2026;11:06:00;667;403,452;406;-1,011;460;-0,78;-1,362;-0,207
13.04.2026;11:07:00;668;406,888;406;-1,011;460;-0,78;-1,362;-0,207
13.04.2026;11:08:00;669;408,099;406;-1,011;460;-0,78;-1,362;-0,207
13.04.2026;11:09:00;670;407,99;406;-1,011;460;-0,78;-1,362;-0,207
13.04.2026;11:10:00;671;407,892;406;-1,011;460;-0,78;-1,362;-0,207
13.04.2026;11:11:00;672;404,874;406;-1,011;460;-0,78;-1,362;-0,207
13.04.2026;11:12:00;673;404,896;406;-1,011;460;-0,78;-1,362;-0,207
13.04.2026;11:13:00;674;408,87;406;-1,011;460;-0,78;-1,362;-0,207
13.04.2026;11:14:00;675;409,904;406;-1,011;460;-0,78;-1,362;-0,207
13.04.2026;11:15:00;676;408,423;406;-1,011;460;-0,78;-1,362;-0,207
13.04.2026;11:16:00;677;402,083;406;-1,011;460;-0,78;-1,362;-0,207
13.04.2026;11:17:00;678;403,991;406;-1,011;460;-0,78;-1,362;-0,207
13.04.2026;11:18:00;679;400,805;406;-1,011;460;-0,78;-1,362;-0,207
13.04.2026;11:19:00;680;408,744;406;-1,011;460;-0,78;-1,362;-0,207
13.04.2026;11:20:00;681;412,371;406;-1,011;460;-0,78;-1,362;-0,207
13.04.2026;11:21:00;682;412,45;406;-1,011;460;-0,78;-1,362;-0,207
13.04.2026;11:22:00;683;410,007;406;-1,011;460;-0,78;-1,362;-0,207
13.04.2026;11:23:00;684;409,383;406;-1,011;460;-0,78;-1,362;-0,207
13.04.2026;11:24:00;685;405,46;406;-1,011;460;-0,78;-1,362;-0,207
13.04.2026;11:25:00;686;409,633;406;-1,011;460;-0,78;-1,362;-0,207
13.04.2026;11:26:00;687;411,051;406;-1,011;460;-0,78;-1,362;-0,207
13.04.2026;11:27:00;688;408,977;406;-1,011;460;-0,78;-1,362;-0,207
13.04.2026;11:28:00;689;410,481;406;-1,011;460;-0,78;-1,362;-0,207
13.04.2026;11:29:00;690;410,675;406;-1,011;460;-0,78;-1,362;-0,15
13.04.2026;11:30:00;691;411,19;406;-1,011;460;-0,78;-1,362;-0,15
13.04.2026;11:31:00;692;409,582;406;-1,011;460;-0,78;-1,362;-0,15
13.04.2026;11:32:00;693;411,966;406;-1,063;460;-0,78;-1,362;-0,15
13.04.2026;11:33:00;694;411,2;406;-1,063;460;-0,78;-1,362;-0,15
13.04.2026;11:34:00;695;413,218;406;-1,063;460;-0,78;-1,362;-0,15
13.04.2026;11:35:00;696;412,096;406;-1,063;460;-0,78;-1,362;-0,15
13.04.2026;11:36:00;697;412,297;406;-1,063;460;-0,78;-1,362;-0,15
13.04.2026;11:37:00;698;412,156;406;-1,063;460;-0,78;-1,362;-0,15
13.04.2026;11:38:00;699;412,258;406;-1,063;460;-0,78;-1,362;-0,15
13.04.2026;11:39:00;700;411,126;406;-1,063;460;-0,78;-1,362;-0,15
13.04.2026;11:40:00;701;412,179;406;-1,063;460;-0,78;-1,362;-0,15
13.04.2026;11:41:00;702;412,836;406;-1,063;460;-0,78;-1,362;-0,15
13.04.2026;11:42:00;703;411,38;406;-1,063;460;-0,78;-1,362;-0,15
13.04.2026;11:43:00;704;412,556;406;-1,063;460;-0,78;-1,362;-0,15
13.04.2026;11:44:00;705;413,128;406;-1,063;460;-0,78;-1,362;-0,15
13.04.2026;11:45:00;706;413,289;406;-1,063;460;-0,78;-1,362;-0,15
13.04.2026;11:46:00;707;413,201;406;-1,063;460;-0,78;-1,362;-0,15
13.04.2026;11:47:00;708;413,25;406;-1,063;460;-0,78;-1,362;-0,15
13.04.2026;11:48:00;709;412,955;406;-1,063;460;-0,78;-1,362;-0,15
13.04.2026;11:49:00;710;412,907;406;-1,063;460;-0,78;-1,362;-0,15
13.04.2026;11:50:00;711;412,678;406;-1,063;460;-0,78;-1,362;-0,15
13.04.2026;11:51:00;712;411,824;406;-1,063;460;-0,78;-1,362;-0,15
13.04.2026;11:52:00;713;411,815;406;-1,063;460;-0,78;-1,362;-0,15
13.04.2026;11:53:00;714;411,881;406;-1,063;460;-0,78;-1,362;-0,15
13.04.2026;11:54:00;715;412,106;406;-1,063;460;-0,78;-1,362;-0,15
13.04.2026;11:55:00;716;414,234;406;-1,063;460;-0,78;-1,362;-0,15
13.04.2026;11:56:00;717;414,191;406;-1,063;460;-0,78;-1,362;-0,15
13.04.2026;11:57:00;718;413,993;406;-1,063;460;-0,78;-1,362;-0,15
13.04.2026;11:58:00;719;416,024;406;-1,063;460;-0,78;-1,362;-0,15
13.04.2026;11:59:00;720;415,816;406;-1,063;460;-0,78;-1,362;-0,15
13.04.2026;12:00:00;721;417,235;406;-1,063;460;-0,78;-1,362;-0,15
13.04.2026;12:01:00;722;413,8;406;-1,063;460;-0,78;-1,362;-0,15
13.04.2026;12:02:00;723;408,836;406;-1,063;460;-0,78;-1,362;-0,15
13.04.2026;12:03:00;724;413,176;406;-1,063;460;-0,78;-1,362;-0,15
13.04.2026;12:04:00;725;411,395;406;-1,063;460;-0,78;-1,362;-0,15
13.04.2026;12:05:00;726;408,302;406;-1,063;460;-0,78;-1,362;-0,15
13.04.2026;12:06:00;727;412,496;406;-1,063;460;-0,78;-1,362;-0,15
13.04.2026;12:07:00;728;413,114;406;-1,063;460;-0,78;-1,362;-0,15
13.04.2026;12:08:00;729;413,524;406;-1,063;460;-0,78;-1,362;-0,15
13.04.2026;12:09:00;730;412,97;406;-1,063;460;-0,78;-1,362;-0,15
13.04.2026;12:10:00;731;412,282;406;-1,063;460;-0,78;-1,362;-0,15
13.04.2026;12:11:00;732;410,389;406;-1,063;460;-0,78;-1,362;-0,15
13.04.2026;12:12:00;733;411,803;406;-1,063;460;-0,78;-1,362;-0,15
13.04.2026;12:13:00;734;413,28;406;-1,063;460;-0,78;-1,362;-0,15
13.04.2026;12:14:00;735;410,614;406;-1,063;460;-0,78;-1,362;-0,15
13.04.2026;12:15:00;736;409,685;406;-1,063;460;-0,78;-1,362;-0,15
13.04.2026;12:16:00;737;410,026;406;-1,063;460;-0,78;-1,362;-0,15
13.04.2026;12:17:00;738;410,954;406;-1,063;460;-0,78;-1,362;-0,15
13.04.2026;12:18:00;739;409,797;406;-1,063;460;-0,78;-1,362;-0,15
13.04.2026;12:19:00;740;410,379;406;-1,063;460;-0,78;-1,362;-0,15
13.04.2026;12:20:00;741;410,236;406;-1,063;460;-0,78;-1,362;-0,15
13.04.2026;12:21:00;742;412,26;406;-1,063;460;-0,78;-1,362;-0,15
13.04.2026;12:22:00;743;414,367;406;-1,063;460;-0,78;-1,362;-0,15
13.04.2026;12:23:00;744;415,951;406;-1,063;460;-0,78;-1,362;-0,15
13.04.2026;12:24:00;745;415,989;406;-1,063;460;-0,78;-1,362;-0,15
13.04.2026;12:25:00;746;414,721;406;-1,063;460;-0,78;-1,362;-0,15
13.04.2026;12:26:00;747;413,469;406;-1,063;460;-0,78;-1,362;-0,15
13.04.2026;12:27:00;748;414,358;406;-1,063;460;-0,78;-1,362;-0,15
13.04.2026;12:28:00;749;415,554;406;-1,063;460;-0,78;-1,362;-0,15
13.04.2026;12:29:00;750;417,608;406;-1,063;460;-0,78;-1,362;-0,341
13.04.2026;12:30:00;751;419,352;406;-1,063;460;-0,78;-1,362;-0,341
13.04.2026;12:31:00;752;417,02;406;-1,063;460;-0,78;-1,362;-0,341
13.04.2026;12:32:00;753;418,399;406;-1,104;460;-0,78;-1,362;-0,341
13.04.2026;12:33:00;754;418,126;406;-1,104;460;-0,78;-1,362;-0,341
13.04.2026;12:34:00;755;418,682;406;-1,104;460;-0,78;-1,362;-0,341
13.04.2026;12:35:00;756;415,575;406;-1,104;460;-0,78;-1,362;-0,341
13.04.2026;12:36:00;757;415,146;406;-1,104;460;-0,78;-1,362;-0,341
13.04.2026;12:37:00;758;416,561;406;-1,104;460;-0,78;-1,362;-0,341
13.04.2026;12:38:00;759;415,333;406;-1,104;460;-0,78;-1,362;-0,341
13.04.2026;12:39:00;760;415,309;406;-1,104;460;-0,78;-1,362;-0,341
13.04.2026;12:40:00;761;416,827;406;-1,104;460;-0,78;-1,362;-0,341
13.04.2026;12:41:00;762;418,301;406;-1,104;460;-0,78;-1,362;-0,341
13.04.2026;12:42:00;763;418,653;406;-1,104;460;-0,78;-1,362;-0,341
13.04.2026;12:43:00;764;417,696;406;-1,104;460;-0,78;-1,362;-0,341
13.04.2026;12:44:00;765;414,796;406;-1,104;460;-0,78;-1,362;-0,341
13.04.2026;12:45:00;766;413,057;406;-1,104;460;-0,78;-1,362;-0,341
13.04.2026;12:46:00;767;412,448;406;-1,104;460;-0,78;-1,362;-0,341
13.04.2026;12:47:00;768;414,111;406;-1,104;460;-0,78;-1,362;-0,341
13.04.2026;12:48:00;769;416,137;406;-1,104;460;-0,78;-1,362;-0,341
13.04.2026;12:49:00;770;417,048;406;-1,104;460;-0,78;-1,362;-0,341
13.04.2026;12:50:00;771;413,09;406;-1,104;460;-0,78;-1,362;-0,341
13.04.2026;12:51:00;772;411,506;406;-1,104;460;-0,78;-1,362;-0,341
13.04.2026;12:52:00;773;414,891;406;-1,104;460;-0,78;-1,362;-0,341
13.04.2026;12:53:00;774;416,367;406;-1,104;460;-0,78;-1,362;-0,341
13.04.2026;12:54:00;775;414,494;406;-1,104;460;-0,78;-1,362;-0,341
13.04.2026;12:55:00;776;414,199;406;-1,104;460;-0,78;-1,362;-0,341
13.04.2026;12:56:00;777;414,759;406;-1,104;460;-0,78;-1,362;-0,341
13.04.2026;12:57:00;778;415,047;406;-1,104;460;-0,78;-1,362;-0,341
13.04.2026;12:58:00;779;414,915;406;-1,104;460;-0,78;-1,362;-0,341
13.04.2026;12:59:00;780;415,771;406;-1,104;460;-0,78;-1,362;-0,341
13.04.2026;13:00:00;781;416,235;406;-1,104;460;-0,78;-1,362;-0,341
13.04.2026;13:01:00;782;416,245;406;-1,104;460;-0,78;-1,362;-0,341
13.04.2026;13:02:00;783;415,215;406;-1,104;460;-0,78;-1,362;-0,341
13.04.2026;13:03:00;784;412,367;406;-1,104;460;-0,78;-1,362;-0,341
13.04.2026;13:04:00;785;412,651;406;-1,104;460;-0,78;-1,362;-0,341
13.04.2026;13:05:00;786;412,873;406;-1,104;460;-0,78;-1,362;-0,341
13.04.2026;13:06:00;787;416,241;406;-1,104;460;-0,78;-1,362;-0,341
13.04.2026;13:07:00;788;415,709;406;-1,104;460;-0,78;-1,362;-0,341
13.04.2026;13:08:00;789;416,14;406;-1,104;460;-0,78;-1,362;-0,341
13.04.2026;13:09:00;790;415,927;406;-1,104;460;-0,78;-1,362;-0,341
13.04.2026;13:10:00;791;414,467;406;-1,104;460;-0,78;-1,362;-0,341
13.04.2026;13:11:00;792;416,328;406;-1,104;460;-0,78;-1,362;-0,341
13.04.2026;13:12:00;793;416,164;406;-1,104;460;-0,78;-1,362;-0,341
13.04.2026;13:13:00;794;417,751;406;-1,104;460;-0,78;-1,362;-0,341
13.04.2026;13:14:00;795;416,446;406;-1,104;460;-0,78;-1,362;-0,341
13.04.2026;13:15:00;796;415,16;406;-1,104;460;-0,78;-1,362;-0,341
13.04.2026;13:16:00;797;413,256;406;-1,104;460;-0,78;-1,362;-0,341
13.04.2026;13:17:00;798;413,345;406;-1,104;460;-0,78;-1,362;-0,341
13.04.2026;13:18:00;799;411,676;406;-1,104;460;-0,78;-1,362;-0,341
13.04.2026;13:19:00;800;411,591;406;-1,104;460;-0,78;-1,362;-0,341
13.04.2026;13:20:00;801;411,541;406;-1,104;460;-0,78;-1,362;-0,341
13.04.2026;13:21:00;802;411,971;406;-1,104;460;-0,78;-1,362;-0,341
13.04.2026;13:22:00;803;412,409;406;-1,104;460;-0,78;-1,362;-0,341
13.04.2026;13:23:00;804;410,747;406;-1,104;460;-0,78;-1,362;-0,341
13.04.2026;13:24:00;805;413,247;406;-1,104;460;-0,78;-1,362;-0,341
13.04.2026;13:25:00;806;415,537;406;-1,104;460;-0,78;-1,362;-0,341
13.04.2026;13:26:00;807;414,089;406;-1,104;460;-0,78;-1,362;-0,341
13.04.2026;13:27:00;808;413,591;406;-1,104;460;-0,78;-1,362;-0,341
13.04.2026;13:28:00;809;411,928;406;-1,104;460;-0,78;-1,362;-0,341
13.04.2026;13:29:00;810;415,609;406;-1,104;460;-0,78;-1,362;-0,188
13.04.2026;13:30:00;811;415,115;406;-1,104;460;-0,78;-1,362;-0,188
13.04.2026;13:31:00;812;412,593;406;-1,104;460;-0,78;-1,362;-0,188
13.04.2026;13:32:00;813;412,793;406;-1,098;460;-0,78;-1,362;-0,188
13.04.2026;13:33:00;814;413,193;406;-1,098;460;-0,78;-1,362;-0,188
13.04.2026;13:34:00;815;413,82;406;-1,098;460;-0,78;-1,362;-0,188
13.04.2026;13:35:00;816;413,844;406;-1,098;460;-0,78;-1,362;-0,188
13.04.2026;13:36:00;817;413,185;406;-1,098;460;-0,78;-1,362;-0,188
13.04.2026;13:37:00;818;414,119;406;-1,098;460;-0,78;-1,362;-0,188
13.04.2026;13:38:00;819;412,84;406;-1,098;460;-0,78;-1,362;-0,188
13.04.2026;13:39:00;820;410,955;406;-1,098;460;-0,78;-1,362;-0,188
13.04.2026;13:40:00;821;411,583;406;-1,098;460;-0,78;-1,362;-0,188
13.04.2026;13:41:00;822;409,349;406;-1,098;460;-0,78;-1,362;-0,188
13.04.2026;13:42:00;823;409,736;406;-1,098;460;-0,78;-1,362;-0,188
13.04.2026;13:43:00;824;414,127;406;-1,098;460;-0,78;-1,362;-0,188
13.04.2026;13:44:00;825;413,271;406;-1,098;460;-0,78;-1,362;-0,188
13.04.2026;13:45:00;826;412,212;406;-1,098;460;-0,78;-1,362;-0,188
13.04.2026;13:46:00;827;411,215;406;-1,098;460;-0,78;-1,362;-0,188
13.04.2026;13:47:00;828;410,552;406;-1,098;460;-0,78;-1,362;-0,188
13.04.2026;13:48:00;829;411,894;406;-1,098;460;-0,78;-1,362;-0,188
13.04.2026;13:49:00;830;412,682;406;-1,098;460;-0,78;-1,362;-0,188
13.04.2026;13:50:00;831;410,979;406;-1,098;460;-0,78;-1,362;-0,188
13.04.2026;13:51:00;832;412,867;406;-1,098;460;-0,78;-1,362;-0,188
13.04.2026;13:52:00;833;413,854;406;-1,098;460;-0,78;-1,362;-0,188
13.04.2026;13:53:00;834;414,074;406;-1,098;460;-0,78;-1,362;-0,188
13.04.2026;13:54:00;835;412,295;406;-1,098;460;-0,78;-1,362;-0,188
13.04.2026;13:55:00;836;412,427;406;-1,098;460;-0,78;-1,362;-0,188
13.04.2026;13:56:00;837;414,435;406;-1,098;460;-0,78;-1,362;-0,188
13.04.2026;13:57:00;838;412,079;406;-1,098;460;-0,78;-1,362;-0,188
13.04.2026;13:58:00;839;412,338;406;-1,098;460;-0,78;-1,362;-0,188
13.04.2026;13:59:00;840;411,885;406;-1,098;460;-0,78;-1,362;-0,188
13.04.2026;14:00:00;841;412,248;406;-1,098;460;-0,78;-1,362;-0,188
13.04.2026;14:01:00;842;411,558;406;-1,098;460;-0,78;-1,362;-0,188
13.04.2026;14:02:00;843;410,99;406;-1,098;460;-0,78;-1,362;-0,188
13.04.2026;14:03:00;844;410,811;406;-1,098;460;-0,78;-1,362;-0,188
13.04.2026;14:04:00;845;413,291;406;-1,098;460;-0,78;-1,362;-0,188
13.04.2026;14:05:00;846;410,879;406;-1,098;460;-0,78;-1,362;-0,188
13.04.2026;14:06:00;847;409,667;406;-1,098;460;-0,78;-1,362;-0,188
13.04.2026;14:07:00;848;410,365;406;-1,098;460;-0,78;-1,362;-0,188
13.04.2026;14:08:00;849;412,582;406;-1,098;460;-0,78;-1,362;-0,188
13.04.2026;14:09:00;850;413,055;406;-1,098;460;-0,78;-1,362;-0,188
13.04.2026;14:10:00;851;412,106;406;-1,098;460;-0,78;-1,362;-0,188
13.04.2026;14:11:00;852;410,905;406;-1,098;460;-0,78;-1,362;-0,188
13.04.2026;14:12:00;853;411,012;406;-1,098;460;-0,78;-1,362;-0,188
13.04.2026;14:13:00;854;409,516;406;-1,098;460;-0,78;-1,362;-0,188
13.04.2026;14:14:00;855;411,017;406;-1,098;460;-0,78;-1,362;-0,188
13.04.2026;14:15:00;856;412,207;406;-1,098;460;-0,78;-1,362;-0,188
13.04.2026;14:16:00;857;411,52;406;-1,098;460;-0,78;-1,362;-0,188
13.04.2026;14:17:00;858;412,068;406;-1,098;460;-0,78;-1,362;-0,188
13.04.2026;14:18:00;859;412,182;406;-1,098;460;-0,78;-1,362;-0,188
13.04.2026;14:19:00;860;411,964;406;-1,098;460;-0,78;-1,362;-0,188
13.04.2026;14:20:00;861;410,982;406;-1,098;460;-0,78;-1,362;-0,188
13.04.2026;14:21:00;862;410,383;406;-1,098;460;-0,78;-1,362;-0,188
13.04.2026;14:22:00;863;410,939;406;-1,098;460;-0,78;-1,362;-0,188
13.04.2026;14:23:00;864;410,552;406;-1,098;460;-0,78;-1,362;-0,188
13.04.2026;14:24:00;865;409,977;406;-1,098;460;-0,78;-1,362;-0,188
13.04.2026;14:25:00;866;410,493;406;-1,098;460;-0,78;-1,362;-0,188
13.04.2026;14:26:00;867;411,069;406;-1,098;460;-0,78;-1,362;-0,188
13.04.2026;14:27:00;868;411,96;406;-1,098;460;-0,78;-1,362;-0,188
13.04.2026;14:28:00;869;411,026;406;-1,098;460;-0,78;-1,362;-0,188
13.04.2026;14:29:00;870;410,408;406;-1,098;460;-0,78;-1,362;-0,284
13.04.2026;14:30:00;871;412,85;406;-1,098;460;-0,78;-1,362;-0,284
13.04.2026;14:31:00;872;411,88;406;-1,098;460;-0,78;-1,362;-0,284
13.04.2026;14:32:00;873;411,028;406;-1,057;460;-0,78;-1,362;-0,284
13.04.2026;14:33:00;874;411,948;406;-1,057;460;-0,78;-1,362;-0,284
13.04.2026;14:34:00;875;411,606;406;-1,057;460;-0,78;-1,362;-0,284
13.04.2026;14:35:00;876;412,564;406;-1,057;460;-0,78;-1,362;-0,284
13.04.2026;14:36:00;877;410,455;406;-1,057;460;-0,78;-1,362;-0,284
13.04.2026;14:37:00;878;409,319;406;-1,057;460;-0,78;-1,362;-0,284
13.04.2026;14:38:00;879;413,359;406;-1,057;460;-0,78;-1,362;-0,284
13.04.2026;14:39:00;880;413,831;406;-1,057;460;-0,78;-1,362;-0,284
13.04.2026;14:40:00;881;411,958;406;-1,057;460;-0,78;-1,362;-0,284
13.04.2026;14:41:00;882;413,306;406;-1,057;460;-0,78;-1,362;-0,284
13.04.2026;14:42:00;883;412,274;406;-1,057;460;-0,78;-1,362;-0,284
13.04.2026;14:43:00;884;412,494;406;-1,057;460;-0,78;-1,362;-0,284
13.04.2026;14:44:00;885;413,226;406;-1,057;460;-0,78;-1,362;-0,284
13.04.2026;14:45:00;886;413,636;406;-1,057;460;-0,78;-1,362;-0,284
13.04.2026;14:46:00;887;413,032;406;-1,057;460;-0,78;-1,362;-0,284
13.04.2026;14:47:00;888;411,031;406;-1,057;460;-0,78;-1,362;-0,284
13.04.2026;14:48:00;889;408,845;406;-1,057;460;-0,78;-1,362;-0,284
13.04.2026;14:49:00;890;412,343;406;-1,057;460;-0,78;-1,362;-0,284
13.04.2026;14:50:00;891;411,644;406;-1,057;460;-0,78;-1,362;-0,284
13.04.2026;14:51:00;892;412,5;406;-1,057;460;-0,78;-1,362;-0,284
13.04.2026;14:52:00;893;412,572;406;-1,057;460;-0,78;-1,362;-0,284
13.04.2026;14:53:00;894;413,416;406;-1,057;460;-0,78;-1,362;-0,284
13.04.2026;14:54:00;895;411,933;406;-1,057;460;-0,78;-1,362;-0,284
13.04.2026;14:55:00;896;414,807;406;-1,057;460;-0,78;-1,362;-0,284
13.04.2026;14:56:00;897;412,707;406;-1,057;460;-0,78;-1,362;-0,284
13.04.2026;14:57:00;898;413,582;406;-1,057;460;-0,78;-1,362;-0,284
13.04.2026;14:58:00;899;417,431;406;-1,057;460;-0,78;-1,362;-0,284
13.04.2026;14:59:00;900;416,488;406;-1,057;460;-0,78;-1,362;-0,284
13.04.2026;15:00:00;901;414,28;406;-1,057;460;-0,78;-1,362;-0,284
13.04.2026;15:01:00;902;414,208;406;-1,057;460;-0,78;-1,362;-0,284
13.04.2026;15:02:00;903;414,045;406;-1,057;460;-0,78;-1,362;-0,284
13.04.2026;15:03:00;904;413,033;406;-1,057;460;-0,78;-1,362;-0,284
13.04.2026;15:04:00;905;413,018;406;-1,057;460;-0,78;-1,362;-0,284
13.04.2026;15:05:00;906;415,646;406;-1,057;460;-0,78;-1,362;-0,284
13.04.2026;15:06:00;907;413,384;406;-1,057;460;-0,78;-1,362;-0,284
13.04.2026;15:07:00;908;413,676;406;-1,057;460;-0,78;-1,362;-0,284
13.04.2026;15:08:00;909;413,842;406;-1,057;460;-0,78;-1,362;-0,284
13.04.2026;15:09:00;910;413,281;406;-1,057;460;-0,78;-1,362;-0,284
13.04.2026;15:10:00;911;414,044;406;-1,057;460;-0,78;-1,362;-0,284
13.04.2026;15:11:00;912;414,417;406;-1,057;460;-0,78;-1,362;-0,284
13.04.2026;15:12:00;913;412,617;406;-0,812;460;-0,78;-1,362;-0,284
13.04.2026;15:13:00;914;412,95;406;0,161;460;-3,982;-1,362;-0,284
13.04.2026;15:14:00;915;414,782;406;2,015;460;-7,379;-1,362;-0,284
13.04.2026;15:15:00;916;414,867;406;2,928;460;-10,581;-1,362;-0,284
13.04.2026;15:16:00;917;413,707;406;2,928;460;-10,581;-1,362;-0,284
13.04.2026;15:17:00;918;412,222;406;-1,104;460;-2,672;-1,362;-0,284
13.04.2026;15:18:00;919;413,335;406;-1,104;460;-2,672;-1,362;-0,284
13.04.2026;15:19:00;920;413,097;406;-5,605;460;4,606;-1,362;-0,284
13.04.2026;15:20:00;921;412,98;406;-4,447;460;4,606;-1,362;-0,284
13.04.2026;15:21:00;922;411,445;406;2,16;460;4,606;-1,362;-0,284
13.04.2026;15:22:00;923;409,73;406;10,198;460;4,606;-1,362;-0,284
13.04.2026;15:23:00;924;409,176;406;16,969;460;4,606;-1,362;-0,284
13.04.2026;15:24:00;925;408,836;406;19,949;460;4,606;-1,362;-0,284
13.04.2026;15:25:00;926;412,799;406;-3,901;460;4,606;-1,362;-0,284
13.04.2026;15:26:00;927;412,628;406;-1,016;460;4,606;-1,362;-0,284
13.04.2026;15:27:00;928;411,404;406;3,086;460;4,606;-1,362;-0,284
13.04.2026;15:28:00;929;411,974;406;1,032;460;4,606;-1,362;-0,284
13.04.2026;15:29:00;930;413,481;406;-5,523;460;4,606;-1,362;-0,303
13.04.2026;15:30:00;931;414,859;406;-12,447;460;4,606;-1,362;-0,303
13.04.2026;15:31:00;932;414,846;406;-17,656;460;4,606;-1,362;-0,303
13.04.2026;15:32:00;933;414,389;406;-13,102;460;4,606;-1,362;-0,303
13.04.2026;15:33:00;934;416,17;406;-21,174;460;4,606;-1,362;-0,303
13.04.2026;15:34:00;935;415,175;406;-17,574;460;4,606;-1,362;-0,303
13.04.2026;15:35:00;936;415,37;406;-17,23;460;4,606;-1,362;-0,303
13.04.2026;15:36:00;937;413,927;406;-10,229;460;4,703;-1,362;-0,303
13.04.2026;15:37:00;938;413,59;406;-8,11;460;4,703;-1,362;-0,303
13.04.2026;15:38:00;939;409,469;406;13,563;460;4,703;-1,362;-0,303
13.04.2026;15:39:00;940;414,37;406;-10,942;460;4,703;-1,362;-0,303
13.04.2026;15:40:00;941;413,651;406;-3,802;460;4,703;-1,362;-0,303
13.04.2026;15:41:00;942;413,651;406;-7,121;460;4,703;-1,362;-0,303
13.04.2026;15:42:00;943;413,836;406;-8,934;460;4,703;-1,362;-0,303
13.04.2026;15:43:00;944;413,231;406;-9,789;460;4,703;-1,362;-0,303
13.04.2026;15:44:00;945;412,585;406;-1,063;460;4,703;-1,362;-0,303
13.04.2026;15:45:00;946;412,458;406;-1,847;460;4,703;-1,362;-0,303
13.04.2026;15:46:00;947;415,574;406;-19,013;460;4,703;-1,362;-0,303
13.04.2026;15:47:00;948;415,381;406;-16,708;460;4,703;-1,362;-0,303
13.04.2026;15:48:00;949;414,059;406;-9,912;460;4,703;-1,362;-0,303
13.04.2026;15:49:00;950;412,213;406;-1,513;460;4,703;-1,362;-0,303
13.04.2026;15:50:00;951;411,657;406;2,952;460;4,703;-1,362;-0,303
13.04.2026;15:51:00;952;410,917;406;7,628;460;4,703;-1,362;-0,303
13.04.2026;15:52:00;953;410,747;406;8,494;460;4,703;-1,362;-0,303
13.04.2026;15:53:00;954;411,486;406;1,242;460;4,703;-1,362;-0,303
13.04.2026;15:54:00;955;410,863;406;10,772;460;4,703;-1,362;-0,303
13.04.2026;15:55:00;956;408,759;406;17,865;460;4,703;-1,362;-0,303
13.04.2026;15:56:00;957;412,101;406;1,611;460;4,703;-1,362;-0,303
13.04.2026;15:57:00;958;412,361;406;-1,841;460;4,703;-1,362;-0,303
13.04.2026;15:58:00;959;410,21;406;9,466;460;4,703;-1,362;-0,303
13.04.2026;15:59:00;960;408,872;406;19,826;460;4,703;-1,362;-0,303
13.04.2026;16:00:00;961;409,187;406;16,39;428;4,703;-1,362;-0,303
13.04.2026;16:01:00;962;407,493;406;28,845;428;4,703;-1,362;-0,303
13.04.2026;16:02:00;963;413,885;406;-8,126;428;4,703;-1,362;-0,303
13.04.2026;16:03:00;964;411,389;406;3,239;428;4,703;-1,362;-0,303
13.04.2026;16:04:00;965;411,75;406;5,001;428;4,703;-1,362;-0,303
13.04.2026;16:05:00;966;412,497;406;-1,948;428;4,703;-1,362;-0,303
13.04.2026;16:06:00;967;412,857;406;-2,251;428;4,703;-1,362;-0,303
13.04.2026;16:07:00;968;411,54;406;3,766;428;4,703;-1,362;-0,303
13.04.2026;16:08:00;969;411,767;406;1,114;428;4,703;-1,362;-0,303
13.04.2026;16:09:00;970;411,808;406;2,272;428;4,703;-1,362;-0,303
13.04.2026;16:10:00;971;410,14;406;10,122;428;4,703;-1,362;-0,303
13.04.2026;16:11:00;972;408,29;406;15,699;428;4,703;-1,362;-0,303
13.04.2026;16:12:00;973;407,827;406;24,825;428;4,703;-1,362;-0,303
13.04.2026;16:13:00;974;410,741;406;10,204;428;4,703;-1,362;-0,303
13.04.2026;16:14:00;975;409,648;406;17,994;428;4,703;-1,362;-0,303
13.04.2026;16:15:00;976;406,944;406;29,025;428;4,703;-1,362;-0,303
13.04.2026;16:16:00;977;406,954;406;26,059;428;4,703;-1,362;-0,303
13.04.2026;16:17:00;978;408,122;406;22,448;428;4,703;-1,362;-0,303
13.04.2026;16:18:00;979;408,598;406;20,001;428;16,058;-1,362;-0,303
13.04.2026;16:19:00;980;407,198;406;29,209;428;26,684;-1,362;-0,303
13.04.2026;16:20:00;981;406,669;406;32,549;428;48,277;-4,564;-0,303
13.04.2026;16:21:00;982;407,076;406;37,337;428;59,001;-7,864;-0,303
13.04.2026;16:22:00;983;404,795;406;49,524;428;59,001;-11,066;-0,303
13.04.2026;16:23:00;984;402,74;406;55,317;428;59,001;-11,066;-0,303
13.04.2026;16:24:00;985;406,78;406;28,031;428;59,001;-3,448;-0,303
13.04.2026;16:25:00;986;409,01;406;20,113;428;59,001;-3,448;-0,303
13.04.2026;16:26:00;987;406,988;406;23,683;428;59,001;-1,459;-0,303
13.04.2026;16:27:00;988;407,471;406;48,03;428;59,001;10,235;-0,303
13.04.2026;16:28:00;989;408,228;406;39,17;428;59,001;27,267;-0,303
13.04.2026;16:29:00;990;408,5;406;38,577;428;59,001;30,032;-0,188
13.04.2026;16:30:00;991;408,641;406;37,137;428;59,001;30,032;-0,188
13.04.2026;16:31:00;992;406,418;406;59,767;428;59,001;30,032;-0,188
13.04.2026;16:32:00;993;405,321;406;73,093;428;59,001;29,305;-0,188
13.04.2026;16:33:00;994;408,213;406;39,129;428;59,001;29,741;-0,188
13.04.2026;16:34:00;995;409,605;406;29,829;428;59,001;29,741;-0,188
13.04.2026;16:35:00;996;407,388;406;54,4;428;59,001;29,741;-0,188
13.04.2026;16:36:00;997;405,575;406;71,05;428;59,001;29,062;-0,188
13.04.2026;16:37:00;998;406,242;406;60,141;428;59,001;29,062;-0,188
13.04.2026;16:38:00;999;405,223;406;71,254;428;59,001;29,062;-0,188
13.04.2026;16:39:00;1000;405,434;406;76,237;428;59,001;29,062;-0,188
13.04.2026;16:40:00;1001;405,356;406;71,986;428;59,001;29,062;-0,188
13.04.2026;16:41:00;1002;405,202;406;69,195;428;59,001;29,062;-0,188
13.04.2026;16:42:00;1003;404,069;406;93,531;428;59,001;29,062;-0,188
13.04.2026;16:43:00;1004;403,921;406;85,302;428;59,001;29,062;-0,188
13.04.2026;16:44:00;1005;404,628;406;80,303;428;59,001;29,062;-0,188
13.04.2026;16:45:00;1006;407,522;406;52,526;428;59,001;29,062;-0,188
13.04.2026;16:46:00;1007;405,283;406;72,478;428;59,001;29,062;-0,188
13.04.2026;16:47:00;1008;404,766;406;84,634;428;59,001;29,062;-0,188
13.04.2026;16:48:00;1009;406,606;406;92,661;428;59,001;29,062;25,3
13.04.2026;16:49:00;1010;405,435;406;102,438;428;59,001;28,48;33,28
13.04.2026;16:50:00;1011;403,276;406;127,472;428;59,001;28,48;42,408
13.04.2026;16:51:00;1012;403,362;406;135,151;428;59,001;28,48;40,341
13.04.2026;16:52:00;1013;403,401;406;136,656;428;59,001;28,48;42,848
13.04.2026;16:53:00;1014;404,506;406;122,303;428;59,001;28,48;41,68
13.04.2026;16:54:00;1015;407,014;406;75,147;428;59,001;28,48;40,13
13.04.2026;16:55:00;1016;405,478;406;98,3;428;59,001;28,48;41,719
13.04.2026;16:56:00;1017;402,264;406;153,567;428;59,001;28,48;39,882
13.04.2026;16:57:00;1018;406,47;406;87,098;428;62,446;28,48;39,786
13.04.2026;16:58:00;1019;404,44;406;120,037;428;58,71;28,48;39,786
13.04.2026;16:59:00;1020;402,128;406;165,386;428;58,71;28,48;39,786
13.04.2026;17:00:00;1021;404,27;410;126,746;431;58,71;28,48;40,934
13.04.2026;17:01:00;1022;407,495;410;66,642;431;58,71;28,48;40,915
13.04.2026;17:02:00;1023;407,536;410;65,086;431;58,71;28,48;42,752
13.04.2026;17:03:00;1024;412,274;410;-11,209;431;58,71;28,48;39,729
13.04.2026;17:04:00;1025;411,793;410;-10,422;431;58,71;28,48;44,13
13.04.2026;17:05:00;1026;412,859;410;-33,945;431;58,71;27,8;43,364
13.04.2026;17:06:00;1027;413,071;410;-29,77;431;58,71;31,003;43,804
13.04.2026;17:07:00;1028;411,638;410;-1,177;431;58,71;27,655;43,747
13.04.2026;17:08:00;1029;411,966;410;-8,589;431;58,71;27,655;43,709
13.04.2026;17:09:00;1030;411,398;410;-3,684;431;58,71;27,655;43,709
13.04.2026;17:10:00;1031;411,068;410;2,872;431;58,71;27,655;43,919
13.04.2026;17:11:00;1032;409,102;410;36,949;431;58,71;27,655;43,919
13.04.2026;17:12:00;1033;409,577;410;35,98;431;58,71;27,655;43,919
13.04.2026;17:13:00;1034;410,673;410;9,028;431;58,71;27,655;43,747
13.04.2026;17:14:00;1035;407,799;410;56,985;431;58,71;27,655;46,541
13.04.2026;17:15:00;1036;409,395;410;30,53;431;58,71;27,655;46,541
13.04.2026;17:16:00;1037;411,052;410;4,66;431;58,71;27,655;45,278
13.04.2026;17:17:00;1038;411,173;410;-2,584;431;58,71;27,655;47,172
13.04.2026;17:18:00;1039;410,603;410;10,707;431;58,71;27,655;46,847
13.04.2026;17:19:00;1040;411,286;410;5,66;431;58,71;27,655;46,847
13.04.2026;17:20:00;1041;409,767;410;21,102;431;58,71;27,655;44,321
13.04.2026;17:21:00;1042;410,256;410;19,538;431;58,71;27,655;55,171
13.04.2026;17:22:00;1043;410,237;410;15,833;431;58,71;30,906;50,272
13.04.2026;17:23:00;1044;409,155;410;35,063;431;58,71;47,792;55,822
13.04.2026;17:24:00;1045;409,654;410;26,052;431;58,71;57,885;76,201
13.04.2026;17:25:00;1046;410,082;410;13,107;431;58,71;57,885;86,132
13.04.2026;17:26:00;1047;411,411;410;-2,215;431;58,71;61,136;104,636
13.04.2026;17:27:00;1048;411,573;410;-2,824;431;58,71;61,136;121,15
13.04.2026;17:28:00;1049;411,216;410;2,303;431;58,71;57,739;126,719
13.04.2026;17:29:00;1050;410,545;410;-8,657;431;65,648;64,678;129,149
13.04.2026;17:30:00;1051;411,293;410;6,156;431;65,648;64,678;131,751
13.04.2026;17:31:00;1052;411,249;410;-2,405;431;65,648;64,678;131,598
13.04.2026;17:32:00;1053;411,939;410;-1,943;431;78,507;79,235;133,914
13.04.2026;17:33:00;1054;411,315;410;-5,561;431;92,967;93,792;138,564
13.04.2026;17:34:00;1055;411,518;410;14,66;431;111,648;110,775;143,654
13.04.2026;17:35:00;1056;409,969;410;32,212;431;125,671;125,089;146,027
13.04.2026;17:36:00;1057;410,426;410;38,577;431;139,597;139,209;151,461
13.04.2026;17:37:00;1058;409,727;410;34,372;431;146,779;146,002;154,312
13.04.2026;17:38:00;1059;409,893;410;23,581;431;157,745;156,095;160,034
13.04.2026;17:39:00;1060;411,418;410;17,951;431;157,745;156,095;164,837
13.04.2026;17:40:00;1061;410,356;410;22,197;431;154,445;152,893;170,176
13.04.2026;17:41:00;1062;410,962;410;23,582;431;157,842;160,025;175,093
13.04.2026;17:42:00;1063;410,775;410;3,076;431;175,99;173,127;180,222
13.04.2026;17:43:00;1064;412,648;410;6,729;431;187,004;187,392;185,006
13.04.2026;17:44:00;1065;411,648;410;7,467;431;187,004;187,392;190,785
13.04.2026;17:45:00;1066;409,604;410;41,459;431;183,462;183,947;196,583
13.04.2026;17:46:00;1067;409,933;410;22,358;431;190,886;191,517;204,715
13.04.2026;17:47:00;1068;410,572;410;32,706;431;190,886;191,517;207,318
13.04.2026;17:48:00;1069;410,246;410;44,632;431;191,177;191,856;212,312
13.04.2026;17:49:00;1070;409,869;410;57,984;431;191,177;191,856;214,704
13.04.2026;17:50:00;1071;412,931;410;6,536;431;195,059;195,205;217,287
13.04.2026;17:51:00;1072;411,723;410;7,291;431;195,059;195,205;219,66
13.04.2026;17:52:00;1073;410,044;410;33,14;431;191,759;191,856;219,66
13.04.2026;17:53:00;1074;410,101;410;44,529;431;191,759;191,856;221,995
13.04.2026;17:54:00;1075;409,183;410;49,156;431;191,759;191,856;221,995
13.04.2026;17:55:00;1076;409,459;410;33,107;431;195,69;195,108;221,995
13.04.2026;17:56:00;1077;410,064;410;18,562;431;181,861;180,502;221,995
13.04.2026;17:57:00;1078;410,126;410;37,229;431;164,247;166,527;219,622
13.04.2026;17:58:00;1079;410,018;410;48,49;431;160,947;159,346;217,249
13.04.2026;17:59:00;1080;410,172;410;12,864;431;143,528;145,08;213,862
13.04.2026;18:00:00;1081;410,759;412;11,989;445;128,631;127,224;208,81
13.04.2026;18:01:00;1082;412,344;412;0,626;445;121,935;120,625;201,405
13.04.2026;18:02:00;1083;410,866;412;7,174;445;125,137;127,369;196,583
13.04.2026;18:03:00;1084;411,734;412;19,982;445;128,388;127,369;191,933
13.04.2026;18:04:00;1085;411,294;412;17,276;445;128,388;127,369;191,78
13.04.2026;18:05:00;1086;411,055;412;26,446;445;128,388;130,718;189,311
13.04.2026;18:06:00;1087;411,139;412;16,632;445;131,834;130,718;186,115
13.04.2026;18:07:00;1088;411,778;412;0,536;445;131,834;133,969;186,115
13.04.2026;18:08:00;1089;411,297;412;21,137;445;131,834;133,969;186,115
13.04.2026;18:09:00;1090;411,227;412;14,969;445;131,834;133,969;183,724
13.04.2026;18:10:00;1091;411,5;412;22,254;445;131,834;133,969;183,724
13.04.2026;18:11:00;1092;411,131;412;8,813;445;135,182;133,969;183,762
13.04.2026;18:12:00;1093;411,457;412;29,949;445;135,182;133,969;183,762
13.04.2026;18:13:00;1094;409,905;412;30,917;445;135,182;133,969;183,762
13.04.2026;18:14:00;1095;410,386;412;25,413;445;131,397;133,969;183,8
13.04.2026;18:15:00;1096;412,111;412;5,694;445;134,696;133,969;183,8
13.04.2026;18:16:00;1097;411,686;412;2,757;445;134,696;133,969;183,8
13.04.2026;18:17:00;1098;412,153;412;10,041;445;134,696;133,969;183,8
13.04.2026;18:18:00;1099;411,159;412;3,658;445;134,696;133,969;183,8
13.04.2026;18:19:00;1100;410,994;412;19,884;445;131,348;133,969;183,8
13.04.2026;18:20:00;1101;411,019;412;24,076;445;131,348;133,969;183,8
13.04.2026;18:21:00;1102;410,428;412;41,875;445;131,348;133,969;183,8
13.04.2026;18:22:00;1103;410,285;412;31,172;445;131,348;133,969;183,8
13.04.2026;18:23:00;1104;408,648;412;52,203;445;131,348;133,969;186,69
13.04.2026;18:24:00;1105;411,168;412;12,941;445;131,348;133,629;184,393
13.04.2026;18:25:00;1106;411,425;412;24,943;445;131,348;133,629;186,69
13.04.2026;18:26:00;1107;411,092;412;16,99;445;131,348;130,329;186,69
13.04.2026;18:27:00;1108;411,432;412;2,491;445;131,348;130,329;186,69
13.04.2026;18:28:00;1109;411,852;412;10,303;445;131,348;130,329;186,69
13.04.2026;18:29:00;1110;411,732;412;8,651;445;131,348;130,329;186,69
13.04.2026;18:30:00;1111;410,754;412;25,361;445;131,348;130,329;186,69
13.04.2026;18:31:00;1112;411,813;412;19,114;445;131,348;130,329;186,69
13.04.2026;18:32:00;1113;412,108;412;12,438;445;131,348;130,329;186,69
13.04.2026;18:33:00;1114;410,983;412;6,245;445;131,348;130,329;186,69
13.04.2026;18:34:00;1115;411,117;412;12,722;445;131,348;130,329;186,69
13.04.2026;18:35:00;1116;411,974;412;13,893;445;131,348;130,329;186,67
13.04.2026;18:36:00;1117;410,754;412;12,184;445;131,348;130,329;189,426
13.04.2026;18:37:00;1118;410,597;412;21,181;445;131,348;130,329;189,426
13.04.2026;18:38:00;1119;411,349;412;4,809;445;131,348;130,329;189,426
13.04.2026;18:39:00;1120;410,537;412;18,797;445;131,348;130,329;189,426
13.04.2026;18:40:00;1121;411,294;412;17,707;445;131,348;130,329;189,426
13.04.2026;18:41:00;1122;410,071;412;20,299;445;131,348;130,329;189,426
13.04.2026;18:42:00;1123;410,574;412;25,467;445;131,348;130,329;189,426
13.04.2026;18:43:00;1124;410,811;412;23,561;445;131,348;130,329;189,426
13.04.2026;18:44:00;1125;409,966;412;37,735;445;131,348;130,329;189,426
13.04.2026;18:45:00;1126;410,842;412;28,676;445;131,348;130,329;189,426
13.04.2026;18:46:00;1127;411,081;412;18,56;445;131,348;130,329;189,426
13.04.2026;18:47:00;1128;410,356;412;26,901;445;131,348;130,329;189,426
13.04.2026;18:48:00;1129;410,344;412;21,06;445;131,348;130,329;189,426
13.04.2026;18:49:00;1130;410,472;412;22,243;445;131,348;130,329;189,426
13.04.2026;18:50:00;1131;410,615;412;28,622;445;131,348;130,329;189,426
13.04.2026;18:51:00;1132;410,345;412;37,539;445;131,348;130,329;189,426
13.04.2026;18:52:00;1133;410,104;412;43,925;445;131,348;130,329;189,426
13.04.2026;18:53:00;1134;410,091;412;51,431;445;131,348;130,329;189,426
13.04.2026;18:54:00;1135;408,73;412;49,464;445;131,348;130,329;189,426
13.04.2026;18:55:00;1136;409,552;412;105,948;445;131,348;130,329;189,426
13.04.2026;18:56:00;1137;409,082;412;116,414;445;131,348;130,329;189,426
13.04.2026;18:57:00;1138;409,659;412;127,882;445;131,348;130,329;189,426
13.04.2026;18:58:00;1139;409,29;412;126,312;445;131,348;130,329;189,426
13.04.2026;18:59:00;1140;409,95;412;112,791;445;131,348;130,329;189,426
13.04.2026;19:00:00;1141;410,662;412;113,023;453;131,348;130,329;189,426
13.04.2026;19:01:00;1142;410,414;412;105,208;453;134,599;133,969;189,426
13.04.2026;19:02:00;1143;410,699;412;112,589;453;134,599;133,969;191,741
13.04.2026;19:03:00;1144;411,801;412;84,46;453;134,599;133,969;191,741
13.04.2026;19:04:00;1145;412,392;412;80,097;453;134,599;133,969;191,741
13.04.2026;19:05:00;1146;412,206;412;80,348;453;130,863;133,969;191,741
13.04.2026;19:06:00;1147;411,786;412;105,384;453;134,066;133,969;191,741
13.04.2026;19:07:00;1148;410,391;412;117,61;453;134,066;133,969;191,741
13.04.2026;19:08:00;1149;410,449;412;104,917;453;134,066;133,969;191,741
13.04.2026;19:09:00;1150;410,967;412;105,476;453;134,066;133,969;191,741
13.04.2026;19:10:00;1151;409,373;412;119,803;453;134,066;133,969;191,741
13.04.2026;19:11:00;1152;408,721;412;124,285;453;134,066;133,969;193,789
13.04.2026;19:12:00;1153;409,112;412;136,766;453;134,066;133,969;193,789
13.04.2026;19:13:00;1154;409,247;412;134,068;453;134,066;133,969;191,741
13.04.2026;19:14:00;1155;409,255;412;141,02;453;134,066;133,969;191,741
13.04.2026;19:15:00;1156;410,578;412;109,089;453;134,066;133,969;191,703
13.04.2026;19:16:00;1157;410,975;412;96,302;453;134,066;133,969;191,703
13.04.2026;19:17:00;1158;409,287;412;117,88;453;134,066;133,969;191,703
13.04.2026;19:18:00;1159;409,152;412;136,526;453;134,066;133,969;191,741
13.04.2026;19:19:00;1160;409,209;412;132,968;453;134,066;133,969;194,133
13.04.2026;19:20:00;1161;409,004;412;130,277;453;134,066;133,969;193,827
13.04.2026;19:21:00;1162;408,555;412;120,657;453;137,802;137,608;194,057
13.04.2026;19:22:00;1163;407,162;412;144,197;453;151,777;151,485;194,057
13.04.2026;19:23:00;1164;408,803;412;162,933;453;167,207;165,897;194,535
13.04.2026;19:24:00;1165;407,371;412;164,141;453;182,831;183,122;199,3
13.04.2026;19:25:00;1166;406,331;412;187,346;453;193,264;196,903;205,041
13.04.2026;19:26:00;1167;406,339;412;186,223;453;207,626;207,384;210,59
13.04.2026;19:27:00;1168;408,087;412;181,595;453;221,067;224,464;221,248
13.04.2026;19:28:00;1169;407,927;412;168,326;453;235,09;234,896;228,979
13.04.2026;19:29:00;1170;407,612;412;180,446;453;238,681;239,166;238,681
13.04.2026;19:30:00;1171;407,473;412;167,908;453;252,365;253,481;249,32
13.04.2026;19:31:00;1172;409,77;412;149,4;453;269,008;267,116;258,467
13.04.2026;19:32:00;1173;410,671;412;133,305;453;268,814;267,116;266,332
13.04.2026;19:33:00;1174;410,074;412;164,266;453;276,092;277,985;276,053
13.04.2026;19:34:00;1175;407,522;412;168,041;453;276,092;277,985;286,367
13.04.2026;19:35:00;1176;408,783;412;150,741;453;276,092;277,985;291,705
13.04.2026;19:36:00;1177;408,799;412;165,557;453;276,092;277,985;294,193
13.04.2026;19:37:00;1178;406,958;412;164,339;453;272,55;277,985;296,585
13.04.2026;19:38:00;1179;408,541;412;167,598;453;272,55;277,985;297,102
13.04.2026;19:39:00;1180;410,24;412;200,74;453;273,084;277,985;296,432
13.04.2026;19:40:00;1181;410,651;412;232,944;453;273,084;277,985;296,432
13.04.2026;19:41:00;1182;408,596;412;224,045;453;273,084;277,985;296,432
13.04.2026;19:42:00;1183;409,361;412;242,891;453;273,084;277,985;296,432
13.04.2026;19:43:00;1184;408,44;412;241,711;453;273,084;277,985;296,432
13.04.2026;19:44:00;1185;408,552;412;248,879;453;273,084;277,985;296,432
13.04.2026;19:45:00;1186;410,018;412;321,781;453;273,084;277,985;297,216
13.04.2026;19:46:00;1187;409,721;412;313,247;453;273,084;277,985;297,216
13.04.2026;19:47:00;1188;410,287;412;310,069;453;273,084;277,985;297,216
13.04.2026;19:48:00;1189;410,127;412;304,974;453;273,084;277,985;299,857
13.04.2026;19:49:00;1190;413,762;412;257,853;453;274,006;277,985;299,513
13.04.2026;19:50:00;1191;414,136;412;246,021;453;274,006;277,985;299,513
13.04.2026;19:51:00;1192;412,404;412;206,065;453;274,006;277,985;299,513
13.04.2026;19:52:00;1193;412,474;412;191,299;453;274,006;277,985;302,039
13.04.2026;19:53:00;1194;412,402;412;178,593;453;274,006;277,985;302,039
13.04.2026;19:54:00;1195;413,429;412;189,244;453;274,006;274,588;302
13.04.2026;19:55:00;1196;412,635;412;180,965;453;274,006;274,588;302
13.04.2026;19:56:00;1197;413,304;412;181,08;453;274,006;274,588;302
13.04.2026;19:57:00;1198;412,629;412;177,863;453;274,006;274,588;302
13.04.2026;19:58:00;1199;412,305;412;193,505;453;274,006;274,588;302
13.04.2026;19:59:00;1200;411,458;412;202,851;453;274,006;274,588;302
13.04.2026;20:00:00;1201;412,189;410;117,484;443;272,89;277,839;301,12
13.04.2026;20:01:00;1202;410,205;410;138,376;443;272,89;277,839;301,12
13.04.2026;20:02:00;1203;409,241;410;165,381;443;272,89;277,839;303,397
13.04.2026;20:03:00;1204;409,67;410;172,079;443;272,89;277,839;303,397
13.04.2026;20:04:00;1205;408,884;410;158,893;443;272,89;277,839;303,397
13.04.2026;20:05:00;1206;410,428;410;150,023;443;272,89;277,839;303,397
13.04.2026;20:06:00;1207;410,642;410;156,378;443;272,89;277,839;303,397
13.04.2026;20:07:00;1208;410,725;410;158,557;443;272,89;277,839;303,397
13.04.2026;20:08:00;1209;410,773;410;122,202;443;272,89;277,839;303,397
13.04.2026;20:09:00;1210;412,332;410;135,14;443;272,89;277,839;303,397
13.04.2026;20:10:00;1211;410,136;410;145,15;443;272,89;277,839;303,397
13.04.2026;20:11:00;1212;410,24;410;142,777;443;272,89;277,839;303,397
13.04.2026;20:12:00;1213;411,387;410;148,841;443;272,89;277,839;303,397
13.04.2026;20:13:00;1214;412,166;410;121,374;443;272,89;277,839;303,397
13.04.2026;20:14:00;1215;412,814;410;119,585;443;272,89;277,839;303,397
13.04.2026;20:15:00;1216;411,199;410;120,667;443;272,89;277,839;303,397
13.04.2026;20:16:00;1217;408,927;410;82,715;443;272,89;277,305;303,397
13.04.2026;20:17:00;1218;409,516;410;81,485;443;272,89;277,305;303,397
13.04.2026;20:18:00;1219;410,21;410;78,933;443;272,89;277,305;303,397
13.04.2026;20:19:00;1220;409,427;410;65,868;443;272,89;277,305;303,397
13.04.2026;20:20:00;1221;409,175;410;79,162;443;272,89;277,305;303,397
13.04.2026;20:21:00;1222;408,563;410;81,092;443;272,89;277,305;303,397
13.04.2026;20:22:00;1223;408,454;410;93,872;443;272,89;277,305;303,397
13.04.2026;20:23:00;1224;409,124;410;77,067;443;272,89;277,305;303,397
13.04.2026;20:24:00;1225;409,019;410;84,685;443;272,89;277,305;303,397
13.04.2026;20:25:00;1226;409,067;410;88,23;443;272,89;277,305;303,397
13.04.2026;20:26:00;1227;409,073;410;80,474;443;272,89;277,305;303,397
13.04.2026;20:27:00;1228;408,082;410;90,532;443;272,89;277,305;303,397
13.04.2026;20:28:00;1229;409,68;410;84,984;443;272,89;277,305;303,397
13.04.2026;20:29:00;1230;409,588;410;66,479;443;272,89;277,305;303,397
13.04.2026;20:30:00;1231;408,438;410;87,432;443;272,89;277,305;303,627
13.04.2026;20:31:00;1232;409,509;410;88,853;443;272,89;277,305;303,627
13.04.2026;20:32:00;1233;409,498;410;76,066;443;272,89;277,305;303,627
13.04.2026;20:33:00;1234;409,608;410;64,691;443;272,89;277,305;303,627
13.04.2026;20:34:00;1235;410,484;410;71,902;443;272,89;277,305;303,627
13.04.2026;20:35:00;1236;408,897;410;87,594;443;272,89;277,305;303,627
13.04.2026;20:36:00;1237;409,787;410;83,195;443;272,89;277,305;303,627
13.04.2026;20:37:00;1238;410,18;410;62,897;443;272,89;277,305;303,627
13.04.2026;20:38:00;1239;410,461;410;46,79;443;272,89;277,305;303,627
13.04.2026;20:39:00;1240;410,487;410;64,402;443;272,89;277,305;303,627
13.04.2026;20:40:00;1241;410,685;410;42,052;443;272,89;277,305;303,627
13.04.2026;20:41:00;1242;411,161;410;71,796;443;272,89;277,305;303,627
13.04.2026;20:42:00;1243;409,881;410;77,653;443;272,89;277,305;303,627
13.04.2026;20:43:00;1244;410,278;410;60,235;443;272,89;277,305;303,627
13.04.2026;20:44:00;1245;410,084;410;52,568;443;272,89;277,305;303,627
13.04.2026;20:45:00;1246;410,749;410;65,035;443;272,89;277,305;303,627
13.04.2026;20:46:00;1247;410,403;410;60,524;443;272,89;277,305;303,627
13.04.2026;20:47:00;1248;410,975;410;64,331;443;276,141;277,305;303,876
13.04.2026;20:48:00;1249;409,702;410;60,121;443;276,141;277,305;303,876
13.04.2026;20:49:00;1250;411,099;410;53,665;443;276,092;277,305;303,99
13.04.2026;20:50:00;1251;411,061;410;40,26;443;275,898;277,305;303,99
13.04.2026;20:51:00;1252;411,873;410;44,42;443;275,898;277,305;303,99
13.04.2026;20:52:00;1253;410,491;410;59,118;443;275,898;277,305;303,99
13.04.2026;20:53:00;1254;411,065;410;59,495;443;275,898;277,305;303,99
13.04.2026;20:54:00;1255;411,258;410;53,135;443;275,898;277,305;303,99
13.04.2026;20:55:00;1256;410,637;410;55,77;443;275,898;277,305;304,067
13.04.2026;20:56:00;1257;411,522;410;49,145;443;275,898;277,305;306,44
13.04.2026;20:57:00;1258;412,09;410;55,749;443;275,898;277,305;304,105
13.04.2026;20:58:00;1259;411,051;410;34,785;443;275,898;277,305;304,105
13.04.2026;20:59:00;1260;410,83;410;42,661;443;275,898;277,305;304,105
13.04.2026;21:00:00;1261;412,567;408;28,895;445;275,898;277,305;304,163
13.04.2026;21:01:00;1262;410,933;408;42,867;445;275,898;277,305;306,325
13.04.2026;21:02:00;1263;408,851;408;-3,551;445;275,898;277,839;304,316
13.04.2026;21:03:00;1264;409,69;408;-15,613;445;275,898;277,839;304,316
13.04.2026;21:04:00;1265;410,052;408;-12,291;445;275,898;277,839;304,316
13.04.2026;21:05:00;1266;409,438;408;-0,095;445;275,898;277,839;304,45
13.04.2026;21:06:00;1267;409,956;408;-10,355;445;275,898;277,839;304,277
13.04.2026;21:07:00;1268;409,41;408;-13,123;445;275,898;277,839;304,277
13.04.2026;21:08:00;1269;408,269;408;-4,325;445;275,898;277,839;304,277
13.04.2026;21:09:00;1270;408,724;408;-4,968;445;275,898;277,839;304,277
13.04.2026;21:10:00;1271;408,731;408;-8,757;445;275,898;277,839;304,277
13.04.2026;21:11:00;1272;409,152;408;1,625;445;275,898;277,839;304,277
13.04.2026;21:12:00;1273;409,713;408;-8,263;445;275,898;277,839;304,373
13.04.2026;21:13:00;1274;410,139;408;-13,683;445;275,898;277,839;307,033
13.04.2026;21:14:00;1275;409,582;408;-12,248;445;275,898;277,839;304,565
13.04.2026;21:15:00;1276;409,034;408;6,895;445;275,898;281,139;306,937
13.04.2026;21:16:00;1277;408,911;408;1,297;445;275,898;281,139;304,565
13.04.2026;21:17:00;1278;409,136;408;-5,417;445;275,898;281,139;304,622
13.04.2026;21:18:00;1279;408,349;408;-2,575;445;275,898;281,139;304,622
13.04.2026;21:19:00;1280;408,922;408;-24,686;445;275,898;281,139;304,469
13.04.2026;21:20:00;1281;408,569;408;-31,083;445;275,898;281,139;307,129
13.04.2026;21:21:00;1282;406,471;408;-44,484;445;275,898;281,139;306,976
13.04.2026;21:22:00;1283;406,788;408;-52,923;445;275,898;281,139;304,756
13.04.2026;21:23:00;1284;405,615;408;-54,551;445;275,898;281,139;304,756
13.04.2026;21:24:00;1285;406,341;408;-35,899;445;275,898;281,139;304,756
13.04.2026;21:25:00;1286;406,021;408;-53,254;445;275,898;281,139;304,756
13.04.2026;21:26:00;1287;406,833;408;-42,716;445;275,898;281,139;304,756
13.04.2026;21:27:00;1288;406,746;408;-49,77;445;275,898;281,139;304,756
13.04.2026;21:28:00;1289;405,812;408;-54,545;445;275,898;281,139;304,756
13.04.2026;21:29:00;1290;406,1;408;-29,662;445;275,898;281,139;307,129
13.04.2026;21:30:00;1291;405,746;408;-40,945;445;275,898;281,139;304,794
13.04.2026;21:31:00;1292;407,488;408;-67,318;445;275,898;281,139;305,33
13.04.2026;21:32:00;1293;407,96;408;-58,12;445;275,898;281,139;305,33
13.04.2026;21:33:00;1294;406,117;408;-58,454;445;275,898;281,139;305,33
13.04.2026;21:34:00;1295;406,897;408;-66,734;445;264,884;267,552;305,33
13.04.2026;21:35:00;1296;407,854;408;-92,649;445;246,687;250,957;300,45
13.04.2026;21:36:00;1297;408,043;408;-77,896;445;235,867;237,42;295,073
13.04.2026;21:37:00;1298;408,308;408;-88,718;445;222,135;224,027;287,209
13.04.2026;21:38:00;1299;409,143;408;-96,15;445;208,16;210,15;276,761
13.04.2026;21:39:00;1300;408,398;408;-101,061;445;198,31;199,814;266,714
13.04.2026;21:40:00;1301;408,353;408;-106,454;445;183,947;185,354;257,969
13.04.2026;21:41:00;1302;408,439;408;-118,607;445;163,568;167,547;245,34
13.04.2026;21:42:00;1303;407,536;408;-102,056;445;153,717;155,998;237,341
13.04.2026;21:43:00;1304;407,427;408;-105,07;445;146,633;146,099;227,046
13.04.2026;21:44:00;1305;408,527;408;-102,331;445;143,091;142,509;219,737
13.04.2026;21:45:00;1306;406,866;408;-85,234;445;146,293;145,711;212,121
13.04.2026;21:46:00;1307;407,2;408;-87,944;445;149,545;149,011;208,963
13.04.2026;21:47:00;1308;406,512;408;-74,575;445;149,545;149,011;204,352
13.04.2026;21:48:00;1309;407,911;408;-83,088;445;152,99;152,407;204,352
13.04.2026;21:49:00;1310;406,884;408;-84,057;445;152,99;152,407;204,352
13.04.2026;21:50:00;1311;407,394;408;-88,174;445;149,69;152,407;204,352
13.04.2026;21:51:00;1312;408,441;408;-96,053;445;149,69;152,407;207,031
13.04.2026;21:52:00;1313;408,032;408;-103,778;445;149,69;152,407;207,031
13.04.2026;21:53:00;1314;408,289;408;-97,021;445;149,69;149,059;207,031
13.04.2026;21:54:00;1315;409,028;408;-107,923;445;149,69;149,059;207,031
13.04.2026;21:55:00;1316;409,509;408;-124,013;445;149,69;149,059;207,031
13.04.2026;21:56:00;1317;408,818;408;-116,176;445;149,69;149,059;207,031
13.04.2026;21:57:00;1318;408,93;408;-124,881;445;149,69;149,059;207,031
13.04.2026;21:58:00;1319;408,772;408;-118,315;445;149,69;149,059;209,384
13.04.2026;21:59:00;1320;408,185;408;-101,82;445;149,69;149,059;209,384
13.04.2026;22:00:00;1321;407,898;406;-96,782;446;149,69;149,059;209,384
13.04.2026;22:01:00;1322;408;406;-99,941;446;164,198;162,646;209,384
13.04.2026;22:02:00;1323;408,239;406;-95,128;446;164,198;166,091;209,384
13.04.2026;22:03:00;1324;407,424;406;-90,046;446;164,198;162,84;212,312
13.04.2026;22:04:00;1325;407,671;406;-101,995;446;164,198;162,84;215,01
13.04.2026;22:05:00;1326;407,507;406;-107,583;446;164,198;162,84;215,45
13.04.2026;22:06:00;1327;407,794;406;-91,037;446;160,947;162,84;215,45
13.04.2026;22:07:00;1328;408,359;406;-104,144;446;160,947;162,84;215,45
13.04.2026;22:08:00;1329;407,64;406;-95,117;446;160,947;162,84;215,45
13.04.2026;22:09:00;1330;406,467;406;-82,658;446;160,947;162,84;218,378
13.04.2026;22:10:00;1331;406,262;406;-80,081;446;160,947;162,84;217,995
13.04.2026;22:11:00;1332;406,766;406;-91,312;446;160,947;162,84;217,995
13.04.2026;22:12:00;1333;408,357;406;-73,74;446;160,947;162,84;214,991
13.04.2026;22:13:00;1334;407,848;406;-86,238;446;160,947;162,84;217,345
13.04.2026;22:14:00;1335;408,113;406;-99,995;446;160,947;162,84;217,345
13.04.2026;22:15:00;1336;407,943;406;-94,883;446;160,947;162,84;217,345
13.04.2026;22:16:00;1337;407,767;406;-82,017;446;157,163;159,201;217,345
13.04.2026;22:17:00;1338;406,896;406;-75,626;446;139,694;138,918;214,876
13.04.2026;22:18:00;1339;406,527;406;-65,949;446;121,789;123,876;212,561
13.04.2026;22:19:00;1340;407,009;406;-77,919;446;107,281;106,311;210,188
13.04.2026;22:20:00;1341;407,024;406;-80,154;446;92,53;92,773;205,213
13.04.2026;22:21:00;1342;407,014;406;-92,72;446;77,342;77,051;200,065
13.04.2026;22:22:00;1343;408,344;406;-34,472;446;63,271;63,465;192,143
13.04.2026;22:23:00;1344;408,547;406;-26,309;446;46,142;45,22;184,546
13.04.2026;22:24:00;1345;409,307;406;-33,044;446;35,564;34,448;174,634
13.04.2026;22:25:00;1346;408,72;406;-28,896;446;35,564;34,448;166,731
13.04.2026;22:26:00;1347;407,737;406;-14,642;446;32,313;34,448;158,771
13.04.2026;22:27:00;1348;408,148;406;-25,324;446;32,313;34,448;153,413
13.04.2026;22:28:00;1349;407,81;406;-25,452;446;32,313;34,448;140,286
13.04.2026;22:29:00;1350;408,224;406;-30,475;446;32,313;34,448;110,76
13.04.2026;22:30:00;1351;407,674;406;-15,43;446;32,313;34,448;77,521
13.04.2026;22:31:00;1352;408,681;406;-22,802;446;32,313;34,448;36,916
13.04.2026;22:32:00;1353;408,308;406;-1,063;446;32,313;30,857;0,022
13.04.2026;22:33:00;1354;406,681;406;-3,234;446;16,203;16,543;0,022
13.04.2026;22:34:00;1355;407,6;406;-1,232;446;-0,683;1,938;0,022
13.04.2026;22:35:00;1356;407,946;406;-0,669;446;-0,78;-1,362;0,022
13.04.2026;22:36:00;1357;407,96;406;-0,669;446;-0,78;-1,362;0,022
13.04.2026;22:37:00;1358;407,236;406;-0,669;446;-0,78;-1,362;0,022
13.04.2026;22:38:00;1359;407,771;406;-0,669;446;-0,78;-1,362;0,022
13.04.2026;22:39:00;1360;405,693;406;-0,669;446;-0,78;-1,362;0,022
13.04.2026;22:40:00;1361;407,387;406;-0,669;446;-0,78;-1,362;0,022
13.04.2026;22:41:00;1362;407,647;406;-0,669;446;-0,78;-1,362;0,022
13.04.2026;22:42:00;1363;407,844;406;-0,669;446;-0,78;-1,362;0,022
13.04.2026;22:43:00;1364;407,681;406;-0,669;446;-0,78;-1,362;0,022
13.04.2026;22:44:00;1365;407,5;406;-0,669;446;-0,78;-1,362;0,022
13.04.2026;22:45:00;1366;405,897;406;-0,669;446;-0,78;-1,362;0,022
13.04.2026;22:46:00;1367;406,329;406;-0,669;446;-0,78;-1,362;0,022
13.04.2026;22:47:00;1368;407,77;406;-0,669;446;-0,78;-1,362;0,022
13.04.2026;22:48:00;1369;407,903;406;-0,669;446;-0,78;-1,362;0,022
13.04.2026;22:49:00;1370;408,397;406;-0,669;446;-0,78;-1,362;0,022
13.04.2026;22:50:00;1371;408,226;406;-0,669;446;-0,78;-1,362;0,022
13.04.2026;22:51:00;1372;407,704;406;-0,669;446;-0,78;-1,362;0,022
13.04.2026;22:52:00;1373;409,212;406;-0,669;446;-0,78;-1,362;0,022
13.04.2026;22:53:00;1374;409,153;406;-0,669;446;-0,78;-1,362;0,022
13.04.2026;22:54:00;1375;408,31;406;-0,669;446;-0,78;-1,362;0,022
13.04.2026;22:55:00;1376;408,56;406;-0,669;446;-0,78;-1,362;0,022
13.04.2026;22:56:00;1377;408,259;406;-0,669;446;-0,78;-1,362;0,022
13.04.2026;22:57:00;1378;408,977;406;-0,669;446;-0,78;-1,362;0,022
13.04.2026;22:58:00;1379;408,26;406;-0,669;446;-0,78;-1,362;0,022
13.04.2026;22:59:00;1380;409,073;406;-0,669;446;-0,78;-1,362;0,022
13.04.2026;23:00:00;1381;409,885;406;-0,669;460;-0,78;-1,362;0,022
13.04.2026;23:01:00;1382;407,181;406;-0,669;460;-0,78;-1,362;0,022
13.04.2026;23:02:00;1383;406,816;406;-0,669;460;-0,78;-1,362;0,022
13.04.2026;23:03:00;1384;406,897;406;-0,669;460;-0,78;-1,362;0,022
13.04.2026;23:04:00;1385;405,248;406;-0,669;460;-0,78;-1,362;0,022
13.04.2026;23:05:00;1386;406,061;406;-0,669;460;-0,78;-1,362;0,022
13.04.2026;23:06:00;1387;406,79;406;-0,669;460;-0,78;-1,362;0,022
13.04.2026;23:07:00;1388;405,478;406;-0,669;460;-0,78;-1,362;0,022
13.04.2026;23:08:00;1389;405,725;406;-0,669;460;-0,78;-1,362;0,022
13.04.2026;23:09:00;1390;405,184;406;-0,669;460;-0,78;-1,362;0,022
13.04.2026;23:10:00;1391;404,512;406;-0,669;460;-0,78;-1,362;0,022
13.04.2026;23:11:00;1392;404,859;406;-0,669;460;-0,78;-1,362;0,022
13.04.2026;23:12:00;1393;404,715;406;-0,669;460;-0,78;-1,362;0,022
13.04.2026;23:13:00;1394;404,659;406;-0,669;460;-0,78;-1,362;0,022
13.04.2026;23:14:00;1395;405,165;406;-0,669;460;-0,78;-1,362;0,022
13.04.2026;23:15:00;1396;404,879;406;-0,669;460;-0,78;-1,362;0,022
13.04.2026;23:16:00;1397;405,965;406;-0,669;460;-0,78;-1,362;0,022
13.04.2026;23:17:00;1398;406,716;406;-0,669;460;-0,78;-1,362;0,022
13.04.2026;23:18:00;1399;405,469;406;-0,669;460;-0,78;-1,362;0,022
13.04.2026;23:19:00;1400;405,641;406;-0,669;460;-0,78;-1,362;0,022
13.04.2026;23:20:00;1401;405,352;406;-0,669;460;-0,78;-1,362;0,022
13.04.2026;23:21:00;1402;406,202;406;-0,669;460;-0,78;-1,362;0,022
13.04.2026;23:22:00;1403;405,746;406;-0,669;460;-0,78;-1,362;0,022
13.04.2026;23:23:00;1404;406,405;406;-0,669;460;-0,78;-1,362;0,022
13.04.2026;23:24:00;1405;407,263;406;-0,669;460;-0,78;-1,362;0,022
13.04.2026;23:25:00;1406;407,219;406;-0,669;460;-0,78;-1,362;0,022
13.04.2026;23:26:00;1407;407,737;406;-0,669;460;-0,78;-1,362;0,022
13.04.2026;23:27:00;1408;409,524;406;-0,669;460;-0,78;-1,362;0,022
13.04.2026;23:28:00;1409;408,713;406;-0,669;460;-0,78;-1,362;0,022
13.04.2026;23:29:00;1410;406,993;406;-0,669;460;-0,78;-1,362;0,022
13.04.2026;23:30:00;1411;408,551;406;-0,669;460;-0,78;-1,362;0,022
13.04.2026;23:31:00;1412;408,384;406;-0,669;460;-0,78;-1,362;0,022
13.04.2026;23:32:00;1413;408,378;406;-0,669;460;-0,78;-1,362;-0,131
13.04.2026;23:33:00;1414;408,756;406;-0,669;460;-0,78;-1,362;-0,131
13.04.2026;23:34:00;1415;409,365;406;-0,669;460;-0,78;-1,362;-0,131
13.04.2026;23:35:00;1416;409,451;406;-1,057;460;-0,78;-1,362;-0,131
13.04.2026;23:36:00;1417;410,72;406;-1,057;460;-0,78;-1,362;-0,131
13.04.2026;23:37:00;1418;408,272;406;-1,057;460;-0,78;-1,362;-0,131
13.04.2026;23:38:00;1419;407,648;406;-1,057;460;-0,78;-1,362;-0,131
13.04.2026;23:39:00;1420;409,035;406;-1,057;460;-0,78;-1,362;-0,131
13.04.2026;23:40:00;1421;410,44;406;-1,057;460;-0,78;-1,362;-0,131
13.04.2026;23:41:00;1422;407,796;406;-1,057;460;-0,78;-1,362;-0,131
13.04.2026;23:42:00;1423;410,246;406;-1,057;460;-0,78;-1,362;-0,131
13.04.2026;23:43:00;1424;412,353;406;-1,057;460;-0,78;-1,362;-0,131
13.04.2026;23:44:00;1425;410,296;406;-1,057;460;-0,78;-1,362;-0,131
13.04.2026;23:45:00;1426;411,758;406;-1,057;460;-0,78;-1,362;-0,131
13.04.2026;23:46:00;1427;412,611;406;-1,057;460;-0,78;-1,362;-0,131
13.04.2026;23:47:00;1428;413,663;406;-1,057;460;-0,78;-1,362;-0,131
13.04.2026;23:48:00;1429;414,03;406;-1,057;460;-0,78;-1,362;-0,131
13.04.2026;23:49:00;1430;414,854;406;-1,057;460;-0,78;-1,362;-0,131
13.04.2026;23:50:00;1431;415,848;406;-1,057;460;-0,78;-1,362;-0,131
13.04.2026;23:51:00;1432;417,687;406;-1,057;460;-0,78;-1,362;-0,131
13.04.2026;23:52:00;1433;419,363;406;-1,057;460;-0,78;-1,362;-0,131
13.04.2026;23:53:00;1434;417,575;406;-1,057;460;-0,78;-1,362;-0,131
13.04.2026;23:54:00;1435;417,457;406;-1,057;460;-0,78;-1,362;-0,131
13.04.2026;23:55:00;1436;416,904;406;-1,057;460;-0,78;-1,362;-0,131
13.04.2026;23:56:00;1437;416,048;406;-1,057;460;-0,78;-1,362;-0,131
13.04.2026;23:57:00;1438;415,363;406;-1,057;460;-0,78;-1,362;-0,131
13.04.2026;23:58:00;1439;415,995;406;-1,057;460;-0,78;-1,362;-0,131
13.04.2026;23:59:00;1440;417,893;406;-1,057;460;-0,78;-1,362;-0,131
