sep=;
Tarih;Saat;Eşleşen DK;Ek-C Değerlendirme;YKS Değerlendirme;Ek-C K.Y (%);YKS K.Y (%);Gerilim Karşılaştırma - YKS V Ort;Gerilim Karşılaştırma - EK-C V Ort;Gerilim Karşılaştırma - Fark dV;Gerilim Karşılaştırma - Max dV;Aktif Güç Karşılaştırma - YKS P Ort;Aktif Güç Karşılaştırma - EK-C P Ort;Aktif Güç Karşılaştırma - Fark dP;Aktif Güç Karşılaştırma - Max dP;Reaktif Güç Karşılaştırma - YKS Q Ort;Reaktif Güç Karşılaştırma - EK-C Q Ort;Reaktif Güç Karşılaştırma - Fark dQ;Reaktif Güç Karşılaştırma - Max dQ;Hibrit P Karşılaştırma - YKS Hibrit P;Hibrit P Karşılaştırma - EK-C Hibrit P;Hibrit P Karşılaştırma - Fark dHP;Hibrit P Karşılaştırma - Max dHP
2026-05-01;00:00;60;SAGLADI / OK 59 / FAIL 0 / DD 0 / YY 0 / KY 1;SAGLADI / OK 60 / FAIL 0 / DD 0 / YY 0 / KY 0;98,33%;100,00%;157,91;158,18;0,42;1,08;41,76;42,31;0,54;0,87;-15,63;-15,38;0,48;3,07;0,00;0,00;0,00;0,00
2026-05-01;01:00;60;SAGLADI / OK 44 / FAIL 0 / DD 0 / YY 0 / KY 16;SAGLADI / OK 60 / FAIL 0 / DD 0 / YY 0 / KY 0;73,33%;100,00%;157,96;158,10;0,32;0,98;41,73;42,30;0,57;0,90;-15,80;-15,66;0,35;1,47;0,00;0,00;0,00;0,00
2026-05-01;02:00;60;SAGLADI / OK 34 / FAIL 0 / DD 0 / YY 0 / KY 26;SAGLADI / OK 60 / FAIL 0 / DD 0 / YY 0 / KY 0;56,67%;100,00%;158,11;158,34;0,37;1,13;41,69;42,18;0,49;1,01;-15,98;-15,70;0,44;1,63;0,00;0,00;0,00;0,00
2026-05-01;03:00;60;KY / OK 0 / FAIL 0 / DD 0 / YY 0 / KY 60;SAGLADI / OK 55 / FAIL 5 / DD 0 / YY 0 / KY 0;KY;91,67%;159,29;159,59;0,43;1,39;42,01;42,54;0,54;1,18;-15,19;-14,78;0,64;4,95;0,00;0,00;0,00;0,00
2026-05-01;04:00;60;DD / OK 0 / FAIL 0 / DD 58 / YY 2 / KY 0;DD / OK 0 / FAIL 0 / DD 60 / YY 0 / KY 0;DD;DD;159,99;160,42;0,57;3,10;0,89;0,27;0,62;26,93;0,23;0,00;0,24;0,41;0,00;0,00;0,00;0,00
2026-05-01;05:00;60;DD / OK 0 / FAIL 0 / DD 60 / YY 0 / KY 0;DD / OK 0 / FAIL 0 / DD 60 / YY 0 / KY 0;DD;DD;159,11;159,47;0,48;1,64;0,05;0,00;0,05;0,05;0,24;0,00;0,24;0,24;0,00;0,00;0,00;0,00
2026-05-01;06:00;60;DD / OK 0 / FAIL 0 / DD 60 / YY 0 / KY 0;DD / OK 0 / FAIL 0 / DD 60 / YY 0 / KY 0;DD;DD;161,49;161,93;0,54;1,41;0,05;0,00;0,05;0,05;0,24;0,00;0,24;0,24;0,00;0,00;0,00;0,00
2026-05-01;07:00;60;DD / OK 0 / FAIL 0 / DD 60 / YY 0 / KY 0;DD / OK 0 / FAIL 0 / DD 60 / YY 0 / KY 0;DD;DD;163,92;164,34;0,58;1,60;0,05;0,00;0,05;0,05;0,24;0,00;0,24;0,24;0,00;0,00;0,00;0,00
2026-05-01;08:00;60;DD / OK 0 / FAIL 0 / DD 60 / YY 0 / KY 0;DD / OK 0 / FAIL 0 / DD 60 / YY 0 / KY 0;DD;DD;162,11;162,31;0,41;1,48;0,05;0,00;0,05;0,05;0,24;0,00;0,24;0,24;0,00;0,00;0,00;0,00
2026-05-01;09:00;60;DD / OK 0 / FAIL 0 / DD 60 / YY 0 / KY 0;DD / OK 0 / FAIL 0 / DD 60 / YY 0 / KY 0;DD;DD;160,32;160,59;0,41;1,26;0,05;0,00;0,05;0,05;0,24;0,00;0,24;0,24;0,00;0,00;0,00;0,00
2026-05-01;10:00;60;DD / OK 0 / FAIL 0 / DD 60 / YY 0 / KY 0;DD / OK 0 / FAIL 0 / DD 60 / YY 0 / KY 0;DD;DD;160,03;160,20;0,50;1,49;0,05;0,00;0,05;0,05;0,24;0,00;0,24;0,24;0,00;0,00;0,00;0,00
2026-05-01;11:00;60;DD / OK 0 / FAIL 0 / DD 60 / YY 0 / KY 0;DD / OK 0 / FAIL 0 / DD 60 / YY 0 / KY 0;DD;DD;159,45;159,66;0,52;1,88;0,05;0,00;0,05;0,05;0,24;0,00;0,24;0,24;0,00;0,00;0,00;0,00
2026-05-01;12:00;60;DD / OK 0 / FAIL 0 / DD 60 / YY 0 / KY 0;DD / OK 0 / FAIL 0 / DD 60 / YY 0 / KY 0;DD;DD;160,94;161,23;0,49;1,52;0,05;0,00;0,05;0,05;0,24;0,00;0,24;0,24;0,00;0,00;0,00;0,00
2026-05-01;13:00;60;DD / OK 0 / FAIL 0 / DD 60 / YY 0 / KY 0;DD / OK 0 / FAIL 0 / DD 60 / YY 0 / KY 0;DD;DD;161,04;161,29;0,43;1,63;0,05;0,00;0,05;0,05;0,24;0,00;0,24;0,24;0,00;0,00;0,00;0,00
2026-05-01;14:00;60;DD / OK 0 / FAIL 0 / DD 60 / YY 0 / KY 0;DD / OK 0 / FAIL 0 / DD 60 / YY 0 / KY 0;DD;DD;159,30;159,54;0,58;2,46;0,05;0,00;0,05;0,05;0,24;0,00;0,24;0,24;0,00;0,00;0,00;0,00
2026-05-01;15:00;60;DD / OK 0 / FAIL 0 / DD 60 / YY 0 / KY 0;DD / OK 0 / FAIL 0 / DD 60 / YY 0 / KY 0;DD;DD;160,87;161,09;0,45;1,70;0,05;0,00;0,05;0,05;0,24;0,00;0,24;0,24;0,00;0,00;0,00;0,00
2026-05-01;16:00;60;DD / OK 0 / FAIL 0 / DD 60 / YY 0 / KY 0;DD / OK 0 / FAIL 0 / DD 60 / YY 0 / KY 0;DD;DD;159,54;159,78;0,53;1,69;0,05;0,00;0,05;0,05;0,24;0,00;0,24;0,24;0,00;0,00;0,00;0,00
2026-05-01;17:00;60;DD / OK 0 / FAIL 0 / DD 60 / YY 0 / KY 0;DD / OK 0 / FAIL 0 / DD 60 / YY 0 / KY 0;DD;DD;160,96;161,36;0,59;2,35;0,05;0,00;0,05;0,05;0,24;0,00;0,24;0,24;0,00;0,00;0,00;0,00
2026-05-01;18:00;60;DD / OK 0 / FAIL 0 / DD 59 / YY 1 / KY 0;DD / OK 0 / FAIL 0 / DD 60 / YY 0 / KY 0;DD;DD;159,92;160,23;0,44;1,30;0,05;0,05;0,10;3,16;0,24;-0,04;0,28;2,34;0,00;0,00;0,00;0,00
2026-05-01;19:00;60;SAGLADI / OK 59 / FAIL 0 / DD 0 / YY 0 / KY 1;SAGLADI / OK 59 / FAIL 0 / DD 0 / YY 1 / KY 0;98,33%;100,00%;157,52;157,47;0,33;1,05;41,45;42,56;1,11;29,30;-14,15;-14,13;0,97;7,63;0,00;0,00;0,00;0,00
2026-05-01;20:00;60;SAGLADI / OK 60 / FAIL 0 / DD 0 / YY 0 / KY 0;SAGLADI / OK 60 / FAIL 0 / DD 0 / YY 0 / KY 0;100,00%;100,00%;157,31;157,35;0,25;0,86;41,80;42,33;0,53;0,83;-15,18;-15,02;0,67;7,66;0,00;0,00;0,00;0,00
2026-05-01;21:00;60;SAGLADI / OK 53 / FAIL 0 / DD 0 / YY 0 / KY 7;SAGLADI / OK 60 / FAIL 0 / DD 0 / YY 0 / KY 0;88,33%;100,00%;157,86;158,10;0,36;1,56;41,75;42,29;0,54;1,03;-15,94;-15,75;0,53;2,38;0,00;0,00;0,00;0,00
2026-05-01;22:00;60;SAGLADI / OK 41 / FAIL 0 / DD 0 / YY 0 / KY 19;SAGLADI / OK 60 / FAIL 0 / DD 0 / YY 0 / KY 0;68,33%;100,00%;158,72;158,93;0,43;1,29;41,80;42,33;0,53;1,06;-16,26;-16,02;0,61;2,43;0,00;0,00;0,00;0,00
2026-05-01;23:00;60;SAGLADI / OK 53 / FAIL 0 / DD 0 / YY 1 / KY 6;SAGLADI / OK 56 / FAIL 4 / DD 0 / YY 0 / KY 0;90,00%;93,33%;157,65;157,98;0,58;1,96;35,59;35,45;1,00;16,81;-11,03;-10,56;1,37;5,99;0,00;0,00;0,00;0,00