Bara Tipi;Bara ID;Bara Adı;RGK Tipi;Bara Gerilim Seviyesi;BYTM;TPYS Santral ID;TPYS Santral İsmi;Bara 1 TA;Bara 1 Setnum;Bara 2 TA;Bara 2 Setnum;Bara 3 TA;Bara 3 Setnum;Ünite Adı;UEVCB Adı;TPYS UEVCB ID;Kaynak Tipi;Aktif Güç TA;Aktif Güç Setnum;Reaktif Güç TA;Reaktif Güç Setnum;Ünite Nominal Güç;Ünite PMKUD;Nominal İkaz (Düşük);Nominal İkaz (Aşırı);Ünite Aktif mi ?
WIND;6002;AKYEL-1 RES;WIND_AFTER_2013_RES_KV;154;OA_YTM;15283;AKYEL-1 RES;AKYEL-1/154/U ORT/U;2,1,160635;-;-;-;-;Ünite 1-12;AKYEL-1 RES;3213030;WIND;AKYEL-1/154/RGKTOP/P;2,1,159140;AKYEL-1/154/RGKTOP/Q;2,1,159141;58,55;-;-19,24;19,24;AKTİF
WIND;6002;AKYEL-1 RES;WIND_AFTER_2013_RES_KV;154;OA_YTM;15283;AKYEL-1 RES;AKYEL-1/154/U ORT/U;2,1,160635;-;-;-;-;YARDIMCI KAYNAK GES;AKYEL-1 RES;3213030;GES(Güneş Enerji Santrali);AKYEL-1/34.5/GenHAT-6/P;2,1,138286;AKYEL-1/34.5/GenHAT-6/Q;2,1,138287;39,990;;-19,367;19,367;AKTİF
WIND;5902;BAĞLAR RES;WIND_AFTER_2013_RES_KV;154;OA_YTM;12183;BAĞLAR RES (BAĞLAR ELK.ÜRT.A.Ş.);BAGLARRE/154/BB-A/U;2,1,77108;-;-;-;-;ÜNİTE 1-24;BAĞLAR RES;3204190;WIND;BAGLARRE/154/RGKTOP/P;2,1,159269;BAGLARRE/154/RGKTOP/Q;2,1,159270;100;-;-32,87;32,87;AKTİF
WIND;5902;BAĞLAR RES;WIND_AFTER_2013_RES_KV;154;OA_YTM;12183;BAĞLAR RES (BAĞLAR ELK.ÜRT.A.Ş.);BAGLARRE/154/BB-A/U;2,1,77108;-;-;-;-;YARDIMCI KAYNAK GES;BAĞLAR RES;3204190;GES(Güneş Enerji Santrali);BAGLARRE/33.6/GES-HAT/P;2,1,150132;BAGLARRE/33.6/GES-HAT/Q;2,1,150133;25,985;;-12,583;12,583;AKTİF
WIND;6149;ERCİYES RES;WIND_AFTER_2013_RES_KV;154;OA_YTM;20003;ERCİYES RES;ERCIYESR/154/BB A/U;2,1,134056;-;-;-;-;Ünite 1-16;ERCİYES RES;3221370;WIND;ERCIYESR/154/RGKTOP/P;2,1,160027;ERCIYESR/154/RGKTOP/Q;2,1,160028;78,6;-;-25,83;25,83;AKTİF
WIND;6149;ERCİYES RES;WIND_AFTER_2013_RES_KV;154;OA_YTM;20003;ERCİYES RES;ERCIYESR/154/BB A/U;2,1,134056;-;-;-;-;YARDIMCI KAYNAK GES;ERCİYES RES;3221370;GES(Güneş Enerji Santrali);ERCIYESR/33/GES-HAT/P;2,1,139347;ERCIYESR/33/GES-HAT/Q;2,1,139348;23,840;;-11,548;11,548;AKTİF
WIND;5052;GEYCEK RES;WIND_AFTER_2013_RES_KV;154;OA_YTM;6740;GEYCEK RES;GEYCEK/154/swTR1/U;2,1,160964;-;-;-;-;Ünite 1-70;AL-YEL ELEKTRİK ÜRETİM A.Ş.;340575;WIND;GEYCEK/154/RGKTOP/P;2,1,160174;GEYCEK/154/RGKTOP/Q;2,1,160175;172,2;-;-56,6;56,6;AKTİF
WIND;5052;GEYCEK RES;WIND_AFTER_2013_RES_KV;154;OA_YTM;6740;GEYCEK RES;GEYCEK/154/swTR1/U;2,1,160964;-;-;-;-;YARDIMCI KAYNAK GES;AL-YEL ELEKTRİK ÜRETİM A.Ş.;340575;GES(Güneş Enerji Santrali);GEYCEK/34.5/Gen-15/P;2,1,156380;GEYCEK/34.5/Gen-15/Q;2,1,156381;46,630;;-22,585;22,585;AKTİF
WIND;5959;MUTLU RES 5;WIND_AFTER_2013_RES_KV;154;OA_YTM;14843;MUTLU RES 5;MUTLU5R/154/BB A/U;2,1,111416;-;-;-;-;Ünite 1-13;MUTLU RES 5;3211091;WIND;MUTLU5R/154/RGKTOP/P;2,1,159414;MUTLU5R/154/RGKTOP/Q;2,1,159415;81,2;-;-26,69;26,69;AKTİF
WIND;5959;MUTLU RES 5;WIND_AFTER_2013_RES_KV;154;OA_YTM;14843;MUTLU RES 5;MUTLU5R/154/BB A/U;2,1,111416;-;-;-;-;YARDIMCI KAYNAK GES;MUTLU RES 5;3211091;GES(Güneş Enerji Santrali);MUTLU5R/154/RGKYKTOP/P;2,1,159416;MUTLU5R/154/RGKYKTOP/Q;2,1,159417;43,990;;-21,310;21,310;AKTİF
WIND;4572;YAHYALI RES;WIND_BETWEEN_2008_2013_RES_KV;154;OA_YTM;9623;YAHYALI RES (SE);YAHYALI/154/BB-A/U;2,1,19316;-;-;-;-;Ünite 1-22;YAHYALI RES(SE);3194130;WIND;YAHYALI/154/RGKTOP/P;2,1,159657;YAHYALI/154/RGKTOP/Q;2,1,159658;52,5;-;-17,26;17,26;AKTİF
WIND;4572;YAHYALI RES;WIND_BETWEEN_2008_2013_RES_KV;154;OA_YTM;9623;YAHYALI RES (SE);YAHYALI/154/BB-A/U;2,1,19316;-;-;-;-;YARDIMCI KAYNAK GES;YAHYALI RES(SE);3194130;GES(Güneş Enerji Santrali);YAHYALI/33.6/GESGen1/P;2,1,150777;YAHYALI/33.6/GESGen1/Q;2,1,150778;15,980;;-7,739;7,739;AKTİF
WIND;5192;YAHYALI-2 RES;WIND_BETWEEN_2008_2013_RES_KV;154;OA_YTM;10442;YAHYALI RES(BAK);YAHYALBE/154/BB-1/U;2,1,2383;YAHYALBE/154/BB-2/U;2,1,2384;-;-;Ünite 1-27;YAHYALI RES(BAK);3196728;WIND;YAHYALBE/154/RGKTOP/P;2,1,159129;YAHYALBE/154/RGKTOP/Q;2,1,159130;91,5;-;-30,07;30,07;AKTİF
WIND;5192;YAHYALI-2 RES;WIND_BETWEEN_2008_2013_RES_KV;154;OA_YTM;10442;YAHYALI RES(BAK);YAHYALBE/154/BB-1/U;2,1,2383;YAHYALBE/154/BB-2/U;2,1,2384;-;-;YARDIMCI KAYNAK GES;YAHYALI RES(BAK);3196728;GES(Güneş Enerji Santrali);YAHYALBE/154/RGKYKTOP/P;2,1,159131;YAHYALBE/154/RGKYKTOP/P;2,1,159132;71,417;;-34,589;34,589;AKTİF
CONVENTIONAL;5532;ACWA KIRIKKALE DGKÇ;CONVENTIONAL_AFTER_1996;400;OA_YTM;10721;ACWA KIRIKKALE;KIRIKDG/380/BB-1/U;2,1,5628;KIRIKDG/380/BB-2/U;2,1,5630;-;-;GT-2;ACWA POWER KIRIKKALE DGKÇS;3197267;NATURAL_GAS;KIRIKDG/20/Gen 2/P;2,1,68306;KIRIKDG/20/Gen 2/Q;2,1,68307;295,7;127;;;AKTİF
CONVENTIONAL;5532;ACWA KIRIKKALE DGKÇ;CONVENTIONAL_AFTER_1996;400;OA_YTM;10721;ACWA KIRIKKALE;KIRIKDG/380/BB-1/U;2,1,5628;KIRIKDG/380/BB-2/U;2,1,5630;-;-;ST;ACWA POWER KIRIKKALE DGKÇS;3197267;NATURAL_GAS;KIRIKDG/21/Gen ST/P;2,1,68298;KIRIKDG/21/Gen ST/Q;2,1,68299;336;120;;;AKTİF
CONVENTIONAL;5532;ACWA KIRIKKALE DGKÇ;CONVENTIONAL_AFTER_1996;400;OA_YTM;10721;ACWA KIRIKKALE;KIRIKDG/380/BB-1/U;2,1,5628;KIRIKDG/380/BB-2/U;2,1,5630;-;-;GT-1;ACWA POWER KIRIKKALE DGKÇS;3197267;NATURAL_GAS;KIRIKDG/20/Gen 1/P;2,1,68302;KIRIKDG/20/Gen 1/Q;2,1,68303;295,7;127;;;AKTİF
WIND;2890;AKSU ÇAMLICA RES;WIND_BETWEEN_2008_2013_RES_COS;154;OA_YTM;5169;AKSU RES;AKSURES/154/U ORT/U;2,1,160688;-;-;-;-;Ünite 1-39;AKSU RES;83166;WIND;AKSURES/154/RGKTOP/P;2,1,160623;AKSURES/154/RGKTOP/Q;2,1,160624;80;-;-26,3;26,3;AKTİF
CONVENTIONAL;2111;BAYMİNA 154;CONVENTIONAL_AFTER_1996;154;OA_YTM;97;ANKARA DGKÇS;TEMELLI/154/BB 2/U;2,1,82834;TEMELLI/154/BB 1/U;2,1,82833;-;-;ÜNİTE-GT1;ANKARA DGKÇS;3205527;NATURAL_GAS;ANK-DGKC/21/Gen 1/P;2,1,6489;ANK-DGKC/21/Gen 1/Q;2,1,6490;255,6;150;;;AKTİF
CONVENTIONAL;2111;BAYMİNA 154;CONVENTIONAL_AFTER_1996;154;OA_YTM;97;ANKARA DGKÇS;TEMELLI/154/BB 2/U;2,1,82834;TEMELLI/154/BB 1/U;2,1,82833;-;-;ÜNİTE-GT2;ANKARA DGKÇS;3205527;NATURAL_GAS;ANK-DGKC/21/Gen 2/P;2,1,6494;ANK-DGKC/21/Gen 2/Q;2,1,6495;255,6;150;;;AKTİF
CONVENTIONAL;2111;BAYMİNA 154;CONVENTIONAL_AFTER_1996;154;OA_YTM;97;ANKARA DGKÇS;TEMELLI/154/BB 2/U;2,1,82834;TEMELLI/154/BB 1/U;2,1,82833;-;-;ÜNİTE-ST;ANKARA DGKÇS;3205527;NATURAL_GAS;ANK-DGKC/21/Gen 3/P;2,1,6510;ANK-DGKC/21/Gen 3/Q;2,1,6511;322;150;;;AKTİF
WIND;5897;ARDIÇLI RES;WIND_AFTER_2013_RES_KV;154;OA_YTM;12164;ARDIÇLI RES(ES-YEL);ARDICLI/154/BB A/U;2,1,77162;-;-;-;-;Ünite 1-19;ARDIÇLI RES(ES-YEL);3204159;WIND;ARDICLI/154/RGKTOP/P;2,1,159142;ARDICLI/154/RGKTOP/Q;2,1,159143;72,8;-;-23,93;23,93;AKTİF
WIND;6128;ATAKALE RES;WIND_AFTER_2013_RES_KV;154;OA_YTM;16243;ATAKALE RES;ATAKALE/154/BB A/U;2,1,106146;-;-;-;-;Ünite 1-21;ATAKALE RES;3214310;WIND;ATAKALE/154/RGKTOP/P;2,1,160152;ATAKALE/154/RGKTOP/Q;2,1,160153;119,8;-;-39,38;39,38;AKTİF
CONVENTIONAL;2110;BAYRAMHACILI 154;CONVENTIONAL_AFTER_1996;154;OA_YTM;672;BAYRAMHACILI BARAJI ve HES;B.HACILI/154/BB A/U;2,1,8617;-;-;-;-;Ünite-2;BAYRAMHACILI BARAJI ve HES_ÜNİTE 2;29310;RESERVOIR;B.HACILI/10/Gen-2/P;2,1,8657;B.HACILI/10/Gen-2/Q;2,1,8658;23,5;14,1;;;AKTİF
CONVENTIONAL;2110;BAYRAMHACILI 154;CONVENTIONAL_AFTER_1996;154;OA_YTM;672;BAYRAMHACILI BARAJI ve HES;B.HACILI/154/BB A/U;2,1,8617;-;-;-;-;Ünite-1;BAYRAMHACILI BARAJI ve HES_ÜNİTE 1;29284;RESERVOIR;B.HACILI/10/Gen-1/P;2,1,8652;B.HACILI/10/Gen-1/Q;2,1,8653;23,5;14,1;;;AKTİF
WIND;6200;BEYYURDU RES;WIND_AFTER_2013_RES_KV;154;OA_YTM;5003941;BEYYURDU RES;BEYYURDU/154/BB A/U;2,1,154337;-;-;-;-;Ünite 1-5;BEYYURDU RES;5003961;WIND;BEYYURDU/154/RGKTOP/P;2,1,159602;BEYYURDU/154/RGKTOP/Q;2,1,159603;30;-;-9,86;9,86;AKTİF
CONVENTIONAL;2113;ÇAMLICA HES 154;CONVENTIONAL_AFTER_1996;154;OA_YTM;7398;ÇAMLICA 1 HES;CAMLICA/154/BB 2/U;2,1,13979;CAMLICA/154/BB 1/U;2,1,13978;-;-;GEN 3;ÇAMLICA 1 HES;3218650;RIVER_TYPE;CAMLICAH/10.6/Gen 3/P;2,1,106787;CAMLICAH/10.6/Gen 3/Q;106788;28;22;;;AKTİF
CONVENTIONAL;2113;ÇAMLICA HES 154;CONVENTIONAL_AFTER_1996;154;OA_YTM;7398;ÇAMLICA 1 HES;CAMLICA/154/BB 2/U;2,1,13979;CAMLICA/154/BB 1/U;2,1,13978;-;-;GEN 1;ÇAMLICA 1 HES;3218650;RIVER_TYPE;CAMLICAH/10.6/Gen 1/P;2,1,106779;CAMLICAH/10.6/Gen 1/Q;2,1,106780;28;22;;;AKTİF
CONVENTIONAL;2113;ÇAMLICA HES 154;CONVENTIONAL_AFTER_1996;154;OA_YTM;7398;ÇAMLICA 1 HES;CAMLICA/154/BB 2/U;2,1,13979;CAMLICA/154/BB 1/U;2,1,13978;-;-;GEN 2;ÇAMLICA 1 HES;3218650;RIVER_TYPE;CAMLICAH/10.6/Gen 2/P;2,1,106783;CAMLICAH/10.6/Gen 2/Q;2,1,106784;28;22;;;AKTİF
CONVENTIONAL;2112;ÇAYIRHAN TES 380;CONVENTIONAL_BEFORE_1996;400;OA_YTM;99;ÇAYIRHAN TES;CAYIRHAN/380/BB 1A/U;2,1,15139;CAYIRHAN/380/BB 2/U;2,1,15141;-;-;ÜNİTE-4;ÇAYIRHAN TES_GR(1,2,3,4);3204406;LIGNITE;CAYIRHAN/15/Gen 4/P;2,1,15090;CAYIRHAN/15/Gen 4/Q;2,1,15091;160;135;;;AKTİF
CONVENTIONAL;2112;ÇAYIRHAN TES 380;CONVENTIONAL_BEFORE_1996;400;OA_YTM;99;ÇAYIRHAN TES;CAYIRHAN/380/BB 1A/U;2,1,15139;CAYIRHAN/380/BB 2/U;2,1,15141;-;-;ÜNİTE-2;ÇAYIRHAN TES_GR(1,2,3,4);3204406;LIGNITE;CAYIRHAN/15/Gen 2/P;2,1,15080;CAYIRHAN/15/Gen 2/Q;2,1,15081;150;127;;;AKTİF
CONVENTIONAL;2112;ÇAYIRHAN TES 380;CONVENTIONAL_BEFORE_1996;400;OA_YTM;99;ÇAYIRHAN TES;CAYIRHAN/380/BB 1A/U;2,1,15139;CAYIRHAN/380/BB 2/U;2,1,15141;-;-;ÜNİTE-3;ÇAYIRHAN TES_GR(1,2,3,4);3204406;LIGNITE;CAYIRHAN/15/Gen 3/P;2,1,15085;CAYIRHAN/15/Gen 3/Q;2,1,15086;160;135;;;AKTİF
CONVENTIONAL;2112;ÇAYIRHAN TES 380;CONVENTIONAL_BEFORE_1996;400;OA_YTM;99;ÇAYIRHAN TES;CAYIRHAN/380/BB 1A/U;2,1,15139;CAYIRHAN/380/BB 2/U;2,1,15141;-;-;ÜNİTE-1;ÇAYIRHAN TES_GR(1,2,3,4);3204406;LIGNITE;CAYIRHAN/15/Gen 1/P;2,1,15075;CAYIRHAN/15/Gen 1/Q;2,1,15076;150;127;;;AKTİF
WIND;6228;G4-BOR-1 GES;GES_AFTER_2020_KV;154;OA_YTM;5011621;G4-BOR-1 GES;G4BOR-1/154/BB-A/U;2,1,157953;-;-;-;-;Ünite 1-10;G4-BOR-1 GES;5011641;SUN;G4BOR-1/154/RGKTOP/P;2,1,159924;G4BOR-1/154/RGKTOP/Q;2,1,159925;93,02;-;-45,05;45,05;AKTİF
WIND;6153;G4-BOR2 GES;GES_AFTER_2020_KV;154;OA_YTM;20704;G4-BOR2 GES;G4_BOR-2/154/BB A/U;2,1,138626;-;-;-;-;Ünite 1-8;G4-BOR2 GES;3223631;SUN;G4_BOR-2/154/RGKTOP/P;2,1,159608;G4_BOR-2/154/RGKTOP/Q;2,1,159609;100;-;-48,43;48,43;AKTİF
WIND;6155;G4-BOR3 GES;GES_AFTER_2020_KV;154;OA_YTM;5000620;G4-BOR3 GES;G4_BOR-3/154/BB A/U;2,1,139758;-;-;-;-;ÜNİTE GES;G4-BOR3 GES;5000640;SUN;G4_BOR-3/154/RGKTOP/P;2,1,159926;G4_BOR-3/154/RGKTOP/Q;2,1,159927;100;-;-48,43;48,43;AKTİF
CONVENTIONAL;2104;GÖKÇEKAYA 380;CONVENTIONAL_BEFORE_1996;400;OA_YTM;153;GÖKÇEKAYA;GOKCEKAY/380/ESKISEH3/U;2,1,23586;GOKCEKAY/380/AKSAGOYN/U;2,1,59226;GOKCEKAY/380/GOLBASI/U;2,1,23582;ÜNİTE-3;GÖKCEKAYA HES DB;821;RESERVOIR;GOKCEKAY/14.4/Gen 3/P;2,1,23557;GOKCEKAY/14.4/Gen 3/Q;2,1,23558;92,8;80;;;AKTİF
CONVENTIONAL;2104;GÖKÇEKAYA 380;CONVENTIONAL_BEFORE_1996;400;OA_YTM;153;GÖKÇEKAYA;GOKCEKAY/380/ESKISEH3/U;2,1,23586;GOKCEKAY/380/AKSAGOYN/U;2,1,59226;GOKCEKAY/380/GOLBASI/U;2,1,23582;ÜNİTE-1;GÖKCEKAYA HES DB;821;RESERVOIR;GOKCEKAY/14.4/Gen 1/P;2,1,23547;GOKCEKAY/14.4/Gen 1/Q;2,1,23548;92,8;80;;;AKTİF
CONVENTIONAL;2104;GÖKÇEKAYA 380;CONVENTIONAL_BEFORE_1996;400;OA_YTM;153;GÖKÇEKAYA;GOKCEKAY/380/ESKISEH3/U;2,1,23586;GOKCEKAY/380/AKSAGOYN/U;2,1,59226;GOKCEKAY/380/GOLBASI/U;2,1,23582;ÜNİTE-2;GÖKCEKAYA HES DB;821;RESERVOIR;GOKCEKAY/14.4/Gen 2/P;2,1,23552;GOKCEKAY/14.4/Gen 2/Q;2,1,23553;92,8;80;;;AKTİF
CONVENTIONAL;6011;GÜRSÖĞÜT BARAJI ve HES;CONVENTIONAL_AFTER_1996;154;OA_YTM;15563;GÜRSÖĞÜT BARAJI ve HES;GURSOGUT/154/BB-1/U;2,1,115221;-;-;-;-;ÜNİTE-2;GÜRSÖĞÜT BARAJI ve HES;3213471;RESERVOIR;GURSOGUT/10,5/GR-2/P;2,1,115240;GURSOGUT/10,5/GR-2/Q;2,1,115241;16,96;9;;;AKTİF
CONVENTIONAL;6011;GÜRSÖĞÜT BARAJI ve HES;CONVENTIONAL_AFTER_1996;154;OA_YTM;15563;GÜRSÖĞÜT BARAJI ve HES;GURSOGUT/154/BB-1/U;2,1,115221;-;-;-;-;ÜNİTE-5;GÜRSÖĞÜT BARAJI ve HES;3213471;RESERVOIR;GURSOGUT/10.5/GR-5/P;2,1,115255;GURSOGUT/10.5/GR-5/Q;2,1,115256;8,86;5;;;AKTİF
CONVENTIONAL;6011;GÜRSÖĞÜT BARAJI ve HES;CONVENTIONAL_AFTER_1996;154;OA_YTM;15563;GÜRSÖĞÜT BARAJI ve HES;GURSOGUT/154/BB-1/U;2,1,115221;-;-;-;-;ÜNİTE-1;GÜRSÖĞÜT BARAJI ve HES;3213471;RESERVOIR;GURSOGUT/10.5/GR-1/P;2,1,115235;GURSOGUT/10.5/GR-1/Q;2,1,115236;16,96;9;;;AKTİF
CONVENTIONAL;6011;GÜRSÖĞÜT BARAJI ve HES;CONVENTIONAL_AFTER_1996;154;OA_YTM;15563;GÜRSÖĞÜT BARAJI ve HES;GURSOGUT/154/BB-1/U;2,1,115221;-;-;-;-;ÜNİTE-4;GÜRSÖĞÜT BARAJI ve HES;3213471;RESERVOIR;GURSOGUT/10.5/GR-4/P;2,1,115250;GURSOGUT/10.5/GR-4/Q;2,1,115251;8,86;5;;;AKTİF
CONVENTIONAL;2105;HİRFANLI HES 154;CONVENTIONAL_BEFORE_1996;154;OA_YTM;157;HİRFANLI HES;HIRFANLY/154/BB A/U;2,1,120002;-;-;-;-;GR-2;HİRFANLI HES;909;RESERVOIR;HIRFANLY/10.6/Gen 2/P;2,1,120188;HIRFANLY/10.6/Gen 2/Q;2,1,120189;32;20;;;AKTİF
CONVENTIONAL;2105;HİRFANLI HES 154;CONVENTIONAL_BEFORE_1996;154;OA_YTM;157;HİRFANLI HES;HIRFANLY/154/BB A/U;2,1,120002;-;-;-;-;GR-4;HİRFANLI HES;909;RESERVOIR;HIRFANLY/10.6/Gen 4/P;2,1,120198;HIRFANLY/10.6/Gen 4/Q;2,1,120199;32;20;;;AKTİF
CONVENTIONAL;2105;HİRFANLI HES 154;CONVENTIONAL_BEFORE_1996;154;OA_YTM;157;HİRFANLI HES;HIRFANLY/154/BB A/U;2,1,120002;-;-;-;-;GR-3;HİRFANLI HES;909;RESERVOIR;HIRFANLY/10.6/Gen 3/P;2,1,120193;HIRFANLY/10.6/Gen 3/Q;2,1,120194;32;20;;;AKTİF
CONVENTIONAL;2105;HİRFANLI HES 154;CONVENTIONAL_BEFORE_1996;154;OA_YTM;157;HİRFANLI HES;HIRFANLY/154/BB A/U;2,1,120002;-;-;-;-;GR-1;HİRFANLI HES;909;RESERVOIR;HIRFANLY/10.6/Gen 1/P;2,1,120183;HIRFANLY/10.6/Gen 1/Q;2,1,120184;32;20;;;AKTİF
CONVENTIONAL;4952;İÇ ANADOLU DGKÇ SANTRALİ;CONVENTIONAL_AFTER_1996;400;OA_YTM;9701;İÇ ANADOLU DGKÇS;ICANADOL/380/BB-2/U;2,1,61253;ICANADOL/380/BB-1/U;2,1,61249;-;-;Ünite GT2;İÇ ANADOLU DGKÇS;3195727;NATURAL_GAS;ICANADOL/17/Gen GT-2/P;2,1,61289;ICANADOL/17/Gen GT-2/Q;2,1,61290;291;80;;;AKTİF
CONVENTIONAL;4952;İÇ ANADOLU DGKÇ SANTRALİ;CONVENTIONAL_AFTER_1996;400;OA_YTM;9701;İÇ ANADOLU DGKÇS;ICANADOL/380/BB-2/U;2,1,61253;ICANADOL/380/BB-1/U;2,1,61249;-;-;Ünite GT3;İÇ ANADOLU DGKÇS;3195727;NATURAL_GAS;ICANADOL/17/Gen ST/P;2,1,61293;ICANADOL/17/Gen ST/Q;2,1,61294;288;80;;;AKTİF
CONVENTIONAL;4952;İÇ ANADOLU DGKÇ SANTRALİ;CONVENTIONAL_AFTER_1996;400;OA_YTM;9701;İÇ ANADOLU DGKÇS;ICANADOL/380/BB-2/U;2,1,61253;ICANADOL/380/BB-1/U;2,1,61249;-;-;Ünite GT1;İÇ ANADOLU DGKÇS;3195727;NATURAL_GAS;ICANADOL/17/Gen GT-1/P;2,1,61285;ICANADOL/17/Gen GT-1/Q;2,1,61286;291;80;;;AKTİF
CONVENTIONAL;2106;KAPULUKAYA 154;CONVENTIONAL_BEFORE_1996;154;OA_YTM;195;KAPULUKAYA;KAPULUKA/154/BB A/U;2,1,28962;-;-;-;-;ÜNİTE-2;KAPULUKAYA;1338;RESERVOIR;KAPULUKA/13.8/Gen2/P;2,1,28996;KAPULUKA/13.8/Gen2/Q;2,1,28997;18;13;;;AKTİF
CONVENTIONAL;2106;KAPULUKAYA 154;CONVENTIONAL_BEFORE_1996;154;OA_YTM;195;KAPULUKAYA;KAPULUKA/154/BB A/U;2,1,28962;-;-;-;-;ÜNİTE-3;KAPULUKAYA;1338;RESERVOIR;KAPULUKA/13.8/Gen3/P;2,1,29001;KAPULUKA/13.8/Gen3/Q;2,1,29002;18;13;;;AKTİF
CONVENTIONAL;2106;KAPULUKAYA 154;CONVENTIONAL_BEFORE_1996;154;OA_YTM;195;KAPULUKAYA;KAPULUKA/154/BB A/U;2,1,28962;-;-;-;-;ÜNİTE-1;KAPULUKAYA;1338;RESERVOIR;KAPULUKA/13.8/Gen1/P;2,1,28991;KAPULUKA/13.8/Gen1/Q;2,1,28992;18;13;;;AKTİF
CONVENTIONAL;6137;KARAMAN BES;CONVENTIONAL_AFTER_1996;154;OA_YTM;16764;KARAMAN BES;KARMNBES/154/BB A/U;2,1,124882;-;-;-;-;YARDIMCI KAYNAK GES;KARAMAN BES;3214971;GES(Güneş Enerji Santrali);KARMNBES/11/GESHAT-1/P;2,1,160513;KARMNBES/11/GESHAT-1/Q;2,1,160514;5,99;;-2,901;2,901;AKTİF
CONVENTIONAL;6137;KARAMAN BES;CONVENTIONAL_AFTER_1996;154;OA_YTM;16764;KARAMAN BES;KARMNBES/154/BB A/U;2,1,124882;-;-;-;-;ÜNİTE 1-2;KARAMAN BES;3214971;BIO_MASS;KARMNBES/154/swTRA/P;2,1,124897;KARMNBES/154/swTRA/Q;2,1,124898;40;10,75;;;AKTİF
WIND;6157;KARAMAN RES;WIND_AFTER_2013_RES_KV;154;OA_YTM;17923;KARAMAN RES;KARAMANR/154/swTR-A/U;2,1,162186;-;-;-;-;Ünite 1-14;KARAMAN RES;3217251;WIND;KARAMANR/154/swTR-A/P;2,1,139249;KARAMANR/154/swTR-A/Q;2,1,139250;46,8;-;-15,38;15,38;AKTİF
WIND;6085;KARAPINAR YEKA-1 GES 400;GES_AFTER_2020_KV;400;OA_YTM;15303;KARAPINAR YEKA-1 GES;K.PINARG/380/BB 1/U;2,1,110059;K.PINARG/380/BB 2/U;2,1,110060;-;-;Ünite 1-5;KARAPINAR YEKA-1 GES 400;3223150;SUN;K.PINARG/380/RGKTOP/P;2,1,162187;K.PINARG/380/RGKTOP/Q;2,1,162188;800;-;-387,46;387,46;AKTİF
WIND;6084;KARAPINAR YEKA-1 GES 154;GES_AFTER_2020_KV;154;OA_YTM;15303;KARAPINAR YEKA-1 GES;K.PINARG/154/BB A/U;2,1,110525;-;-;-;-;Ünite A-B;KARAPINAR YEKA-1 GES;3213050;SUN;K.PINARG/154/RGKTOP/P;2,1,161071;K.PINARG/154/RGKTOP/Q;2,1,161072;200;-;-96,86;96,86;AKTİF
CONVENTIONAL;5453;KARGI BARAJI VE HES;CONVENTIONAL_AFTER_1996;154;OA_YTM;11022;KARGI BARAJI VE HES;KARGIHS/154/BB-1/U;2,1,49893;KARGIHS/154/BB-2/U;2,1,49894;-;-;ÜNİTE-1;KARGI BARAJI VE HES;3198990;RESERVOIR;KARGIHS/11/Gen1/P;2,1,49920;KARGIHS/11/Gen1/Q;2,1,49921;46,92;20;;;AKTİF
CONVENTIONAL;5453;KARGI BARAJI VE HES;CONVENTIONAL_AFTER_1996;154;OA_YTM;11022;KARGI BARAJI VE HES;KARGIHS/154/BB-1/U;2,1,49893;KARGIHS/154/BB-2/U;2,1,49894;-;-;ÜNİTE-2;KARGI BARAJI VE HES;3198990;RESERVOIR;KARGIHS/11/Gen2/P;2,1,49924;KARGIHS/11/Gen2/Q;2,1,49925;46,92;20;;;AKTİF
CONVENTIONAL;5673;KAZAN SODA DGKÇS;CONVENTIONAL_AFTER_1996;154;OA_YTM;11182;KAZAN DOĞALGAZ KOJ.SANT.;KAZANDG/154/BB-1/U;2,1,71940;KAZANDG/154/BB-2/U;2,1,72145;-;-;ÜNİTE-GT;KAZAN DOĞALGAZ KOJ.SANT.;3199473;NATURAL_GAS;KAZANDG/20/Gen1/P;2,1,72199;KAZANDG/20/Gen1/Q;2,1,72200;271;160;;;AKTİF
CONVENTIONAL;5673;KAZAN SODA DGKÇS;CONVENTIONAL_AFTER_1996;154;OA_YTM;11182;KAZAN DOĞALGAZ KOJ.SANT.;KAZANDG/154/BB-1/U;2,1,71940;KAZANDG/154/BB-2/U;2,1,72145;-;-;ÜNİTE-BT;KAZAN DOĞALGAZ KOJ.SANT.;3199473;NATURAL_GAS;KAZANDG/11/Gen2/P;2,1,72204;KAZANDG/11/Gen2/Q;2,1,72205;108;60;;;AKTİF
CONVENTIONAL;2107;KESİKKÖPRÜ 154;CONVENTIONAL_BEFORE_1996;154;OA_YTM;235;KESİKKÖPRÜ HES;KESIKKOP/154/KIZ-KIRI/U;2,1,108345;KESIKKOP/154/KIZ-ATAK/U;2,1,108346;-;-;ÜNİTE 2;KESİKKÖPRÜ;1023;RESERVOIR;KESIKKOP/11/Gen 2/P;2,1,32136;KESIKKOP/11/Gen 2/Q;2,1,32137;38;28;;;AKTİF
CONVENTIONAL;2107;KESİKKÖPRÜ 154;CONVENTIONAL_BEFORE_1996;154;OA_YTM;235;KESİKKÖPRÜ HES;KESIKKOP/154/KIZ-KIRI/U;2,1,108345;KESIKKOP/154/KIZ-ATAK/U;2,1,108346;-;-;ÜNİTE 1;KESİKKÖPRÜ;1023;RESERVOIR;KESIKKOP/11/Gen 1/P;2,1,32131;KESIKKOP/11/Gen 1/Q;2,1,32132;38;28;;;AKTİF
WIND;4772;KURTKAYASI RES;WIND_AFTER_2013_RES_KV;154;OA_YTM;9703;KURTKAYASI RES(ARE);KURTKAYA/154/BB-A/U;2,1,62359;-;-;-;-;Ünite 1-19;KURTKAYASI RES(ARE);3194585;WIND;KURTKAYA/154/swTR-A/P;2,1,62671;KURTKAYA/154/swTR-A/Q;2,1,62707;48,6;-;-15,97;15,97;AKTİF
WIND;6282;OYAK ANKARA-1 GES (LİSANSSIZ);GES_AFTER_2020_KV;154;OA_YTM;5013643;LÜY_İLETİM_GES_K3 BAŞKENT_OYAK ANKARA-1 GES;OYAK1GES/154/BB-A/U;2,1,160742;-;-;-;-;Ünite 1-14;OYAK ANKARA-1 GES_TRA, TRB(ST)_LUY_GES_İLETİM_5.1.H;5013592;SUN;OYAK1GES/154/RGKTOP/P;2,1,161643;OYAK1GES/154/RGKTOP/Q;2,1,161644;97,8;-;-47,37;47,37;AKTİF
WIND;6227;İGA GES (LİSANSSIZ);GES_AFTER_2020_KV;400;OA_YTM;5012347;LÜY_İLETİM_GES_K3 OSMANGAZİ_İGA GES(ESKİŞEHİR);IGAGES/400/BB 1/U;2,1,158975;IGAGES/400/BB 2/U;2,1,158977;-;-;Ünite 1-18;İGA GES(ESKİŞEHİR)_(ST)_LUY_GES_İLETİM_5.1.H;5012361;SUN;IGAGES/400/RGKTOP/P;2,1,159930;IGAGES/400/RGKTOP/Q;2,1,159931;199,32;-;-96,54;96,54;AKTİF
WIND;6201;R3-ANKARA-2-1;WIND_AFTER_2013_RES_KV;154;OA_YTM;5003861;R3-ANKARA-2-1 RES;R3ANKARA/154/BB-1/U;2,1,153989;-;-;-;-;Ünite 1-12;R3-ANKARA-2-1 RES;5003862;WIND;R3ANKARA/154/swTR-1/P;2,1,154007;R3ANKARA/154/swTR-1/Q;2,1,154008;50;-;-16,43;16,43;AKTİF
WIND;6275;R3-KARAMAN-1 RES;WIND_AFTER_2013_RES_KV;154;OA_YTM;5012961;R3-KARAMAN-1 RES;R3KRMN1R/154/BB-A/U;2,1,158880;-;-;-;-;Ünite 1-17;R3-KARAMAN-1 RES;5012962;WIND;R3KRMN1R/154/swTR-A/P;2,1,158896;R3KRMN1R/154/swTR-A/Q;2,1,158897;42;-;-13,81;13,81;AKTİF
WIND;6239;R3-YOZGAT-1 RES;WIND_AFTER_2013_RES_KV;154;OA_YTM;5012663;R3-YOZGAT-1 RES;KARALIKR/154/BB-1/U;2,1,156165;-;-;-;-;ÜNİTE 1-5;R3-YOZGAT-1 RES;5012681;WIND;KARALIKR/154/RGKTOP/P;2,1,162006;KARALIKR/154/RGKTOP/Q;2,1,162007;50;-;-16,43;16,43;AKTİF
CONVENTIONAL;2108;SARIYAR 154;CONVENTIONAL_BEFORE_1996;154;OA_YTM;154;SARIYAR HES;SARIYAR/154/BB 1/U;2,1,106816;-;-;-;-;Gen 3;SARIYAR 1;882;RESERVOIR;SARIYAR/13.8/Gen 3/P;2,1,106859;SARIYAR/13.8/Gen 3/Q;2,1,106860;40;40;;;AKTİF
CONVENTIONAL;2108;SARIYAR 154;CONVENTIONAL_BEFORE_1996;154;OA_YTM;154;SARIYAR HES;SARIYAR/154/BB 1/U;2,1,106816;-;-;-;-;Gen 2;SARIYAR 1;882;RESERVOIR;SARIYAR/13.8/Gen 2/P;2,1,106855;SARIYAR/13.8/Gen 2/Q;2,1,106856;40;40;;;AKTİF
CONVENTIONAL;2108;SARIYAR 154;CONVENTIONAL_BEFORE_1996;154;OA_YTM;154;SARIYAR HES;SARIYAR/154/BB 1/U;2,1,106816;-;-;-;-;Gen 1;SARIYAR 1;882;RESERVOIR;SARIYAR/13.8/Gen 1/P;2,1,106846;SARIYAR/13.8/Gen 1/Q;2,1,106847;40;40;;;AKTİF
CONVENTIONAL;2108;SARIYAR 154;CONVENTIONAL_BEFORE_1996;154;OA_YTM;154;SARIYAR HES;SARIYAR/154/BB 1/U;2,1,106816;-;-;-;-;Gen 4;SARIYAR 1;882;RESERVOIR;SARIYAR/13.8/Gen 4/P;2,1,106863;SARIYAR/13.8/Gen 4/Q;2,1,106864;40;40;;;AKTİF
WIND;6083;TEKSİN GES;GES_AFTER_2020_KV;154;OA_YTM;15183;TEKSİN GES;TEKSINGE/154/BB-A/U;2,1,107775;-;-;-;-;ÜNİTE A;TEKSİN GES;3212790;SUN;TEKSINGE/154/swTR-1/P;2,1,107781;TEKSINGE/154/swTR-1/Q;2,1,107782;33,12;-;-16,04;16,04;AKTİF
CONVENTIONAL;2114;YAMULA HES 154;CONVENTIONAL_AFTER_1996;154;OA_YTM;348;YAMULA BARAJI VE HES;YAMULAHS/154/BB-1/U;2,1,50227;YAMULAHS/154/BB-2/U;2,1,50228;-;-;ÜNİTE-1;YAMULA HES-1;3204401;RESERVOIR;YAMULAHS/11/Gen1/P;2,1,50257;YAMULAHS/11/Gen1/Q;2,1,50258;50;25,5;;;AKTİF
CONVENTIONAL;2114;YAMULA HES 154;CONVENTIONAL_AFTER_1996;154;OA_YTM;348;YAMULA BARAJI VE HES;YAMULAHS/154/BB-1/U;2,1,50227;YAMULAHS/154/BB-2/U;2,1,50228;-;-;ÜNİTE-2;YAMULA HES-2;3204402;RESERVOIR;YAMULAHS/11/Gen2/P;2,1,50253;YAMULAHS/11/Gen2/Q;2,1,50254;50;25,5;;;AKTİF
CONVENTIONAL;2109;YENİCE 154;CONVENTIONAL_BEFORE_1996;154;OA_YTM;11782;YENİCE HES;YENICE/154/BB A/U;2,1,50623;-;-;-;-;ÜNİTE-1;YENİCE HES(KILIÇ ENR.);3200709;RESERVOIR;YENICE/34.5/Gen1/P;2,1,50664;YENICE/34.5/Gen1/Q;2,1,50665;12,33;10,5;;;AKTİF
CONVENTIONAL;2109;YENİCE 154;CONVENTIONAL_BEFORE_1996;154;OA_YTM;11782;YENİCE HES;YENICE/154/BB A/U;2,1,50623;-;-;-;-;ÜNİTE-3;YENİCE HES(KILIÇ ENR.);3200709;RESERVOIR;YENICE/34.5/Gen3/P;2,1,50672;YENICE/34.5/Gen3/Q;2,1,50673;12,33;10,5;;;AKTİF
CONVENTIONAL;2109;YENİCE 154;CONVENTIONAL_BEFORE_1996;154;OA_YTM;11782;YENİCE HES;YENICE/154/BB A/U;2,1,50623;-;-;-;-;ÜNİTE-2;YENİCE HES(KILIÇ ENR.);3200709;RESERVOIR;YENICE/34.5/Gen2/P;2,1,50668;YENICE/34.5/Gen2/Q;2,1,50669;12,33;10,5;;;AKTİF
CONVENTIONAL;6154;YUNUS EMRE TES;CONVENTIONAL_AFTER_1996;400;OA_YTM;8179;YUNUS EMRE TERMİK SANTRALİ;YUNUSEMR/380/BB 1/U;2,1,57737;-;-;-;-;GR-1;YUNUS EMRE TERMİK SANTRALİ;3222476;LIGNITE;YUNUSEMR/15/Gen 1/P;2,1,59633;YUNUSEMR/15/Gen 1/Q;2,1,59634;145;73;;;AKTİF
