"Tur";"ID";"Ad";"TM";"kV";"SCADA ID";"Durum";"Neden";"Kaynak Zaman";"Birincil";"Ikincil";"Yuklenme (%)";"Direction Metric";"Direction Value";"Direction Source";"Formula Sign";"Orientation Match";"Alias Match Basis";"Resolution Method";"Candidate Slot";"Source Side";"Target Side";"Selected Candidate";"Backup Used";"Formula Sign Applied";"Orientation Rule";"Candidate Conflict"
"bara";"5095";"154 B-1A";"GÖLBAŞI";"154";"";"missing-config-id";"Entity icin ilgili SCADA olcum ID tanimli degil.";"";"";"";"";"voltage";"";"";"0";"unknown";"";"";"";"";"";"";"";"";"";""
"bara";"5096";"154 B-1";"HACILAR";"154";"25804f0e-2b17-42dd-ad27-d06f59d751c0";"matched-stale";"Kaynak satir bulundu ancak veri stale durumda.";"20.04.2026 23:22:00";"158,10";"";"";"voltage";"158,10";"";"0";"unknown";"";"";"";"";"";"25804f0e-2b17-42dd-ad27-d06f59d751c0";"";"0";"";""
"bara";"5100";"154 B-1";"HASKÖY";"154";"7d71eca1-35cf-4ad9-9284-56c04e44ab31";"matched-live";"Kaynak satir tekil olarak eslesti.";"20.04.2026 23:23:00";"156,59";"";"";"voltage";"156,59";"";"0";"unknown";"";"";"";"";"";"7d71eca1-35cf-4ad9-9284-56c04e44ab31";"";"0";"";""
"bara";"5101";"154 B-2";"HASKÖY";"154";"74eb13a2-6817-48ee-af14-099cfc25c878";"matched-live";"Kaynak satir tekil olarak eslesti.";"20.04.2026 23:23:00";"157,28";"";"";"voltage";"157,28";"";"0";"unknown";"";"";"";"";"";"74eb13a2-6817-48ee-af14-099cfc25c878";"";"0";"";""
"bara";"5103";"154 B-1";"HİRFANLI HES";"154";"ba82ec3f-b062-4a66-9fe4-b0d77c23f4d7";"matched-stale";"Kaynak satir bulundu ancak veri stale durumda.";"20.04.2026 14:50:00";"154,00";"";"";"voltage";"154,00";"";"0";"unknown";"";"";"";"";"";"ba82ec3f-b062-4a66-9fe4-b0d77c23f4d7";"";"0";"";""
"bara";"5107";"154 B-1";"İMRAHOR";"154";"db1b1d72-66f6-429c-a2a8-740f5906f95d";"matched-live";"Kaynak satir tekil olarak eslesti.";"20.04.2026 23:23:00";"158,15";"";"";"voltage";"158,15";"";"0";"unknown";"";"";"";"";"";"db1b1d72-66f6-429c-a2a8-740f5906f95d";"";"0";"";""
"bara";"5108";"154 B-2";"İMRAHOR";"154";"408068b0-2e42-4773-b80d-ec99ad463a6b";"matched-live";"Kaynak satir tekil olarak eslesti.";"20.04.2026 23:23:00";"158,38";"";"";"voltage";"158,38";"";"0";"unknown";"";"";"";"";"";"408068b0-2e42-4773-b80d-ec99ad463a6b";"";"0";"";""
"bara";"5109";"154 B-1";"EREĞLİ KONYA";"154";"b16c2ba9-c0e6-4eb5-88d1-4425d6e37556";"matched-live";"Kaynak satir tekil olarak eslesti.";"20.04.2026 23:23:00";"160,01";"";"";"voltage";"160,01";"";"0";"unknown";"";"";"";"";"";"b16c2ba9-c0e6-4eb5-88d1-4425d6e37556";"";"0";"";""
"bara";"5111";"154 B-1";"KALABA";"154";"1e88a544-7288-4903-a1a9-73e60ea4d9ef";"matched-stale";"Kaynak satir bulundu ancak veri stale durumda.";"20.04.2026 23:22:00";"159,35";"";"";"voltage";"159,35";"";"0";"unknown";"";"";"";"";"";"1e88a544-7288-4903-a1a9-73e60ea4d9ef";"";"0";"";""
"bara";"5114";"154 B-1";"KALECİK";"154";"46f410fc-3656-4a45-ae00-b23972e03197";"matched-live";"Kaynak satir tekil olarak eslesti.";"20.04.2026 23:23:00";"158,35";"";"";"voltage";"158,35";"";"0";"unknown";"";"";"";"";"";"46f410fc-3656-4a45-ae00-b23972e03197";"";"0";"";""
"bara";"5116";"154 B-1";"KAPULUKAYA HES";"154";"49e97dcd-2965-4f98-80b9-b62b6b322239";"matched-live";"Kaynak satir tekil olarak eslesti.";"20.04.2026 23:23:00";"159,48";"";"";"voltage";"159,48";"";"0";"unknown";"";"";"";"";"";"49e97dcd-2965-4f98-80b9-b62b6b322239";"";"0";"";""
"bara";"5117";"154 B-1";"KARAMAN";"154";"377660d5-c946-448c-9845-2b2c8b99264f";"matched-live";"Kaynak satir tekil olarak eslesti.";"20.04.2026 23:23:00";"160,54";"";"";"voltage";"160,54";"";"0";"unknown";"";"";"";"";"";"377660d5-c946-448c-9845-2b2c8b99264f";"";"0";"";""
"bara";"5120";"154 B-1";"KARAMAN OSB";"154";"17b3c61f-59a8-42cd-856c-3813b99a8ad3";"matched-live";"Kaynak satir tekil olarak eslesti.";"20.04.2026 23:23:00";"160,79";"";"";"voltage";"160,79";"";"0";"unknown";"";"";"";"";"";"17b3c61f-59a8-42cd-856c-3813b99a8ad3";"";"0";"";""
"bara";"5121";"154 B-2";"KARAMAN OSB";"154";"26dcb70c-436f-4214-9a39-1b48253e6e60";"matched-live";"Kaynak satir tekil olarak eslesti.";"20.04.2026 23:23:00";"160,92";"";"";"voltage";"160,92";"";"0";"unknown";"";"";"";"";"";"26dcb70c-436f-4214-9a39-1b48253e6e60";"";"0";"";""
"bara";"5122";"154 B-1";"KARAPINAR";"154";"f948a948-c172-4fb2-a029-8e2ef42460ae";"matched-live";"Kaynak satir tekil olarak eslesti.";"20.04.2026 23:23:00";"159,98";"";"";"voltage";"159,98";"";"0";"unknown";"";"";"";"";"";"f948a948-c172-4fb2-a029-8e2ef42460ae";"";"0";"";""
"bara";"5132";"154 B-1";"KAYSERİ2";"154";"6d7e60ca-88b7-45eb-8f4d-b32fc1ed0550";"matched-live";"Kaynak satir tekil olarak eslesti.";"20.04.2026 23:23:00";"158,23";"";"";"voltage";"158,23";"";"0";"unknown";"";"";"";"";"";"6d7e60ca-88b7-45eb-8f4d-b32fc1ed0550";"";"0";"";""
"bara";"5133";"154 B-1";"KAYSERİ3";"154";"28509bab-68fc-476e-921d-db86c03c9509";"matched-live";"Kaynak satir tekil olarak eslesti.";"20.04.2026 23:23:00";"157,77";"";"";"voltage";"157,77";"";"0";"unknown";"";"";"";"";"";"28509bab-68fc-476e-921d-db86c03c9509";"";"0";"";""
"bara";"5136";"154 B-1";"KAYSERİ KAPASİTÖR";"154";"3f6d1ae1-7fca-4d2a-b6e4-000ad2ff3b43";"matched-live";"Kaynak satir tekil olarak eslesti.";"20.04.2026 23:23:00";"158,04";"";"";"voltage";"158,04";"";"0";"unknown";"";"";"";"";"";"3f6d1ae1-7fca-4d2a-b6e4-000ad2ff3b43";"";"0";"";""
"bara";"5142";"154 B-1";"KAZAN";"154";"5d4a7e15-f590-45d4-8681-9b29ed1e081f";"matched-live";"Kaynak satir tekil olarak eslesti.";"20.04.2026 23:23:00";"158,66";"";"";"voltage";"158,66";"";"0";"unknown";"";"";"";"";"";"5d4a7e15-f590-45d4-8681-9b29ed1e081f";"";"0";"";""
"bara";"5143";"154 B-2";"KAZAN";"154";"";"missing-config-id";"Entity icin ilgili SCADA olcum ID tanimli degil.";"";"";"";"";"voltage";"";"";"0";"unknown";"";"";"";"";"";"";"";"";"";""
"bara";"5146";"154 B-1";"KESİKKÖPRÜ HES";"154";"be38b7ec-4370-4ad9-95ac-3b5325066a23";"missing-source-row";"Olcum ID kaynak sorguda bulunamadi.";"";"";"";"";"voltage";"";"";"0";"unknown";"";"";"";"";"";"";"";"";"";""
"bara";"5147";"154 B-2";"KESİKKÖPRÜ HES";"154";"";"missing-config-id";"Entity icin ilgili SCADA olcum ID tanimli degil.";"";"";"";"";"voltage";"";"";"0";"unknown";"";"";"";"";"";"";"";"";"";""
"bara";"5148";"154 B-1";"KIRIKKALE";"154";"05009dfa-c0a8-4269-8228-45fc47d308a9";"matched-live";"Kaynak satir tekil olarak eslesti.";"20.04.2026 23:23:00";"155,94";"";"";"voltage";"155,94";"";"0";"unknown";"";"";"";"";"";"05009dfa-c0a8-4269-8228-45fc47d308a9";"";"0";"";""
"bara";"5153";"154 B-1";"KIRŞEHİR";"154";"3526e8d3-ccff-4d2d-8444-aa9a4e90f795";"matched-live";"Kaynak satir tekil olarak eslesti.";"20.04.2026 23:23:00";"156,93";"";"";"voltage";"156,93";"";"0";"unknown";"";"";"";"";"";"3526e8d3-ccff-4d2d-8444-aa9a4e90f795";"";"0";"";""
"bara";"5157";"154 B-1";"KIZÖREN";"154";"2d2b89cd-a620-42c2-b26d-afbaf476d3e4";"matched-live";"Kaynak satir tekil olarak eslesti.";"20.04.2026 23:23:00";"159,18";"";"";"voltage";"159,18";"";"0";"unknown";"";"";"";"";"";"2d2b89cd-a620-42c2-b26d-afbaf476d3e4";"";"0";"";""
"bara";"5158";"154 B-2";"KIZÖREN";"154";"";"missing-config-id";"Entity icin ilgili SCADA olcum ID tanimli degil.";"";"";"";"";"voltage";"";"";"0";"unknown";"";"";"";"";"";"";"";"";"";""
"bara";"5163";"154 B-1";"YAZIR";"154";"8b324c66-ecdb-474a-8f8c-aaeace09cc34";"matched-live";"Kaynak satir tekil olarak eslesti.";"20.04.2026 23:23:00";"157,63";"";"";"voltage";"157,63";"";"0";"unknown";"";"";"";"";"";"8b324c66-ecdb-474a-8f8c-aaeace09cc34";"";"0";"";""
"bara";"5166";"154 B-1";"KAYACIK";"154";"a20f3ac7-565d-439d-b879-ee66517fe666";"matched-live";"Kaynak satir tekil olarak eslesti.";"20.04.2026 23:23:00";"158,51";"";"";"voltage";"158,51";"";"0";"unknown";"";"";"";"";"";"a20f3ac7-565d-439d-b879-ee66517fe666";"";"0";"";""
"bara";"5171";"154 B-1";"KARATAY";"154";"5f073f22-6d13-41e0-b3da-ea6309c9bf2f";"matched-stale";"Kaynak satir bulundu ancak veri stale durumda.";"20.04.2026 23:22:00";"158,43";"";"";"voltage";"158,43";"";"0";"unknown";"";"";"";"";"";"5f073f22-6d13-41e0-b3da-ea6309c9bf2f";"";"0";"";""
"bara";"5172";"154 B-2";"KARATAY";"154";"fb39ccd7-ec1a-4f21-a934-cbed4545674c";"matched-live";"Kaynak satir tekil olarak eslesti.";"20.04.2026 23:23:00";"158,37";"";"";"voltage";"158,37";"";"0";"unknown";"";"";"";"";"";"fb39ccd7-ec1a-4f21-a934-cbed4545674c";"";"0";"";""
"bara";"5177";"154 B-1";"LADİK";"154";"3757a4c1-41db-4970-be57-64022c4553b6";"missing-source-row";"Olcum ID kaynak sorguda bulunamadi.";"";"";"";"";"voltage";"";"";"0";"unknown";"";"";"";"";"";"";"";"";"";""
"bara";"5181";"154 B-1";"MACUNKÖY";"154";"4b6ec56d-906d-47f7-aba6-6f87ba7c7623";"matched-live";"Kaynak satir tekil olarak eslesti.";"20.04.2026 23:23:00";"157,68";"";"";"voltage";"157,68";"";"0";"unknown";"";"";"";"";"";"4b6ec56d-906d-47f7-aba6-6f87ba7c7623";"";"0";"";""
"bara";"5182";"154 B-2";"MACUNKÖY";"154";"8564fe7b-a07a-4bda-a64c-f512d908f364";"matched-live";"Kaynak satir tekil olarak eslesti.";"20.04.2026 23:23:00";"157,32";"";"";"voltage";"157,32";"";"0";"unknown";"";"";"";"";"";"8564fe7b-a07a-4bda-a64c-f512d908f364";"";"0";"";""
"bara";"5183";"154 B-1";"MALTEPE ANKARA";"154";"340ec148-88e0-466e-a751-87c7ce1536fb";"matched-live";"Kaynak satir tekil olarak eslesti.";"20.04.2026 23:23:00";"158,92";"";"";"voltage";"158,92";"";"0";"unknown";"";"";"";"";"";"340ec148-88e0-466e-a751-87c7ce1536fb";"";"0";"";""
"bara";"5184";"154 B-2";"MALTEPE ANKARA";"154";"ad9968ec-ab2b-44dd-9514-7cd6f233566f";"matched-live";"Kaynak satir tekil olarak eslesti.";"20.04.2026 23:23:00";"158,75";"";"";"voltage";"158,75";"";"0";"unknown";"";"";"";"";"";"ad9968ec-ab2b-44dd-9514-7cd6f233566f";"";"0";"";""
"bara";"5189";"154 B-1";"MAMAK";"154";"8082a50c-a9fe-4a2b-a1df-2495e72d364f";"matched-live";"Kaynak satir tekil olarak eslesti.";"20.04.2026 23:23:00";"157,29";"";"";"voltage";"157,29";"";"0";"unknown";"";"";"";"";"";"8082a50c-a9fe-4a2b-a1df-2495e72d364f";"";"0";"";""
"bara";"5194";"154 B-1";"MİSLİOVA";"154";"41072a42-4202-4ba6-888a-4371a6b6b893";"matched-live";"Kaynak satir tekil olarak eslesti.";"20.04.2026 23:23:00";"160,02";"";"";"voltage";"160,02";"";"0";"unknown";"";"";"";"";"";"41072a42-4202-4ba6-888a-4371a6b6b893";"";"0";"";""
"bara";"5195";"154 B-2";"MİSLİOVA";"154";"";"missing-config-id";"Entity icin ilgili SCADA olcum ID tanimli degil.";"";"";"";"";"voltage";"";"";"0";"unknown";"";"";"";"";"";"";"";"";"";""
"bara";"5196";"154 B-1";"NEVŞEHİR";"154";"a28f9f12-c3cc-40d0-9d33-f97480eb9a70";"matched-live";"Kaynak satir tekil olarak eslesti.";"20.04.2026 23:23:00";"159,65";"";"";"voltage";"159,65";"";"0";"unknown";"";"";"";"";"";"a28f9f12-c3cc-40d0-9d33-f97480eb9a70";"";"0";"";""
"bara";"5198";"154 B-1";"NİĞDE";"154";"c2fc3d3b-c529-4a3b-a46f-164752b07b88";"matched-live";"Kaynak satir tekil olarak eslesti.";"20.04.2026 23:23:00";"159,17";"";"";"voltage";"159,17";"";"0";"unknown";"";"";"";"";"";"c2fc3d3b-c529-4a3b-a46f-164752b07b88";"";"0";"";""
"bara";"5200";"154 B-1";"OSTİM OSB";"154";"b251faca-86c2-4958-8eab-6760e06db09e";"matched-live";"Kaynak satir tekil olarak eslesti.";"20.04.2026 23:23:00";"158,47";"";"";"voltage";"158,47";"";"0";"unknown";"";"";"";"";"";"b251faca-86c2-4958-8eab-6760e06db09e";"";"0";"";""
"bara";"5202";"154 B-1";"OVACIK";"154";"";"missing-config-id";"Entity icin ilgili SCADA olcum ID tanimli degil.";"";"";"";"";"voltage";"";"";"0";"unknown";"";"";"";"";"";"";"";"";"";""
"bara";"5203";"154 B-2";"OVACIK";"154";"8e4fe0e9-5ccc-4502-a2b8-16a452a1dfa2";"matched-stale";"Kaynak satir bulundu ancak veri stale durumda.";"20.04.2026 23:22:00";"157,22";"";"";"voltage";"157,22";"";"0";"unknown";"";"";"";"";"";"8e4fe0e9-5ccc-4502-a2b8-16a452a1dfa2";"";"0";"";""
"bara";"5206";"154 B-1";"PETLAS";"154";"580d7931-318a-4dbf-af7b-9864121b01db";"matched-live";"Kaynak satir tekil olarak eslesti.";"20.04.2026 23:23:00";"157,71";"";"";"voltage";"157,71";"";"0";"unknown";"";"";"";"";"";"580d7931-318a-4dbf-af7b-9864121b01db";"";"0";"";""
"bara";"5209";"154 B-1";"POLATLI";"154";"8484f91e-5e70-4e29-ac6e-10639cf7ba63";"matched-live";"Kaynak satir tekil olarak eslesti.";"20.04.2026 23:23:00";"155,15";"";"";"voltage";"155,15";"";"0";"unknown";"";"";"";"";"";"8484f91e-5e70-4e29-ac6e-10639cf7ba63";"";"0";"";""
"bara";"5212";"154 B-1";"ŞEREFLİKOÇHİSAR";"154";"56944184-3047-4e67-9259-3fdd526ca202";"matched-live";"Kaynak satir tekil olarak eslesti.";"20.04.2026 23:23:00";"159,10";"";"";"voltage";"159,10";"";"0";"unknown";"";"";"";"";"";"56944184-3047-4e67-9259-3fdd526ca202";"";"0";"";""
"bara";"5213";"154 B-1";"SARIYAR HES";"154";"517c8c51-d348-4c43-ac9b-8f8d68c6e3a1";"matched-stale";"Kaynak satir bulundu ancak veri stale durumda.";"20.04.2026 23:21:00";"155,55";"";"";"voltage";"155,55";"";"0";"unknown";"";"";"";"";"";"517c8c51-d348-4c43-ac9b-8f8d68c6e3a1";"";"0";"";""
"bara";"5215";"154 B-1";"ŞARKIŞLA";"154";"93598fe4-a9b6-44f8-9328-79e957df6143";"matched-live";"Kaynak satir tekil olarak eslesti.";"20.04.2026 23:23:00";"159,81";"";"";"voltage";"159,81";"";"0";"unknown";"";"";"";"";"";"93598fe4-a9b6-44f8-9328-79e957df6143";"";"0";"";""
"bara";"5217";"154 B-1";"SENDİREMEKE";"154";"eba8e9cb-1798-4996-95f2-1203ff968870";"matched-live";"Kaynak satir tekil olarak eslesti.";"20.04.2026 23:23:00";"159,72";"";"";"voltage";"159,72";"";"0";"unknown";"";"";"";"";"";"eba8e9cb-1798-4996-95f2-1203ff968870";"";"0";"";""
"bara";"5223";"154 B-1A";"SİNCAN";"154";"297e1499-aab5-4fb8-8522-cd71cec6bd66";"matched-live";"Kaynak satir tekil olarak eslesti.";"20.04.2026 23:23:00";"158,10";"";"";"voltage";"158,10";"";"0";"unknown";"";"";"";"";"";"297e1499-aab5-4fb8-8522-cd71cec6bd66";"";"0";"";""
"bara";"5224";"154 B-1B";"SİNCAN";"154";"";"missing-config-id";"Entity icin ilgili SCADA olcum ID tanimli degil.";"";"";"";"";"voltage";"";"";"0";"unknown";"";"";"";"";"";"";"";"";"";""
"bara";"5225";"154 B-1";"SIZIR";"154";"3e500889-bf3c-4690-904b-5d0814398128";"matched-live";"Kaynak satir tekil olarak eslesti.";"20.04.2026 23:23:00";"160,94";"";"";"voltage";"160,94";"";"0";"unknown";"";"";"";"";"";"3e500889-bf3c-4690-904b-5d0814398128";"";"0";"";""
"bara";"5229";"154 B-1";"SORGUN";"154";"b1c460be-2217-4a43-a046-2bfe70f06ac7";"matched-live";"Kaynak satir tekil olarak eslesti.";"20.04.2026 23:23:00";"160,15";"";"";"voltage";"160,15";"";"0";"unknown";"";"";"";"";"";"b1c460be-2217-4a43-a046-2bfe70f06ac7";"";"0";"";""
"bara";"5231";"154 B-1";"TAKSAN";"154";"23b3717b-6eeb-4ec7-a07a-4e060e266f28";"matched-live";"Kaynak satir tekil olarak eslesti.";"20.04.2026 23:23:00";"158,41";"";"";"voltage";"158,41";"";"0";"unknown";"";"";"";"";"";"23b3717b-6eeb-4ec7-a07a-4e060e266f28";"";"0";"";""
"bara";"5234";"154 B-1";"TEMELLİ";"154";"bd584611-b5db-4d74-8b7d-3cebf43cdced";"matched-live";"Kaynak satir tekil olarak eslesti.";"20.04.2026 23:23:00";"156,09";"";"";"voltage";"156,09";"";"0";"unknown";"";"";"";"";"";"bd584611-b5db-4d74-8b7d-3cebf43cdced";"";"0";"";""
"bara";"5235";"154 B-2";"TEMELLİ";"154";"53aeb0f8-eb6e-41a0-8f8a-46e6642e5a1a";"matched-live";"Kaynak satir tekil olarak eslesti.";"20.04.2026 23:23:00";"155,53";"";"";"voltage";"155,53";"";"0";"unknown";"";"";"";"";"";"53aeb0f8-eb6e-41a0-8f8a-46e6642e5a1a";"";"0";"";""
"bara";"5236";"154 B-1";"TÜMOSAN";"154";"35de62e5-737b-4c06-a71c-56b8e0bf0f47";"matched-live";"Kaynak satir tekil olarak eslesti.";"20.04.2026 23:23:00";"156,73";"";"";"voltage";"156,73";"";"0";"unknown";"";"";"";"";"";"35de62e5-737b-4c06-a71c-56b8e0bf0f47";"";"0";"";""
"bara";"5238";"154 B-1";"ÜMİTKÖY";"154";"71db7f73-840d-43d3-bd37-493d4a203ceb";"matched-live";"Kaynak satir tekil olarak eslesti.";"20.04.2026 23:23:00";"155,81";"";"";"voltage";"155,81";"";"0";"unknown";"";"";"";"";"";"71db7f73-840d-43d3-bd37-493d4a203ceb";"";"0";"";""
"bara";"5241";"154 B-1";"YAMULA HES";"154";"4842a086-c939-435f-9cf0-c0f1aefaf226";"matched-stale";"Kaynak satir bulundu ancak veri stale durumda.";"20.04.2026 23:22:00";"160,01";"";"";"voltage";"160,01";"";"0";"unknown";"";"";"";"";"";"4842a086-c939-435f-9cf0-c0f1aefaf226";"";"0";"";""
"bara";"5242";"154 B-2";"YAMULA HES";"154";"";"missing-config-id";"Entity icin ilgili SCADA olcum ID tanimli degil.";"";"";"";"";"voltage";"";"";"0";"unknown";"";"";"";"";"";"";"";"";"";""
"bara";"5245";"154 B-1";"YEŞİLHİSAR";"154";"9019da4a-0a74-4029-9418-9cbfc85a730c";"matched-live";"Kaynak satir tekil olarak eslesti.";"20.04.2026 23:23:00";"157,56";"";"";"voltage";"157,56";"";"0";"unknown";"";"";"";"";"";"9019da4a-0a74-4029-9418-9cbfc85a730c";"";"0";"";""
"bara";"5246";"154 B-2";"YEŞİLHİSAR";"154";"";"missing-config-id";"Entity icin ilgili SCADA olcum ID tanimli degil.";"";"";"";"";"voltage";"";"";"0";"unknown";"";"";"";"";"";"";"";"";"";""
"bara";"5248";"154 B-1";"YİBİTAŞ";"154";"d5d98d8b-ce1b-42a2-924d-c7c285ab91db";"matched-live";"Kaynak satir tekil olarak eslesti.";"20.04.2026 23:23:00";"160,04";"";"";"voltage";"160,04";"";"0";"unknown";"";"";"";"";"";"d5d98d8b-ce1b-42a2-924d-c7c285ab91db";"";"0";"";""
"bara";"5251";"154 B-1";"YILDIZ";"154";"31d0378c-1b80-4728-8b4a-429edf091da8";"matched-live";"Kaynak satir tekil olarak eslesti.";"20.04.2026 23:23:00";"154,85";"";"";"voltage";"154,85";"";"0";"unknown";"";"";"";"";"";"31d0378c-1b80-4728-8b4a-429edf091da8";"";"0";"";""
"bara";"5256";"154 B-1";"YOZGAT";"154";"80f69f62-b56f-43d8-9b12-d7e270400fa5";"matched-live";"Kaynak satir tekil olarak eslesti.";"20.04.2026 23:23:00";"159,78";"";"";"voltage";"159,78";"";"0";"unknown";"";"";"";"";"";"80f69f62-b56f-43d8-9b12-d7e270400fa5";"";"0";"";""
"bara";"5263";"400 B-1";"BAĞLUM";"400";"5b8c00ec-89e2-486f-9e46-0a04b7b8c36d";"matched-live";"Kaynak satir tekil olarak eslesti.";"20.04.2026 23:23:00";"405,26";"";"";"voltage";"405,26";"";"0";"unknown";"";"";"";"";"";"5b8c00ec-89e2-486f-9e46-0a04b7b8c36d";"";"0";"";""
"bara";"5264";"400 B1-A";"ÇAYIRHAN TES";"400";"813a5063-31c1-4547-ae61-2d04701ef1e3";"matched-stale";"Kaynak satir bulundu ancak veri stale durumda.";"20.04.2026 23:21:00";"400,95";"";"";"voltage";"400,95";"";"0";"unknown";"";"";"";"";"";"813a5063-31c1-4547-ae61-2d04701ef1e3";"";"0";"";""
"bara";"5265";"400 B-1";"GÖKÇEKAYA HES";"400";"3d7120c6-c24d-4a0e-b850-24fd47741105";"matched-live";"Kaynak satir tekil olarak eslesti.";"20.04.2026 23:23:00";"404,71";"";"";"voltage";"404,71";"";"0";"unknown";"";"";"";"";"";"3d7120c6-c24d-4a0e-b850-24fd47741105";"";"0";"";""
"bara";"5268";"400 B-1";"GÖLBAŞI";"400";"29f1e8c2-c217-477e-8663-e41a5e35ed00";"matched-live";"Kaynak satir tekil olarak eslesti.";"20.04.2026 23:23:00";"406,96";"";"";"voltage";"406,96";"";"0";"unknown";"";"";"";"";"";"29f1e8c2-c217-477e-8663-e41a5e35ed00";"";"0";"";""
"bara";"5269";"400 B-1";"EREĞLİ KONYA";"400";"3a65dfc8-d20b-486d-b27b-33723bab6c83";"matched-live";"Kaynak satir tekil olarak eslesti.";"20.04.2026 23:23:00";"411,03";"";"";"voltage";"411,03";"";"0";"unknown";"";"";"";"";"";"3a65dfc8-d20b-486d-b27b-33723bab6c83";"";"0";"";""
"bara";"5274";"400 B-1";"KAYSERİ KAPASİTÖR";"400";"ecb61650-9957-42bf-ae70-cd6b74823cb2";"matched-live";"Kaynak satir tekil olarak eslesti.";"20.04.2026 23:23:00";"407,04";"";"";"voltage";"407,04";"";"0";"unknown";"";"";"";"";"";"ecb61650-9957-42bf-ae70-cd6b74823cb2";"";"0";"";""
"bara";"5276";"400 B-1";"KARATAY";"400";"c1d6e195-bf25-4bfe-861a-23252dbd7cc1";"matched-live";"Kaynak satir tekil olarak eslesti.";"20.04.2026 23:23:00";"409,02";"";"";"voltage";"409,02";"";"0";"unknown";"";"";"";"";"";"c1d6e195-bf25-4bfe-861a-23252dbd7cc1";"";"0";"";""
"bara";"5279";"400 B-1";"SİNCAN";"400";"bbbe7d72-b4be-4272-9566-450edb154497";"matched-live";"Kaynak satir tekil olarak eslesti.";"20.04.2026 23:23:00";"406,60";"";"";"voltage";"406,60";"";"0";"unknown";"";"";"";"";"";"bbbe7d72-b4be-4272-9566-450edb154497";"";"0";"";""
"bara";"5284";"400 B-1";"TEMELLİ";"400";"6d092708-deaa-498f-9a18-adda4acbb5a2";"matched-live";"Kaynak satir tekil olarak eslesti.";"20.04.2026 23:23:00";"403,33";"";"";"voltage";"403,33";"";"0";"unknown";"";"";"";"";"";"6d092708-deaa-498f-9a18-adda4acbb5a2";"";"0";"";""
"bara";"5295";"400 B-1";"YEŞİLHİSAR";"400";"44262063-4b3e-4943-804f-76f6384f15f4";"matched-live";"Kaynak satir tekil olarak eslesti.";"20.04.2026 23:23:00";"408,85";"";"";"voltage";"408,85";"";"0";"unknown";"";"";"";"";"";"44262063-4b3e-4943-804f-76f6384f15f4";"";"0";"";""
"bara";"5296";"154 B-1";"ALİBEY HÖYÜĞÜ";"154";"8408b6ef-ab6e-48f2-ad6d-a5a88464850e";"matched-live";"Kaynak satir tekil olarak eslesti.";"20.04.2026 23:23:00";"156,11";"";"";"voltage";"156,11";"";"0";"unknown";"";"";"";"";"";"8408b6ef-ab6e-48f2-ad6d-a5a88464850e";"";"0";"";""
"bara";"5300";"154 B-1";"AKDAĞ MADENİ";"154";"bbf961dd-d046-4132-ac87-07b97eda0ec3";"matched-live";"Kaynak satir tekil olarak eslesti.";"20.04.2026 23:23:00";"161,68";"";"";"voltage";"161,68";"";"0";"unknown";"";"";"";"";"";"bbf961dd-d046-4132-ac87-07b97eda0ec3";"";"0";"";""
"bara";"5310";"154 B-1";"ANKARA SANAYİ";"154";"59e89a13-68b8-43e6-9f79-29574438bc79";"matched-stale";"Kaynak satir bulundu ancak veri stale durumda.";"20.04.2026 23:22:00";"158,00";"";"";"voltage";"158,00";"";"0";"unknown";"";"";"";"";"";"59e89a13-68b8-43e6-9f79-29574438bc79";"";"0";"";""
"bara";"5316";"154 B-1";"BAĞLUM";"154";"22f1eba2-9a98-4967-affe-53575ee3e016";"matched-live";"Kaynak satir tekil olarak eslesti.";"20.04.2026 23:23:00";"157,38";"";"";"voltage";"157,38";"";"0";"unknown";"";"";"";"";"";"22f1eba2-9a98-4967-affe-53575ee3e016";"";"0";"";""
"bara";"5317";"154 B-2";"BAĞLUM";"154";"a48d1dca-0e53-488f-a96f-346a1bb95bdc";"matched-live";"Kaynak satir tekil olarak eslesti.";"20.04.2026 23:23:00";"157,39";"";"";"voltage";"157,39";"";"0";"unknown";"";"";"";"";"";"a48d1dca-0e53-488f-a96f-346a1bb95bdc";"";"0";"";""
"bara";"5318";"154 B-1";"BALGAT";"154";"6dee298f-2160-47d6-b590-4a6900bc5a40";"matched-live";"Kaynak satir tekil olarak eslesti.";"20.04.2026 23:23:00";"155,81";"";"";"voltage";"155,81";"";"0";"unknown";"";"";"";"";"";"6dee298f-2160-47d6-b590-4a6900bc5a40";"";"0";"";""
"bara";"5322";"154 B-1";"BAŞTAŞ";"154";"ecc8a17a-bd1c-4636-951d-88536e9dc1db";"matched-live";"Kaynak satir tekil olarak eslesti.";"20.04.2026 23:23:00";"157,89";"";"";"voltage";"157,89";"";"0";"unknown";"";"";"";"";"";"ecc8a17a-bd1c-4636-951d-88536e9dc1db";"";"0";"";""
"bara";"5325";"154 B-1A";"BAYMİNA DGKÇ";"154";"53aeb0f8-eb6e-41a0-8f8a-46e6642e5a1a";"matched-live";"Kaynak satir tekil olarak eslesti.";"20.04.2026 23:23:00";"155,53";"";"";"voltage";"155,53";"";"0";"unknown";"";"";"";"";"";"53aeb0f8-eb6e-41a0-8f8a-46e6642e5a1a";"";"0";"";""
"bara";"5326";"154 B-1B";"BAYMİNA DGKÇ";"154";"";"missing-config-id";"Entity icin ilgili SCADA olcum ID tanimli degil.";"";"";"";"";"voltage";"";"";"0";"unknown";"";"";"";"";"";"";"";"";"";""
"bara";"5327";"154 B-1C";"BAYMİNA DGKÇ";"154";"";"missing-config-id";"Entity icin ilgili SCADA olcum ID tanimli degil.";"";"";"";"";"voltage";"";"";"0";"unknown";"";"";"";"";"";"";"";"";"";""
"bara";"5328";"154 B-1";"BEYLİKKÖPRÜ";"154";"89e22c74-05bd-466e-839c-863a525f45e8";"matched-stale";"Kaynak satir bulundu ancak veri stale durumda.";"20.04.2026 23:19:00";"145,13";"";"";"voltage";"145,13";"";"0";"unknown";"";"";"";"";"";"89e22c74-05bd-466e-839c-863a525f45e8";"";"0";"";""
"bara";"5329";"154 B-1";"BEYPAZARI";"154";"5918bfbe-1be6-4e24-bdba-64279dc367e1";"matched-live";"Kaynak satir tekil olarak eslesti.";"20.04.2026 23:23:00";"157,82";"";"";"voltage";"157,82";"";"0";"unknown";"";"";"";"";"";"5918bfbe-1be6-4e24-bdba-64279dc367e1";"";"0";"";""
"bara";"5332";"154 B-1";"BOĞAZLIYAN";"154";"e85d8c91-4e23-452b-9766-1cf4e2ad6375";"matched-live";"Kaynak satir tekil olarak eslesti.";"20.04.2026 23:23:00";"160,13";"";"";"voltage";"160,13";"";"0";"unknown";"";"";"";"";"";"e85d8c91-4e23-452b-9766-1cf4e2ad6375";"";"0";"";""
"bara";"5333";"154 B-1";"BOR";"154";"4e14dfbf-d08d-42a2-9da3-3138d9e41537";"matched-live";"Kaynak satir tekil olarak eslesti.";"20.04.2026 23:23:00";"159,11";"";"";"voltage";"159,11";"";"0";"unknown";"";"";"";"";"";"4e14dfbf-d08d-42a2-9da3-3138d9e41537";"";"0";"";""
"bara";"5336";"154 B-1";"ÇAMLICA1 HES";"154";"9123fbf6-fa8f-4c82-9f89-073e58900fc4";"matched-live";"Kaynak satir tekil olarak eslesti.";"20.04.2026 23:23:00";"159,70";"";"";"voltage";"159,70";"";"0";"unknown";"";"";"";"";"";"9123fbf6-fa8f-4c82-9f89-073e58900fc4";"";"0";"";""
"bara";"5337";"154 B-2";"ÇAMLICA1 HES";"154";"";"missing-config-id";"Entity icin ilgili SCADA olcum ID tanimli degil.";"";"";"";"";"voltage";"";"";"0";"unknown";"";"";"";"";"";"";"";"";"";""
"bara";"5338";"154 B-1";"ÇAYIRHAN TES";"154";"11ebeecd-351a-4efa-a5ab-1546b69d995d";"matched-live";"Kaynak satir tekil olarak eslesti.";"20.04.2026 23:23:00";"154,73";"";"";"voltage";"154,73";"";"0";"unknown";"";"";"";"";"";"11ebeecd-351a-4efa-a5ab-1546b69d995d";"";"0";"";""
"bara";"5343";"154 B-1";"CİHANBEYLİ";"154";"5d5d55c1-ae5d-41dc-a449-e87660811f24";"matched-live";"Kaynak satir tekil olarak eslesti.";"20.04.2026 23:23:00";"156,75";"";"";"voltage";"156,75";"";"0";"unknown";"";"";"";"";"";"5d5d55c1-ae5d-41dc-a449-e87660811f24";"";"0";"";""
"bara";"5344";"154 B-1";"ÇİMPOR";"154";"6c0b9799-850e-453a-9a74-4e22f96b8430";"matched-stale";"Kaynak satir bulundu ancak veri stale durumda.";"20.04.2026 23:22:00";"155,80";"";"";"voltage";"155,80";"";"0";"unknown";"";"";"";"";"";"6c0b9799-850e-453a-9a74-4e22f96b8430";"";"0";"";""
"bara";"5345";"154 B-2";"ÇİMPOR";"154";"";"missing-config-id";"Entity icin ilgili SCADA olcum ID tanimli degil.";"";"";"";"";"voltage";"";"";"0";"unknown";"";"";"";"";"";"";"";"";"";""
"bara";"5348";"154 B-1";"ÇİNKUR";"154";"ea5e94db-fb9e-4440-ba73-f2012941fcaa";"matched-live";"Kaynak satir tekil olarak eslesti.";"20.04.2026 23:23:00";"159,25";"";"";"voltage";"159,25";"";"0";"unknown";"";"";"";"";"";"ea5e94db-fb9e-4440-ba73-f2012941fcaa";"";"0";"";""
"bara";"5353";"154 B-1";"ÇUMRA";"154";"ab0400c1-eda0-4580-a9dc-5eb088f4ddbb";"matched-live";"Kaynak satir tekil olarak eslesti.";"20.04.2026 23:23:00";"156,82";"";"";"voltage";"156,82";"";"0";"unknown";"";"";"";"";"";"ab0400c1-eda0-4580-a9dc-5eb088f4ddbb";"";"0";"";""
"bara";"5355";"154 B-1";"DERİNKUYU";"154";"c9cc884f-86fa-4653-8a0d-5d7a1710244a";"matched-live";"Kaynak satir tekil olarak eslesti.";"20.04.2026 23:23:00";"158,81";"";"";"voltage";"158,81";"";"0";"unknown";"";"";"";"";"";"c9cc884f-86fa-4653-8a0d-5d7a1710244a";"";"0";"";""
"bara";"5356";"154 B-2";"DERİNKUYU";"154";"";"missing-config-id";"Entity icin ilgili SCADA olcum ID tanimli degil.";"";"";"";"";"voltage";"";"";"0";"unknown";"";"";"";"";"";"";"";"";"";""
"bara";"5358";"154 B-1";"EMİRLER";"154";"f0c8b882-c0df-4077-a297-27de022741d1";"matched-live";"Kaynak satir tekil olarak eslesti.";"20.04.2026 23:23:00";"156,63";"";"";"voltage";"156,63";"";"0";"unknown";"";"";"";"";"";"f0c8b882-c0df-4077-a297-27de022741d1";"";"0";"";""
"bara";"5360";"154 B-1";"ESENBOĞA";"154";"3b922358-896f-4d85-845d-8bce5bb447eb";"matched-live";"Kaynak satir tekil olarak eslesti.";"20.04.2026 23:23:00";"158,44";"";"";"voltage";"158,44";"";"0";"unknown";"";"";"";"";"";"3b922358-896f-4d85-845d-8bce5bb447eb";"";"0";"";""
"bara";"5363";"154 B-1";"ETİ SODA";"154";"1bd192b3-b525-445c-b2c7-d65fad2fd577";"matched-live";"Kaynak satir tekil olarak eslesti.";"20.04.2026 23:23:00";"154,91";"";"";"voltage";"154,91";"";"0";"unknown";"";"";"";"";"";"1bd192b3-b525-445c-b2c7-d65fad2fd577";"";"0";"";""
"bara";"5365";"154 B-1";"KULU";"154";"dcee4cb1-30d6-44a3-9338-de832f4b61c1";"matched-live";"Kaynak satir tekil olarak eslesti.";"20.04.2026 23:23:00";"156,65";"";"";"voltage";"156,65";"";"0";"unknown";"";"";"";"";"";"dcee4cb1-30d6-44a3-9338-de832f4b61c1";"";"0";"";""
"bara";"5368";"154 B-1";"GÜNEYSINIR";"154";"46307014-185e-49b3-ac9f-7c230ec993ee";"matched-live";"Kaynak satir tekil olarak eslesti.";"20.04.2026 23:23:00";"159,20";"";"";"voltage";"159,20";"";"0";"unknown";"";"";"";"";"";"46307014-185e-49b3-ac9f-7c230ec993ee";"";"0";"";""
"bara";"5369";"154 B-1";"BAYRAMHACILI HES";"154";"aef439d9-52b6-4597-aae3-0f9b5658d021";"matched-stale";"Kaynak satir bulundu ancak veri stale durumda.";"20.04.2026 23:11:00";"158,80";"";"";"voltage";"158,80";"";"0";"unknown";"";"";"";"";"";"aef439d9-52b6-4597-aae3-0f9b5658d021";"";"0";"";""
"bara";"5370";"154 B-1A";"DDY KOCAHACILI";"154";"825a7fdb-2dc9-4234-9be8-cc4ea0b806dd";"matched-stale";"Kaynak satir bulundu ancak veri stale durumda.";"20.04.2026 14:50:00";"0,00";"";"";"voltage";"0,00";"";"0";"unknown";"";"";"";"";"";"825a7fdb-2dc9-4234-9be8-cc4ea0b806dd";"";"0";"";""
"bara";"5371";"154 B-1A";"DDY ÇAYIRBAŞI";"154";"";"missing-config-id";"Entity icin ilgili SCADA olcum ID tanimli degil.";"";"";"";"";"voltage";"";"";"0";"unknown";"";"";"";"";"";"";"";"";"";""
"bara";"5372";"154 B-1A";"DDY GÖZLÜ";"154";"7a813d2a-8837-4a01-ad93-f2ec698a49a7";"matched-stale";"Kaynak satir bulundu ancak veri stale durumda.";"20.04.2026 14:50:00";"0,00";"";"";"voltage";"0,00";"";"0";"unknown";"";"";"";"";"";"7a813d2a-8837-4a01-ad93-f2ec698a49a7";"";"0";"";""
"bara";"5373";"154 B-1A";"DDY A.PINARBAŞI";"154";"225fd133-4eae-4fba-87ee-b414e0c0919c";"matched-stale";"Kaynak satir bulundu ancak veri stale durumda.";"20.04.2026 14:50:00";"0,00";"";"";"voltage";"0,00";"";"0";"unknown";"";"";"";"";"";"225fd133-4eae-4fba-87ee-b414e0c0919c";"";"0";"";""
"bara";"5374";"154 B-1";"KEPEZKAYA HAVZA";"154";"c7fd500c-6324-47b6-b016-80710e95a40a";"matched-live";"Kaynak satir tekil olarak eslesti.";"20.04.2026 23:23:00";"160,13";"";"";"voltage";"160,13";"";"0";"unknown";"";"";"";"";"";"c7fd500c-6324-47b6-b016-80710e95a40a";"";"0";"";""
"bara";"5376";"154 B-1";"NİĞDE OSB";"154";"f2844772-1691-4717-bbc8-09509d14742e";"matched-live";"Kaynak satir tekil olarak eslesti.";"20.04.2026 23:23:00";"158,55";"";"";"voltage";"158,55";"";"0";"unknown";"";"";"";"";"";"f2844772-1691-4717-bbc8-09509d14742e";"";"0";"";""
"bara";"5377";"154 B-1";"ÇAMLICA3 HES";"154";"0deee525-09b1-4e06-8b6b-1ed0a77561a2";"matched-live";"Kaynak satir tekil olarak eslesti.";"20.04.2026 23:23:00";"158,95";"";"";"voltage";"158,95";"";"0";"unknown";"";"";"";"";"";"0deee525-09b1-4e06-8b6b-1ed0a77561a2";"";"0";"";""
"bara";"5378";"154 B-1";"KEPEZKAYA HES";"154";"7e02c640-e058-49a4-9a11-3212fbf49e1b";"matched-stale";"Kaynak satir bulundu ancak veri stale durumda.";"20.04.2026 14:50:00";"0,00";"";"";"voltage";"0,00";"";"0";"unknown";"";"";"";"";"";"7e02c640-e058-49a4-9a11-3212fbf49e1b";"";"0";"";""
"bara";"5380";"154 B-1";"AKSU RES";"154";"b20c4aea-ae62-4f24-93d0-19e8115386dc";"matched-stale";"Kaynak satir bulundu ancak veri stale durumda.";"20.04.2026 23:22:00";"159,15";"";"";"voltage";"159,15";"";"0";"unknown";"";"";"";"";"";"b20c4aea-ae62-4f24-93d0-19e8115386dc";"";"0";"";""
"bara";"5384";"154 B-1";"YENİCE HES";"154";"837c4a7d-6f7e-4a21-8fab-e3a927077fed";"matched-live";"Kaynak satir tekil olarak eslesti.";"20.04.2026 23:23:00";"160,02";"";"";"voltage";"160,02";"";"0";"unknown";"";"";"";"";"";"837c4a7d-6f7e-4a21-8fab-e3a927077fed";"";"0";"";""
"bara";"5386";"154 B-1";"DDY BEYLİKKÖPRÜ";"154";"";"missing-config-id";"Entity icin ilgili SCADA olcum ID tanimli degil.";"";"";"";"";"voltage";"";"";"0";"unknown";"";"";"";"";"";"";"";"";"";""
"bara";"5387";"154 B-1";"DDY SAZAK";"154";"";"missing-config-id";"Entity icin ilgili SCADA olcum ID tanimli degil.";"";"";"";"";"voltage";"";"";"0";"unknown";"";"";"";"";"";"";"";"";"";""
"bara";"5502";"154 B-1";"SİVRİHİSAR";"154";"6c4c81ff-1de5-4ce1-8122-c3211394105f";"matched-stale";"Kaynak satir bulundu ancak veri stale durumda.";"20.04.2026 23:22:00";"158,66";"";"";"voltage";"158,66";"";"0";"unknown";"";"";"";"";"";"6c4c81ff-1de5-4ce1-8122-c3211394105f";"";"0";"";""
"bara";"5509";"154 B-1";"ALTINEKİN";"154";"30917e27-3052-4e6e-abe6-cd9e3bab5e4c";"matched-live";"Kaynak satir tekil olarak eslesti.";"20.04.2026 23:23:00";"158,80";"";"";"voltage";"158,80";"";"0";"unknown";"";"";"";"";"";"30917e27-3052-4e6e-abe6-cd9e3bab5e4c";"";"0";"";""
"bara";"5864";"154 B-1";"İNCEK";"154";"d01f9c4b-9f3a-41f7-8845-68654f87c96f";"matched-live";"Kaynak satir tekil olarak eslesti.";"20.04.2026 23:23:00";"154,96";"";"";"voltage";"154,96";"";"0";"unknown";"";"";"";"";"";"d01f9c4b-9f3a-41f7-8845-68654f87c96f";"";"0";"";""
"bara";"5946";"154 B-1";"GEYCEK RES";"154";"815298cf-3cdd-4755-88bb-8d98f1046eea";"matched-live";"Kaynak satir tekil olarak eslesti.";"20.04.2026 23:23:00";"158,52";"";"";"voltage";"158,52";"";"0";"unknown";"";"";"";"";"";"815298cf-3cdd-4755-88bb-8d98f1046eea";"";"0";"";""
"bara";"5947";"154 B-2";"GEYCEK RES";"154";"";"missing-config-id";"Entity icin ilgili SCADA olcum ID tanimli degil.";"";"";"";"";"voltage";"";"";"0";"unknown";"";"";"";"";"";"";"";"";"";""
"bara";"6004";"154 B-T";"ANKARA SANAYİ";"154";"";"missing-config-id";"Entity icin ilgili SCADA olcum ID tanimli degil.";"";"";"";"";"voltage";"";"";"0";"unknown";"";"";"";"";"";"";"";"";"";""
"bara";"6005";"400 B-2";"BAĞLUM";"400";"";"missing-config-id";"Entity icin ilgili SCADA olcum ID tanimli degil.";"";"";"";"";"voltage";"";"";"0";"unknown";"";"";"";"";"";"";"";"";"";""
"bara";"6007";"400 B-T";"BAĞLUM";"400";"";"missing-config-id";"Entity icin ilgili SCADA olcum ID tanimli degil.";"";"";"";"";"voltage";"";"";"0";"unknown";"";"";"";"";"";"";"";"";"";""
"bara";"6008";"154 B-T";"BAĞLUM";"154";"";"missing-config-id";"Entity icin ilgili SCADA olcum ID tanimli degil.";"";"";"";"";"voltage";"";"";"0";"unknown";"";"";"";"";"";"";"";"";"";""
"bara";"6009";"154 B-T";"BALGAT";"154";"";"missing-config-id";"Entity icin ilgili SCADA olcum ID tanimli degil.";"";"";"";"";"voltage";"";"";"0";"unknown";"";"";"";"";"";"";"";"";"";""
"bara";"6010";"154 B-T";"BAŞTAŞ";"154";"";"missing-config-id";"Entity icin ilgili SCADA olcum ID tanimli degil.";"";"";"";"";"voltage";"";"";"0";"unknown";"";"";"";"";"";"";"";"";"";""
"bara";"6011";"154 B-T";"ÇAYIRHAN TES";"154";"";"missing-config-id";"Entity icin ilgili SCADA olcum ID tanimli degil.";"";"";"";"";"voltage";"";"";"0";"unknown";"";"";"";"";"";"";"";"";"";""
"bara";"6012";"154 B-TA";"SİNCAN";"154";"";"missing-config-id";"Entity icin ilgili SCADA olcum ID tanimli degil.";"";"";"";"";"voltage";"";"";"0";"unknown";"";"";"";"";"";"";"";"";"";""
"bara";"6013";"154 B-TB";"SİNCAN";"154";"";"missing-config-id";"Entity icin ilgili SCADA olcum ID tanimli degil.";"";"";"";"";"voltage";"";"";"0";"unknown";"";"";"";"";"";"";"";"";"";""
"bara";"6014";"400 B-2";"SİNCAN";"400";"";"missing-config-id";"Entity icin ilgili SCADA olcum ID tanimli degil.";"";"";"";"";"voltage";"";"";"0";"unknown";"";"";"";"";"";"";"";"";"";""
"bara";"6015";"400 B-T";"SİNCAN";"400";"";"missing-config-id";"Entity icin ilgili SCADA olcum ID tanimli degil.";"";"";"";"";"voltage";"";"";"0";"unknown";"";"";"";"";"";"";"";"";"";""
"bara";"6016";"400 B-2";"TEMELLİ";"400";"";"missing-config-id";"Entity icin ilgili SCADA olcum ID tanimli degil.";"";"";"";"";"voltage";"";"";"0";"unknown";"";"";"";"";"";"";"";"";"";""
"bara";"6017";"400 B-T";"TEMELLİ";"400";"";"missing-config-id";"Entity icin ilgili SCADA olcum ID tanimli degil.";"";"";"";"";"voltage";"";"";"0";"unknown";"";"";"";"";"";"";"";"";"";""
"bara";"6018";"154 B-T";"TEMELLİ";"154";"";"missing-config-id";"Entity icin ilgili SCADA olcum ID tanimli degil.";"";"";"";"";"voltage";"";"";"0";"unknown";"";"";"";"";"";"";"";"";"";""
"bara";"6019";"154 B-T";"BEYLİKKÖPRÜ";"154";"";"missing-config-id";"Entity icin ilgili SCADA olcum ID tanimli degil.";"";"";"";"";"voltage";"";"";"0";"unknown";"";"";"";"";"";"";"";"";"";""
"bara";"6020";"154 B-T";"BEYPAZARI";"154";"";"missing-config-id";"Entity icin ilgili SCADA olcum ID tanimli degil.";"";"";"";"";"voltage";"";"";"0";"unknown";"";"";"";"";"";"";"";"";"";""
"bara";"6021";"154 B-T";"YILDIZ";"154";"";"missing-config-id";"Entity icin ilgili SCADA olcum ID tanimli degil.";"";"";"";"";"voltage";"";"";"0";"unknown";"";"";"";"";"";"";"";"";"";""
"bara";"6022";"154 B-T";"EMİRLER";"154";"";"missing-config-id";"Entity icin ilgili SCADA olcum ID tanimli degil.";"";"";"";"";"voltage";"";"";"0";"unknown";"";"";"";"";"";"";"";"";"";""
"bara";"6023";"154 B-T";"ESENBOĞA";"154";"";"missing-config-id";"Entity icin ilgili SCADA olcum ID tanimli degil.";"";"";"";"";"voltage";"";"";"0";"unknown";"";"";"";"";"";"";"";"";"";""
"bara";"6024";"154 B-T";"KALECİK";"154";"";"missing-config-id";"Entity icin ilgili SCADA olcum ID tanimli degil.";"";"";"";"";"voltage";"";"";"0";"unknown";"";"";"";"";"";"";"";"";"";""
"bara";"6025";"154 B-T";"KIRIKKALE";"154";"";"missing-config-id";"Entity icin ilgili SCADA olcum ID tanimli degil.";"";"";"";"";"voltage";"";"";"0";"unknown";"";"";"";"";"";"";"";"";"";""
"bara";"6026";"154 B-T";"MAMAK";"154";"";"missing-config-id";"Entity icin ilgili SCADA olcum ID tanimli degil.";"";"";"";"";"voltage";"";"";"0";"unknown";"";"";"";"";"";"";"";"";"";""
"bara";"6027";"154 B-T";"SARIYAR HES";"154";"";"missing-config-id";"Entity icin ilgili SCADA olcum ID tanimli degil.";"";"";"";"";"voltage";"";"";"0";"unknown";"";"";"";"";"";"";"";"";"";""
"bara";"6028";"154 B-T";"ÜMİTKÖY";"154";"";"missing-config-id";"Entity icin ilgili SCADA olcum ID tanimli degil.";"";"";"";"";"voltage";"";"";"0";"unknown";"";"";"";"";"";"";"";"";"";""
"bara";"6030";"154 B-T";"OSTİM OSB";"154";"";"missing-config-id";"Entity icin ilgili SCADA olcum ID tanimli degil.";"";"";"";"";"voltage";"";"";"0";"unknown";"";"";"";"";"";"";"";"";"";""
"bara";"6031";"154 B-2";"ETİ SODA";"154";"";"missing-config-id";"Entity icin ilgili SCADA olcum ID tanimli degil.";"";"";"";"";"voltage";"";"";"0";"unknown";"";"";"";"";"";"";"";"";"";""
"bara";"6032";"154 B-1B";"DDY KOCAHACILI";"154";"";"missing-config-id";"Entity icin ilgili SCADA olcum ID tanimli degil.";"";"";"";"";"voltage";"";"";"0";"unknown";"";"";"";"";"";"";"";"";"";""
"bara";"6033";"154 B-T";"ALTINEKİN";"154";"";"missing-config-id";"Entity icin ilgili SCADA olcum ID tanimli degil.";"";"";"";"";"voltage";"";"";"0";"unknown";"";"";"";"";"";"";"";"";"";""
"bara";"6035";"154 B-T";"CİHANBEYLİ";"154";"";"missing-config-id";"Entity icin ilgili SCADA olcum ID tanimli degil.";"";"";"";"";"voltage";"";"";"0";"unknown";"";"";"";"";"";"";"";"";"";""
"bara";"6036";"154 B-T";"ÇUMRA";"154";"";"missing-config-id";"Entity icin ilgili SCADA olcum ID tanimli degil.";"";"";"";"";"voltage";"";"";"0";"unknown";"";"";"";"";"";"";"";"";"";""
"bara";"6038";"154 B-1B";"DDY ÇAYIRBAŞI";"154";"";"missing-config-id";"Entity icin ilgili SCADA olcum ID tanimli degil.";"";"";"";"";"voltage";"";"";"0";"unknown";"";"";"";"";"";"";"";"";"";""
"bara";"6039";"154 B-1B";"DDY GÖZLÜ";"154";"";"missing-config-id";"Entity icin ilgili SCADA olcum ID tanimli degil.";"";"";"";"";"voltage";"";"";"0";"unknown";"";"";"";"";"";"";"";"";"";""
"bara";"6040";"154 B-1B";"DDY A.PINARBAŞI";"154";"";"missing-config-id";"Entity icin ilgili SCADA olcum ID tanimli degil.";"";"";"";"";"voltage";"";"";"0";"unknown";"";"";"";"";"";"";"";"";"";""
"bara";"6041";"154 B-T";"EREĞLİ KONYA";"154";"";"missing-config-id";"Entity icin ilgili SCADA olcum ID tanimli degil.";"";"";"";"";"voltage";"";"";"0";"unknown";"";"";"";"";"";"";"";"";"";""
"bara";"6045";"154 B-T";"GÜNEYSINIR";"154";"";"missing-config-id";"Entity icin ilgili SCADA olcum ID tanimli degil.";"";"";"";"";"voltage";"";"";"0";"unknown";"";"";"";"";"";"";"";"";"";""
"bara";"6046";"154 B-T";"KARAMAN";"154";"";"missing-config-id";"Entity icin ilgili SCADA olcum ID tanimli degil.";"";"";"";"";"voltage";"";"";"0";"unknown";"";"";"";"";"";"";"";"";"";""
"bara";"6047";"154 B-T";"KARAPINAR";"154";"";"missing-config-id";"Entity icin ilgili SCADA olcum ID tanimli degil.";"";"";"";"";"voltage";"";"";"0";"unknown";"";"";"";"";"";"";"";"";"";""
"bara";"6048";"154 B-2";"KEPEZKAYA HAVZA";"154";"";"missing-config-id";"Entity icin ilgili SCADA olcum ID tanimli degil.";"";"";"";"";"voltage";"";"";"0";"unknown";"";"";"";"";"";"";"";"";"";""
"bara";"6049";"154 B-T";"KAYACIK";"154";"";"missing-config-id";"Entity icin ilgili SCADA olcum ID tanimli degil.";"";"";"";"";"voltage";"";"";"0";"unknown";"";"";"";"";"";"";"";"";"";""
"bara";"6050";"154 B-T";"YAZIR";"154";"";"missing-config-id";"Entity icin ilgili SCADA olcum ID tanimli degil.";"";"";"";"";"voltage";"";"";"0";"unknown";"";"";"";"";"";"";"";"";"";""
"bara";"6051";"400 B-2";"KARATAY";"400";"";"missing-config-id";"Entity icin ilgili SCADA olcum ID tanimli degil.";"";"";"";"";"voltage";"";"";"0";"unknown";"";"";"";"";"";"";"";"";"";""
"bara";"6052";"400 B-T";"KARATAY";"400";"";"missing-config-id";"Entity icin ilgili SCADA olcum ID tanimli degil.";"";"";"";"";"voltage";"";"";"0";"unknown";"";"";"";"";"";"";"";"";"";""
"bara";"6053";"154 B-T";"KARATAY";"154";"";"missing-config-id";"Entity icin ilgili SCADA olcum ID tanimli degil.";"";"";"";"";"voltage";"";"";"0";"unknown";"";"";"";"";"";"";"";"";"";""
"bara";"6054";"154 B-T";"KULU";"154";"";"missing-config-id";"Entity icin ilgili SCADA olcum ID tanimli degil.";"";"";"";"";"voltage";"";"";"0";"unknown";"";"";"";"";"";"";"";"";"";""
"bara";"6055";"154 B-T";"LADİK";"154";"";"missing-config-id";"Entity icin ilgili SCADA olcum ID tanimli degil.";"";"";"";"";"voltage";"";"";"0";"unknown";"";"";"";"";"";"";"";"";"";""
"bara";"6057";"154 B-T";"ŞEREFLİKOÇHİSAR";"154";"";"missing-config-id";"Entity icin ilgili SCADA olcum ID tanimli degil.";"";"";"";"";"voltage";"";"";"0";"unknown";"";"";"";"";"";"";"";"";"";""
"bara";"6069";"154 B-T";"AKDAĞ MADENİ";"154";"";"missing-config-id";"Entity icin ilgili SCADA olcum ID tanimli degil.";"";"";"";"";"voltage";"";"";"0";"unknown";"";"";"";"";"";"";"";"";"";""
"bara";"6070";"154 B-T";"AKSU RES";"154";"";"missing-config-id";"Entity icin ilgili SCADA olcum ID tanimli degil.";"";"";"";"";"voltage";"";"";"0";"unknown";"";"";"";"";"";"";"";"";"";""
"bara";"6072";"154 B-T";"BAYRAMHACILI HES";"154";"";"missing-config-id";"Entity icin ilgili SCADA olcum ID tanimli degil.";"";"";"";"";"voltage";"";"";"0";"unknown";"";"";"";"";"";"";"";"";"";""
"bara";"6073";"154 B-T";"BOĞAZLIYAN";"154";"";"missing-config-id";"Entity icin ilgili SCADA olcum ID tanimli degil.";"";"";"";"";"voltage";"";"";"0";"unknown";"";"";"";"";"";"";"";"";"";""
"bara";"6074";"154 B-T";"BOR";"154";"";"missing-config-id";"Entity icin ilgili SCADA olcum ID tanimli degil.";"";"";"";"";"voltage";"";"";"0";"unknown";"";"";"";"";"";"";"";"";"";""
"bara";"6075";"154 B-2";"ÇAMLICA3 HES";"154";"";"missing-config-id";"Entity icin ilgili SCADA olcum ID tanimli degil.";"";"";"";"";"voltage";"";"";"0";"unknown";"";"";"";"";"";"";"";"";"";""
"bara";"6076";"154 B-T";"ÇİNKUR";"154";"";"missing-config-id";"Entity icin ilgili SCADA olcum ID tanimli degil.";"";"";"";"";"voltage";"";"";"0";"unknown";"";"";"";"";"";"";"";"";"";""
"bara";"6077";"154 B-T";"KALABA";"154";"";"missing-config-id";"Entity icin ilgili SCADA olcum ID tanimli degil.";"";"";"";"";"voltage";"";"";"0";"unknown";"";"";"";"";"";"";"";"";"";""
"bara";"6078";"154 B-T";"HİRFANLI HES";"154";"";"missing-config-id";"Entity icin ilgili SCADA olcum ID tanimli degil.";"";"";"";"";"voltage";"";"";"0";"unknown";"";"";"";"";"";"";"";"";"";""
"bara";"6079";"154 B-T";"KAYSERİ2";"154";"";"missing-config-id";"Entity icin ilgili SCADA olcum ID tanimli degil.";"";"";"";"";"voltage";"";"";"0";"unknown";"";"";"";"";"";"";"";"";"";""
"bara";"6080";"154 B-T";"KAYSERİ3";"154";"";"missing-config-id";"Entity icin ilgili SCADA olcum ID tanimli degil.";"";"";"";"";"voltage";"";"";"0";"unknown";"";"";"";"";"";"";"";"";"";""
"bara";"6081";"400 B-2";"KAYSERİ KAPASİTÖR";"400";"";"missing-config-id";"Entity icin ilgili SCADA olcum ID tanimli degil.";"";"";"";"";"voltage";"";"";"0";"unknown";"";"";"";"";"";"";"";"";"";""
"bara";"6082";"400 B-T";"KAYSERİ KAPASİTÖR";"400";"";"missing-config-id";"Entity icin ilgili SCADA olcum ID tanimli degil.";"";"";"";"";"voltage";"";"";"0";"unknown";"";"";"";"";"";"";"";"";"";""
"bara";"6083";"154 B-T";"KAYSERİ KAPASİTÖR";"154";"";"missing-config-id";"Entity icin ilgili SCADA olcum ID tanimli degil.";"";"";"";"";"voltage";"";"";"0";"unknown";"";"";"";"";"";"";"";"";"";""
"bara";"6085";"154 B-T";"NEVŞEHİR";"154";"";"missing-config-id";"Entity icin ilgili SCADA olcum ID tanimli degil.";"";"";"";"";"voltage";"";"";"0";"unknown";"";"";"";"";"";"";"";"";"";""
"bara";"6086";"154 B-T";"NİĞDE";"154";"";"missing-config-id";"Entity icin ilgili SCADA olcum ID tanimli degil.";"";"";"";"";"voltage";"";"";"0";"unknown";"";"";"";"";"";"";"";"";"";""
"bara";"6087";"154 B-2";"NİĞDE OSB";"154";"";"missing-config-id";"Entity icin ilgili SCADA olcum ID tanimli degil.";"";"";"";"";"voltage";"";"";"0";"unknown";"";"";"";"";"";"";"";"";"";""
"bara";"6088";"154 B-T";"PETLAS";"154";"";"missing-config-id";"Entity icin ilgili SCADA olcum ID tanimli degil.";"";"";"";"";"voltage";"";"";"0";"unknown";"";"";"";"";"";"";"";"";"";""
"bara";"6089";"154 B-T";"ŞARKIŞLA";"154";"";"missing-config-id";"Entity icin ilgili SCADA olcum ID tanimli degil.";"";"";"";"";"voltage";"";"";"0";"unknown";"";"";"";"";"";"";"";"";"";""
"bara";"6090";"154 B-T";"SENDİREMEKE";"154";"";"missing-config-id";"Entity icin ilgili SCADA olcum ID tanimli degil.";"";"";"";"";"voltage";"";"";"0";"unknown";"";"";"";"";"";"";"";"";"";""
"bara";"6091";"154 B-T";"SIZIR";"154";"";"missing-config-id";"Entity icin ilgili SCADA olcum ID tanimli degil.";"";"";"";"";"voltage";"";"";"0";"unknown";"";"";"";"";"";"";"";"";"";""
"bara";"6092";"154 B-T";"SORGUN";"154";"";"missing-config-id";"Entity icin ilgili SCADA olcum ID tanimli degil.";"";"";"";"";"voltage";"";"";"0";"unknown";"";"";"";"";"";"";"";"";"";""
"bara";"6093";"154 B-T";"TÜMOSAN";"154";"";"missing-config-id";"Entity icin ilgili SCADA olcum ID tanimli degil.";"";"";"";"";"voltage";"";"";"0";"unknown";"";"";"";"";"";"";"";"";"";""
"bara";"6094";"154 B-T";"TAKSAN";"154";"";"missing-config-id";"Entity icin ilgili SCADA olcum ID tanimli degil.";"";"";"";"";"voltage";"";"";"0";"unknown";"";"";"";"";"";"";"";"";"";""
"bara";"6095";"400 B-2";"YEŞİLHİSAR";"400";"";"missing-config-id";"Entity icin ilgili SCADA olcum ID tanimli degil.";"";"";"";"";"voltage";"";"";"0";"unknown";"";"";"";"";"";"";"";"";"";""
"bara";"6096";"400 B-T";"YEŞİLHİSAR";"400";"";"missing-config-id";"Entity icin ilgili SCADA olcum ID tanimli degil.";"";"";"";"";"voltage";"";"";"0";"unknown";"";"";"";"";"";"";"";"";"";""
"bara";"6097";"154 B-T";"YEŞİLHİSAR";"154";"";"missing-config-id";"Entity icin ilgili SCADA olcum ID tanimli degil.";"";"";"";"";"voltage";"";"";"0";"unknown";"";"";"";"";"";"";"";"";"";""
"bara";"6098";"154 B-T";"YİBİTAŞ";"154";"";"missing-config-id";"Entity icin ilgili SCADA olcum ID tanimli degil.";"";"";"";"";"voltage";"";"";"0";"unknown";"";"";"";"";"";"";"";"";"";""
"bara";"6099";"154 B-T";"YOZGAT";"154";"";"missing-config-id";"Entity icin ilgili SCADA olcum ID tanimli degil.";"";"";"";"";"voltage";"";"";"0";"unknown";"";"";"";"";"";"";"";"";"";""
"bara";"6109";"154 B-2";"İNCEK";"154";"";"missing-config-id";"Entity icin ilgili SCADA olcum ID tanimli degil.";"";"";"";"";"voltage";"";"";"0";"unknown";"";"";"";"";"";"";"";"";"";""
"bara";"6123";"154 B-T";"YENİCE HES";"154";"";"missing-config-id";"Entity icin ilgili SCADA olcum ID tanimli degil.";"";"";"";"";"voltage";"";"";"0";"unknown";"";"";"";"";"";"";"";"";"";""
"bara";"6627";"400 B-2";"ÇAYIRHAN TES";"400";"";"missing-config-id";"Entity icin ilgili SCADA olcum ID tanimli degil.";"";"";"";"";"voltage";"";"";"0";"unknown";"";"";"";"";"";"";"";"";"";""
"bara";"6628";"400 B-T";"ÇAYIRHAN TES";"400";"";"missing-config-id";"Entity icin ilgili SCADA olcum ID tanimli degil.";"";"";"";"";"voltage";"";"";"0";"unknown";"";"";"";"";"";"";"";"";"";""
"bara";"6874";"154 B-1";"AYRANCI GEÇİCİ";"154";"e167b7ca-953b-43e2-b625-1fbbef471e3d";"matched-live";"Kaynak satir tekil olarak eslesti.";"20.04.2026 23:23:00";"159,85";"";"";"voltage";"159,85";"";"0";"unknown";"";"";"";"";"";"e167b7ca-953b-43e2-b625-1fbbef471e3d";"";"0";"";""
"bara";"6888";"154 B-T";"ALİBEY HÖYÜĞÜ";"154";"";"missing-config-id";"Entity icin ilgili SCADA olcum ID tanimli degil.";"";"";"";"";"voltage";"";"";"0";"unknown";"";"";"";"";"";"";"";"";"";""
"bara";"6894";"154 B-T";"SİVRİHİSAR";"154";"";"missing-config-id";"Entity icin ilgili SCADA olcum ID tanimli degil.";"";"";"";"";"voltage";"";"";"0";"unknown";"";"";"";"";"";"";"";"";"";""
"bara";"6955";"154 B-1";"AKSARAY OSB";"154";"84fa5d3f-f96d-45ea-a282-03b8d845f343";"matched-live";"Kaynak satir tekil olarak eslesti.";"20.04.2026 23:23:00";"157,51";"";"";"voltage";"157,51";"";"0";"unknown";"";"";"";"";"";"84fa5d3f-f96d-45ea-a282-03b8d845f343";"";"0";"";""
"bara";"6956";"154 B-2";"AKSARAY OSB";"154";"";"missing-config-id";"Entity icin ilgili SCADA olcum ID tanimli degil.";"";"";"";"";"voltage";"";"";"0";"unknown";"";"";"";"";"";"";"";"";"";""
"bara";"7003";"154 B-1";"AVANOS2";"154";"1064a0e2-1433-4fe3-9ffe-102a2ed3f0d4";"matched-stale";"Kaynak satir bulundu ancak veri stale durumda.";"20.04.2026 23:22:00";"159,10";"";"";"voltage";"159,10";"";"0";"unknown";"";"";"";"";"";"1064a0e2-1433-4fe3-9ffe-102a2ed3f0d4";"";"0";"";""
"bara";"7004";"154 B-2";"AVANOS2";"154";"";"missing-config-id";"Entity icin ilgili SCADA olcum ID tanimli degil.";"";"";"";"";"voltage";"";"";"0";"unknown";"";"";"";"";"";"";"";"";"";""
"bara";"7046";"154 B-1";"KAYSERİ4";"154";"a693b59a-4281-4643-96ab-2681fc8ea919";"matched-live";"Kaynak satir tekil olarak eslesti.";"20.04.2026 23:23:00";"156,88";"";"";"voltage";"156,88";"";"0";"unknown";"";"";"";"";"";"a693b59a-4281-4643-96ab-2681fc8ea919";"";"0";"";""
"bara";"7047";"154 B-2";"KAYSERİ4";"154";"";"missing-config-id";"Entity icin ilgili SCADA olcum ID tanimli degil.";"";"";"";"";"voltage";"";"";"0";"unknown";"";"";"";"";"";"";"";"";"";""
"bara";"7077";"400 B-1";"YUNUS EMRE TES";"400";"c2dcf286-01cb-4ac3-9cd2-860d7d1f4c50";"matched-stale";"Kaynak satir bulundu ancak veri stale durumda.";"20.04.2026 23:22:00";"405,68";"";"";"voltage";"405,68";"";"0";"unknown";"";"";"";"";"";"c2dcf286-01cb-4ac3-9cd2-860d7d1f4c50";"";"0";"";""
"bara";"7078";"400 B-2";"YUNUS EMRE TES";"400";"";"missing-config-id";"Entity icin ilgili SCADA olcum ID tanimli degil.";"";"";"";"";"voltage";"";"";"0";"unknown";"";"";"";"";"";"";"";"";"";""
"bara";"7079";"400 B-T";"YUNUS EMRE TES";"400";"";"missing-config-id";"Entity icin ilgili SCADA olcum ID tanimli degil.";"";"";"";"";"voltage";"";"";"0";"unknown";"";"";"";"";"";"";"";"";"";""
"bara";"7387";"154 B-1";"KIRDEMİR";"154";"25804f0e-2b17-42dd-ad27-d06f59d751c0";"matched-stale";"Kaynak satir bulundu ancak veri stale durumda.";"20.04.2026 23:22:00";"158,10";"";"";"voltage";"158,10";"";"0";"unknown";"";"";"";"";"";"25804f0e-2b17-42dd-ad27-d06f59d751c0";"";"0";"";""
"bara";"7450";"154 B-1";"ALAKOVA";"154";"4c3d1a9a-833c-4ae0-a891-6016ffba69a4";"matched-live";"Kaynak satir tekil olarak eslesti.";"20.04.2026 23:23:00";"157,84";"";"";"voltage";"157,84";"";"0";"unknown";"";"";"";"";"";"4c3d1a9a-833c-4ae0-a891-6016ffba69a4";"";"0";"";""
"bara";"7451";"154 B-T";"ALAKOVA";"154";"";"missing-config-id";"Entity icin ilgili SCADA olcum ID tanimli degil.";"";"";"";"";"voltage";"";"";"0";"unknown";"";"";"";"";"";"";"";"";"";""
"bara";"7512";"400 B-1";"İÇ ANADOLU DGKÇ";"400";"248ed075-4422-463c-9729-1d7bf27219cd";"matched-live";"Kaynak satir tekil olarak eslesti.";"20.04.2026 23:23:00";"406,90";"";"";"voltage";"406,90";"";"0";"unknown";"";"";"";"";"";"248ed075-4422-463c-9729-1d7bf27219cd";"";"0";"";""
"bara";"7513";"400 B-2";"İÇ ANADOLU DGKÇ";"400";"";"missing-config-id";"Entity icin ilgili SCADA olcum ID tanimli degil.";"";"";"";"";"voltage";"";"";"0";"unknown";"";"";"";"";"";"";"";"";"";""
"bara";"7514";"400 B-T";"İÇ ANADOLU DGKÇ";"400";"";"missing-config-id";"Entity icin ilgili SCADA olcum ID tanimli degil.";"";"";"";"";"voltage";"";"";"0";"unknown";"";"";"";"";"";"";"";"";"";""
"bara";"7593";"154 B-1";"ERYAMAN";"154";"d4742326-3c5c-4000-8c65-81879250df0b";"matched-live";"Kaynak satir tekil olarak eslesti.";"20.04.2026 23:23:00";"158,85";"";"";"voltage";"158,85";"";"0";"unknown";"";"";"";"";"";"d4742326-3c5c-4000-8c65-81879250df0b";"";"0";"";""
"bara";"7594";"154 B-2";"ERYAMAN";"154";"";"missing-config-id";"Entity icin ilgili SCADA olcum ID tanimli degil.";"";"";"";"";"voltage";"";"";"0";"unknown";"";"";"";"";"";"";"";"";"";""
"bara";"7629";"154 B-1";"YAHYALI RES";"154";"45fd9458-3c86-40b7-9af1-029ea9e339cd";"matched-live";"Kaynak satir tekil olarak eslesti.";"20.04.2026 23:23:00";"160,06";"";"";"voltage";"160,06";"";"0";"unknown";"";"";"";"";"";"45fd9458-3c86-40b7-9af1-029ea9e339cd";"";"0";"";""
"bara";"7630";"154 B-T";"YAHYALI RES";"154";"";"missing-config-id";"Entity icin ilgili SCADA olcum ID tanimli degil.";"";"";"";"";"voltage";"";"";"0";"unknown";"";"";"";"";"";"";"";"";"";""
"bara";"7656";"154 B-1";"KURTKAYASI RES";"154";"a7c96a15-9a01-4299-add3-932b91842f4b";"matched-stale";"Kaynak satir bulundu ancak veri stale durumda.";"20.04.2026 23:10:00";"158,89";"";"";"voltage";"158,89";"";"0";"unknown";"";"";"";"";"";"a7c96a15-9a01-4299-add3-932b91842f4b";"";"0";"";""
"bara";"7657";"154 B-T";"KURTKAYASI RES";"154";"";"missing-config-id";"Entity icin ilgili SCADA olcum ID tanimli degil.";"";"";"";"";"voltage";"";"";"0";"unknown";"";"";"";"";"";"";"";"";"";""
"bara";"7768";"154 B-1";"ÇİĞDEM";"154";"0863f082-89f5-4977-9463-37f25091a136";"matched-live";"Kaynak satir tekil olarak eslesti.";"20.04.2026 23:23:00";"156,07";"";"";"voltage";"156,07";"";"0";"unknown";"";"";"";"";"";"0863f082-89f5-4977-9463-37f25091a136";"";"0";"";""
"bara";"7769";"154 B-2";"ÇİĞDEM";"154";"";"missing-config-id";"Entity icin ilgili SCADA olcum ID tanimli degil.";"";"";"";"";"voltage";"";"";"0";"unknown";"";"";"";"";"";"";"";"";"";""
"bara";"7788";"154 B-1";"NİĞDE ÇİMSA";"154";"e0e215a2-4532-4214-8ff5-81dbe4584d7a";"matched-stale";"Kaynak satir bulundu ancak veri stale durumda.";"20.04.2026 23:22:00";"156,04";"";"";"voltage";"156,04";"";"0";"unknown";"";"";"";"";"";"e0e215a2-4532-4214-8ff5-81dbe4584d7a";"";"0";"";""
"bara";"7789";"154 B-T";"NİĞDE ÇİMSA";"154";"";"missing-config-id";"Entity icin ilgili SCADA olcum ID tanimli degil.";"";"";"";"";"voltage";"";"";"0";"unknown";"";"";"";"";"";"";"";"";"";""
"bara";"7847";"154 B-1";"KAYSERİ1";"154";"5c2db648-e79a-4abb-b42e-f9e144ef387a";"matched-live";"Kaynak satir tekil olarak eslesti.";"20.04.2026 23:23:00";"158,01";"";"";"voltage";"158,01";"";"0";"unknown";"";"";"";"";"";"5c2db648-e79a-4abb-b42e-f9e144ef387a";"";"0";"";""
"bara";"7848";"154 B-2";"KAYSERİ1";"154";"72f48aa5-0179-4392-9bfd-402294fa5394";"matched-live";"Kaynak satir tekil olarak eslesti.";"20.04.2026 23:23:00";"158,39";"";"";"voltage";"158,39";"";"0";"unknown";"";"";"";"";"";"72f48aa5-0179-4392-9bfd-402294fa5394";"";"0";"";""
"bara";"7852";"400 B-1";"KIRIKKALE DGKÇ";"400";"84eaf264-e6f9-456a-8b24-de5c37eaa32b";"matched-stale";"Kaynak satir bulundu ancak veri stale durumda.";"20.04.2026 23:22:00";"410,71";"";"";"voltage";"410,71";"";"0";"unknown";"";"";"";"";"";"84eaf264-e6f9-456a-8b24-de5c37eaa32b";"";"0";"";""
"bara";"7853";"400 B-2";"KIRIKKALE DGKÇ";"400";"";"missing-config-id";"Entity icin ilgili SCADA olcum ID tanimli degil.";"";"";"";"";"voltage";"";"";"0";"unknown";"";"";"";"";"";"";"";"";"";""
"bara";"7855";"154 B-1";"ORTAKÖY";"154";"8e589c91-102e-4bfb-ba9b-89936e2b899b";"matched-live";"Kaynak satir tekil olarak eslesti.";"20.04.2026 23:23:00";"157,14";"";"";"voltage";"157,14";"";"0";"unknown";"";"";"";"";"";"8e589c91-102e-4bfb-ba9b-89936e2b899b";"";"0";"";""
"bara";"7856";"154 B-T";"ORTAKÖY";"154";"";"missing-config-id";"Entity icin ilgili SCADA olcum ID tanimli degil.";"";"";"";"";"voltage";"";"";"0";"unknown";"";"";"";"";"";"";"";"";"";""
"bara";"7868";"154 B-1";"AKYURT";"154";"d8413acf-6324-43e6-87c6-42472ef6596d";"matched-stale";"Kaynak satir bulundu ancak veri stale durumda.";"20.04.2026 23:20:00";"157,30";"";"";"voltage";"157,30";"";"0";"unknown";"";"";"";"";"";"d8413acf-6324-43e6-87c6-42472ef6596d";"";"0";"";""
"bara";"7869";"154 B-T";"AKYURT";"154";"";"missing-config-id";"Entity icin ilgili SCADA olcum ID tanimli degil.";"";"";"";"";"voltage";"";"";"0";"unknown";"";"";"";"";"";"";"";"";"";""
"bara";"7905";"154 B-1";"YAHYALI BAK RES";"154";"768e6bca-d9c7-46e6-92de-4384b969a856";"matched-live";"Kaynak satir tekil olarak eslesti.";"20.04.2026 23:23:00";"158,82";"";"";"voltage";"158,82";"";"0";"unknown";"";"";"";"";"";"768e6bca-d9c7-46e6-92de-4384b969a856";"";"0";"";""
"bara";"7906";"154 B-2";"YAHYALI BAK RES";"154";"";"missing-config-id";"Entity icin ilgili SCADA olcum ID tanimli degil.";"";"";"";"";"voltage";"";"";"0";"unknown";"";"";"";"";"";"";"";"";"";""
"bara";"7922";"154 B-1";"YERKÖY";"154";"753d1df2-db9c-41d6-8360-f27c6e8c480d";"matched-live";"Kaynak satir tekil olarak eslesti.";"20.04.2026 23:23:00";"158,17";"";"";"voltage";"158,17";"";"0";"unknown";"";"";"";"";"";"753d1df2-db9c-41d6-8360-f27c6e8c480d";"";"0";"";""
"bara";"7923";"154 B-T";"YERKÖY";"154";"";"missing-config-id";"Entity icin ilgili SCADA olcum ID tanimli degil.";"";"";"";"";"voltage";"";"";"0";"unknown";"";"";"";"";"";"";"";"";"";""
"bara";"7933";"154 B-1";"TALAS";"154";"8a7785f1-cc30-42c7-8415-73db69ec3ae5";"matched-live";"Kaynak satir tekil olarak eslesti.";"20.04.2026 23:23:00";"158,19";"";"";"voltage";"158,19";"";"0";"unknown";"";"";"";"";"";"8a7785f1-cc30-42c7-8415-73db69ec3ae5";"";"0";"";""
"bara";"7934";"154 B-2";"TALAS";"154";"";"missing-config-id";"Entity icin ilgili SCADA olcum ID tanimli degil.";"";"";"";"";"voltage";"";"";"0";"unknown";"";"";"";"";"";"";"";"";"";""
"bara";"7938";"154 B-1";"SELÇUKLU";"154";"36c0c706-487d-4bfd-bb89-efe111d72951";"matched-live";"Kaynak satir tekil olarak eslesti.";"20.04.2026 23:23:00";"159,07";"";"";"voltage";"159,07";"";"0";"unknown";"";"";"";"";"";"36c0c706-487d-4bfd-bb89-efe111d72951";"";"0";"";""
"bara";"7939";"154 B-T";"SELÇUKLU";"154";"";"missing-config-id";"Entity icin ilgili SCADA olcum ID tanimli degil.";"";"";"";"";"voltage";"";"";"0";"unknown";"";"";"";"";"";"";"";"";"";""
"bara";"7985";"154 B-1";"ERKİLET";"154";"defcc2f7-5b2c-446c-9109-8f2dc4de06c1";"matched-live";"Kaynak satir tekil olarak eslesti.";"20.04.2026 23:23:00";"156,67";"";"";"voltage";"156,67";"";"0";"unknown";"";"";"";"";"";"defcc2f7-5b2c-446c-9109-8f2dc4de06c1";"";"0";"";""
"bara";"7986";"154 B-2";"ERKİLET";"154";"";"missing-config-id";"Entity icin ilgili SCADA olcum ID tanimli degil.";"";"";"";"";"voltage";"";"";"0";"unknown";"";"";"";"";"";"";"";"";"";""
"bara";"8024";"400 B-2";"GÖLBAŞI";"400";"";"missing-config-id";"Entity icin ilgili SCADA olcum ID tanimli degil.";"";"";"";"";"voltage";"";"";"0";"unknown";"";"";"";"";"";"";"";"";"";""
"bara";"8025";"400 B-T";"GÖLBAŞI";"400";"";"missing-config-id";"Entity icin ilgili SCADA olcum ID tanimli degil.";"";"";"";"";"voltage";"";"";"0";"unknown";"";"";"";"";"";"";"";"";"";""
"bara";"8026";"154 B-1";"KARGI HES";"154";"649193bd-91c0-459a-981c-307599c3d255";"matched-stale";"Kaynak satir bulundu ancak veri stale durumda.";"20.04.2026 23:20:00";"155,50";"";"";"voltage";"155,50";"";"0";"unknown";"";"";"";"";"";"649193bd-91c0-459a-981c-307599c3d255";"";"0";"";""
"bara";"8028";"154 B-2";"KARGI HES";"154";"";"missing-config-id";"Entity icin ilgili SCADA olcum ID tanimli degil.";"";"";"";"";"voltage";"";"";"0";"unknown";"";"";"";"";"";"";"";"";"";""
"bara";"8046";"154 B-1";"KONYA ÇİMENTO";"154";"25eed353-9d86-4126-8122-70757944d2d4";"matched-stale";"Kaynak satir bulundu ancak veri stale durumda.";"20.04.2026 23:22:00";"156,68";"";"";"voltage";"156,68";"";"0";"unknown";"";"";"";"";"";"25eed353-9d86-4126-8122-70757944d2d4";"";"0";"";""
"bara";"8047";"154 B-T";"KONYA ÇİMENTO";"154";"";"missing-config-id";"Entity icin ilgili SCADA olcum ID tanimli degil.";"";"";"";"";"voltage";"";"";"0";"unknown";"";"";"";"";"";"";"";"";"";""
"bara";"8050";"154 B-1";"KAZAN DGKÇ";"154";"3cb14d6c-84ab-4f39-b5ae-ee31604a0b81";"matched-live";"Kaynak satir tekil olarak eslesti.";"20.04.2026 23:23:00";"158,63";"";"";"voltage";"158,63";"";"0";"unknown";"";"";"";"";"";"3cb14d6c-84ab-4f39-b5ae-ee31604a0b81";"";"0";"";""
"bara";"8051";"154 B-2";"KAZAN DGKÇ";"154";"";"missing-config-id";"Entity icin ilgili SCADA olcum ID tanimli degil.";"";"";"";"";"voltage";"";"";"0";"unknown";"";"";"";"";"";"";"";"";"";""
"bara";"8095";"154 B-T";"BOR OSB";"154";"";"missing-config-id";"Entity icin ilgili SCADA olcum ID tanimli degil.";"";"";"";"";"voltage";"";"";"0";"unknown";"";"";"";"";"";"";"";"";"";""
"bara";"8098";"154 B-1";"BOR OSB";"154";"732d0e44-6484-4dba-9698-f482ac2cf2c1";"matched-stale";"Kaynak satir bulundu ancak veri stale durumda.";"20.04.2026 23:13:00";"157,82";"";"";"voltage";"157,82";"";"0";"unknown";"";"";"";"";"";"732d0e44-6484-4dba-9698-f482ac2cf2c1";"";"0";"";""
"bara";"8105";"154 B-1";"PINARBAŞI";"154";"ff9e3af0-7ff2-4c25-943d-6204afd6bc0f";"matched-live";"Kaynak satir tekil olarak eslesti.";"20.04.2026 23:23:00";"160,51";"";"";"voltage";"160,51";"";"0";"unknown";"";"";"";"";"";"ff9e3af0-7ff2-4c25-943d-6204afd6bc0f";"";"0";"";""
"bara";"8106";"154 B-T";"PINARBAŞI";"154";"";"missing-config-id";"Entity icin ilgili SCADA olcum ID tanimli degil.";"";"";"";"";"voltage";"";"";"0";"unknown";"";"";"";"";"";"";"";"";"";""
"bara";"8195";"400 B-1";"KAYAŞ";"400";"b9d79010-4450-44d0-9b28-df015e1a3fef";"matched-live";"Kaynak satir tekil olarak eslesti.";"20.04.2026 23:23:00";"408,14";"";"";"voltage";"408,14";"";"0";"unknown";"";"";"";"";"";"b9d79010-4450-44d0-9b28-df015e1a3fef";"";"0";"";""
"bara";"8196";"400 B-2";"KAYAŞ";"400";"";"missing-config-id";"Entity icin ilgili SCADA olcum ID tanimli degil.";"";"";"";"";"voltage";"";"";"0";"unknown";"";"";"";"";"";"";"";"";"";""
"bara";"8197";"400 B-T";"KAYAŞ";"400";"";"missing-config-id";"Entity icin ilgili SCADA olcum ID tanimli degil.";"";"";"";"";"voltage";"";"";"0";"unknown";"";"";"";"";"";"";"";"";"";""
"bara";"8198";"154 B-1";"KAYAŞ";"154";"fadcd388-0d23-4c5b-acda-9121fa0012a6";"matched-stale";"Kaynak satir bulundu ancak veri stale durumda.";"20.04.2026 23:20:00";"155,87";"";"";"voltage";"155,87";"";"0";"unknown";"";"";"";"";"";"fadcd388-0d23-4c5b-acda-9121fa0012a6";"";"0";"";""
"bara";"8199";"154 B-2";"KAYAŞ";"154";"";"missing-config-id";"Entity icin ilgili SCADA olcum ID tanimli degil.";"";"";"";"";"voltage";"";"";"0";"unknown";"";"";"";"";"";"";"";"";"";""
"bara";"8200";"154 B-T";"KAYAŞ";"154";"";"missing-config-id";"Entity icin ilgili SCADA olcum ID tanimli degil.";"";"";"";"";"voltage";"";"";"0";"unknown";"";"";"";"";"";"";"";"";"";""
"bara";"8207";"154 B-1";"POLATLI ÇİMENTO";"154";"ba2619b1-c018-4687-8c6d-0dfab9761c87";"matched-live";"Kaynak satir tekil olarak eslesti.";"20.04.2026 23:23:00";"154,74";"";"";"voltage";"154,74";"";"0";"unknown";"";"";"";"";"";"ba2619b1-c018-4687-8c6d-0dfab9761c87";"";"0";"";""
"bara";"8208";"154 B-T";"POLATLI ÇİMENTO";"154";"";"missing-config-id";"Entity icin ilgili SCADA olcum ID tanimli degil.";"";"";"";"";"voltage";"";"";"0";"unknown";"";"";"";"";"";"";"";"";"";""
"bara";"8223";"154 B-1";"KONYA OSB";"154";"b9589123-8c5a-4899-89c2-cbec251196c6";"matched-live";"Kaynak satir tekil olarak eslesti.";"20.04.2026 23:23:00";"157,24";"";"";"voltage";"157,24";"";"0";"unknown";"";"";"";"";"";"b9589123-8c5a-4899-89c2-cbec251196c6";"";"0";"";""
"bara";"8224";"154 B-2";"KONYA OSB";"154";"";"missing-config-id";"Entity icin ilgili SCADA olcum ID tanimli degil.";"";"";"";"";"voltage";"";"";"0";"unknown";"";"";"";"";"";"";"";"";"";""
"bara";"8262";"154 B-1";"BÜSAN";"154";"f6543338-1fd9-4721-abf7-c48d6518a30c";"matched-live";"Kaynak satir tekil olarak eslesti.";"20.04.2026 23:23:00";"158,36";"";"";"voltage";"158,36";"";"0";"unknown";"";"";"";"";"";"f6543338-1fd9-4721-abf7-c48d6518a30c";"";"0";"";""
"bara";"8263";"154 B-2";"BÜSAN";"154";"";"missing-config-id";"Entity icin ilgili SCADA olcum ID tanimli degil.";"";"";"";"";"voltage";"";"";"0";"unknown";"";"";"";"";"";"";"";"";"";""
"bara";"8363";"154 B-2";"POLATLI";"154";"3d0c92fd-7e47-4f8e-bc01-1755108a6131";"matched-live";"Kaynak satir tekil olarak eslesti.";"20.04.2026 23:23:00";"154,64";"";"";"voltage";"154,64";"";"0";"unknown";"";"";"";"";"";"3d0c92fd-7e47-4f8e-bc01-1755108a6131";"";"0";"";""
"bara";"8367";"154 B-T";"KIRŞEHİR";"154";"";"missing-config-id";"Entity icin ilgili SCADA olcum ID tanimli degil.";"";"";"";"";"voltage";"";"";"0";"unknown";"";"";"";"";"";"";"";"";"";""
"bara";"8368";"154 B-2";"HACILAR";"154";"11e59cc2-f301-4eb0-a52e-b145798b5306";"matched-live";"Kaynak satir tekil olarak eslesti.";"20.04.2026 23:23:00";"158,57";"";"";"voltage";"158,57";"";"0";"unknown";"";"";"";"";"";"11e59cc2-f301-4eb0-a52e-b145798b5306";"";"0";"";""
"bara";"8369";"154 B-1";"BAĞLAR RES";"154";"aae48d3e-26b7-4ef7-9b84-ec997c91cab0";"matched-live";"Kaynak satir tekil olarak eslesti.";"20.04.2026 23:23:00";"158,63";"";"";"voltage";"158,63";"";"0";"unknown";"";"";"";"";"";"aae48d3e-26b7-4ef7-9b84-ec997c91cab0";"";"0";"";""
"bara";"8370";"154 B-T";"BAĞLAR RES";"154";"";"missing-config-id";"Entity icin ilgili SCADA olcum ID tanimli degil.";"";"";"";"";"voltage";"";"";"0";"unknown";"";"";"";"";"";"";"";"";"";""
"bara";"8371";"154 B-1";"ARDIÇLI RES";"154";"6dbebd73-4855-410d-b3a2-cfd2ee188b78";"matched-live";"Kaynak satir tekil olarak eslesti.";"20.04.2026 23:23:00";"158,86";"";"";"voltage";"158,86";"";"0";"unknown";"";"";"";"";"";"6dbebd73-4855-410d-b3a2-cfd2ee188b78";"";"0";"";""
"bara";"8372";"154 B-T";"ARDIÇLI RES";"154";"";"missing-config-id";"Entity icin ilgili SCADA olcum ID tanimli degil.";"";"";"";"";"voltage";"";"";"0";"unknown";"";"";"";"";"";"";"";"";"";""
"bara";"8487";"154 B-1";"YAYSUN GES";"154";"c7698782-6467-4187-8182-c16cdc797dbc";"matched-live";"Kaynak satir tekil olarak eslesti.";"20.04.2026 23:23:00";"161,62";"";"";"voltage";"161,62";"";"0";"unknown";"";"";"";"";"";"c7698782-6467-4187-8182-c16cdc797dbc";"";"0";"";""
"bara";"8488";"154 B-T";"YAYSUN GES";"154";"";"missing-config-id";"Entity icin ilgili SCADA olcum ID tanimli degil.";"";"";"";"";"voltage";"";"";"0";"unknown";"";"";"";"";"";"";"";"";"";""
"bara";"8529";"154 B-1";"ERENKÖY";"154";"b5973d72-7e64-4c23-b86f-615400664338";"matched-live";"Kaynak satir tekil olarak eslesti.";"20.04.2026 23:23:00";"158,41";"";"";"voltage";"158,41";"";"0";"unknown";"";"";"";"";"";"b5973d72-7e64-4c23-b86f-615400664338";"";"0";"";""
"bara";"8530";"154 B-2";"ERENKÖY";"154";"";"missing-config-id";"Entity icin ilgili SCADA olcum ID tanimli degil.";"";"";"";"";"voltage";"";"";"0";"unknown";"";"";"";"";"";"";"";"";"";""
"bara";"8542";"154 B-1";"ÇEKEREK HAVZA";"154";"d05cf003-ed50-4ec2-8134-0357ace72b05";"matched-stale";"Kaynak satir bulundu ancak veri stale durumda.";"20.04.2026 23:15:00";"160,90";"";"";"voltage";"160,90";"";"0";"unknown";"";"";"";"";"";"d05cf003-ed50-4ec2-8134-0357ace72b05";"";"0";"";""
"bara";"8543";"154 B-T";"ÇEKEREK HAVZA";"154";"";"missing-config-id";"Entity icin ilgili SCADA olcum ID tanimli degil.";"";"";"";"";"voltage";"";"";"0";"unknown";"";"";"";"";"";"";"";"";"";""
"bara";"8568";"154 B-1";"EŞMEKAYA";"154";"92992ec3-243d-46c9-9ecd-a11dfa1b0b2b";"matched-live";"Kaynak satir tekil olarak eslesti.";"20.04.2026 23:23:00";"157,94";"";"";"voltage";"157,94";"";"0";"unknown";"";"";"";"";"";"92992ec3-243d-46c9-9ecd-a11dfa1b0b2b";"";"0";"";""
"bara";"8569";"154 B-T";"EŞMEKAYA";"154";"";"missing-config-id";"Entity icin ilgili SCADA olcum ID tanimli degil.";"";"";"";"";"voltage";"";"";"0";"unknown";"";"";"";"";"";"";"";"";"";""
"bara";"8618";"154 B-1";"HOTAMIŞ";"154";"b99f5ffc-3e12-4d6a-b592-4a3dc26e46e0";"matched-live";"Kaynak satir tekil olarak eslesti.";"20.04.2026 23:23:00";"158,91";"";"";"voltage";"158,91";"";"0";"unknown";"";"";"";"";"";"b99f5ffc-3e12-4d6a-b592-4a3dc26e46e0";"";"0";"";""
"bara";"8619";"154 B-T";"HOTAMIŞ";"154";"";"missing-config-id";"Entity icin ilgili SCADA olcum ID tanimli degil.";"";"";"";"";"voltage";"";"";"0";"unknown";"";"";"";"";"";"";"";"";"";""
"bara";"8673";"400 B-1";"KONYA KUZEY";"400";"1bfc2fa9-53c0-4509-b3bc-13cab8190e37";"matched-live";"Kaynak satir tekil olarak eslesti.";"20.04.2026 23:23:00";"404,33";"";"";"voltage";"404,33";"";"0";"unknown";"";"";"";"";"";"1bfc2fa9-53c0-4509-b3bc-13cab8190e37";"";"0";"";""
"bara";"8674";"400 B-2";"KONYA KUZEY";"400";"";"missing-config-id";"Entity icin ilgili SCADA olcum ID tanimli degil.";"";"";"";"";"voltage";"";"";"0";"unknown";"";"";"";"";"";"";"";"";"";""
"bara";"8675";"400 B-T";"KONYA KUZEY";"400";"";"missing-config-id";"Entity icin ilgili SCADA olcum ID tanimli degil.";"";"";"";"";"voltage";"";"";"0";"unknown";"";"";"";"";"";"";"";"";"";""
"bara";"8676";"154 B-1";"KONYA KUZEY";"154";"5e56e230-f4f4-4f1c-ae3c-30923ffe5984";"matched-live";"Kaynak satir tekil olarak eslesti.";"20.04.2026 23:23:00";"158,59";"";"";"voltage";"158,59";"";"0";"unknown";"";"";"";"";"";"5e56e230-f4f4-4f1c-ae3c-30923ffe5984";"";"0";"";""
"bara";"8677";"154 B-2";"KONYA KUZEY";"154";"";"missing-config-id";"Entity icin ilgili SCADA olcum ID tanimli degil.";"";"";"";"";"voltage";"";"";"0";"unknown";"";"";"";"";"";"";"";"";"";""
"bara";"8678";"154 B-T";"KONYA KUZEY";"154";"";"missing-config-id";"Entity icin ilgili SCADA olcum ID tanimli degil.";"";"";"";"";"voltage";"";"";"0";"unknown";"";"";"";"";"";"";"";"";"";""
"bara";"8691";"154 B-1";"ÖKSÜT MADENCİLİK";"154";"796ac75f-cbd6-40da-a74d-12dbe407a6fc";"matched-stale";"Kaynak satir bulundu ancak veri stale durumda.";"20.04.2026 23:22:00";"158,81";"";"";"voltage";"158,81";"";"0";"unknown";"";"";"";"";"";"796ac75f-cbd6-40da-a74d-12dbe407a6fc";"";"0";"";""
"bara";"8692";"154 B-T";"ÖKSÜT MADENCİLİK";"154";"";"missing-config-id";"Entity icin ilgili SCADA olcum ID tanimli degil.";"";"";"";"";"voltage";"";"";"0";"unknown";"";"";"";"";"";"";"";"";"";""
"bara";"8818";"154 B-1";"ADATOPRAKPINAR";"154";"ba4abbfb-c9f6-4074-a667-21a1647fc96b";"matched-stale";"Kaynak satir bulundu ancak veri stale durumda.";"20.04.2026 23:22:00";"155,70";"";"";"voltage";"155,70";"";"0";"unknown";"";"";"";"";"";"ba4abbfb-c9f6-4074-a667-21a1647fc96b";"";"0";"";""
"bara";"8819";"154 B-T";"ADATOPRAKPINAR";"154";"";"missing-config-id";"Entity icin ilgili SCADA olcum ID tanimli degil.";"";"";"";"";"voltage";"";"";"0";"unknown";"";"";"";"";"";"";"";"";"";""
"bara";"8926";"154 B-1";"KIZILIRMAK";"154";"a8822837-f041-41df-a961-f2dbd1259008";"matched-live";"Kaynak satir tekil olarak eslesti.";"20.04.2026 23:23:00";"158,05";"";"";"voltage";"158,05";"";"0";"unknown";"";"";"";"";"";"a8822837-f041-41df-a961-f2dbd1259008";"";"0";"";""
"bara";"8927";"154 B-2";"KIZILIRMAK";"154";"";"missing-config-id";"Entity icin ilgili SCADA olcum ID tanimli degil.";"";"";"";"";"voltage";"";"";"0";"unknown";"";"";"";"";"";"";"";"";"";""
"bara";"9027";"400 B1-B";"ÇAYIRHAN TES";"400";"";"missing-config-id";"Entity icin ilgili SCADA olcum ID tanimli degil.";"";"";"";"";"voltage";"";"";"0";"unknown";"";"";"";"";"";"";"";"";"";""
"bara";"9039";"154 B-1";"MUTLU5 RES";"154";"45c2bffc-999a-4394-8702-07ecd4445045";"matched-live";"Kaynak satir tekil olarak eslesti.";"20.04.2026 23:23:00";"159,15";"";"";"voltage";"159,15";"";"0";"unknown";"";"";"";"";"";"45c2bffc-999a-4394-8702-07ecd4445045";"";"0";"";""
"bara";"9040";"154 B-T";"MUTLU5 RES";"154";"";"missing-config-id";"Entity icin ilgili SCADA olcum ID tanimli degil.";"";"";"";"";"voltage";"";"";"0";"unknown";"";"";"";"";"";"";"";"";"";""
"bara";"9095";"154 B-1";"KARAPINAR ACIGÖL GES";"154";"5d585537-6d46-4541-a2b4-7330bbfb2d3e";"matched-live";"Kaynak satir tekil olarak eslesti.";"20.04.2026 23:23:00";"159,04";"";"";"voltage";"159,04";"";"0";"unknown";"";"";"";"";"";"5d585537-6d46-4541-a2b4-7330bbfb2d3e";"";"0";"";""
"bara";"9096";"154 B-T";"KARAPINAR ACIGÖL GES";"154";"";"missing-config-id";"Entity icin ilgili SCADA olcum ID tanimli degil.";"";"";"";"";"voltage";"";"";"0";"unknown";"";"";"";"";"";"";"";"";"";""
"bara";"9101";"154 B-1";"TEKSİN GES";"154";"2361385f-f488-4ba2-a92b-b6e3e077e3ad";"matched-live";"Kaynak satir tekil olarak eslesti.";"20.04.2026 23:23:00";"159,52";"";"";"voltage";"159,52";"";"0";"unknown";"";"";"";"";"";"2361385f-f488-4ba2-a92b-b6e3e077e3ad";"";"0";"";""
"bara";"9102";"154 B-T";"TEKSİN GES";"154";"";"missing-config-id";"Entity icin ilgili SCADA olcum ID tanimli degil.";"";"";"";"";"voltage";"";"";"0";"unknown";"";"";"";"";"";"";"";"";"";""
"bara";"9107";"154 B-1";"AKYEL 1 RES";"154";"158f9c49-8487-4a3b-94ec-eeb5eb34efd4";"matched-live";"Kaynak satir tekil olarak eslesti.";"20.04.2026 23:23:00";"159,72";"";"";"voltage";"159,72";"";"0";"unknown";"";"";"";"";"";"158f9c49-8487-4a3b-94ec-eeb5eb34efd4";"";"0";"";""
"bara";"9108";"154 B-T";"AKYEL 1 RES";"154";"";"missing-config-id";"Entity icin ilgili SCADA olcum ID tanimli degil.";"";"";"";"";"voltage";"";"";"0";"unknown";"";"";"";"";"";"";"";"";"";""
"bara";"9122";"154 B-1";"KUYULUKOYAK RES";"154";"a3fc34e9-3106-4e75-8a9a-8766254e6de2";"matched-live";"Kaynak satir tekil olarak eslesti.";"20.04.2026 23:23:00";"158,96";"";"";"voltage";"158,96";"";"0";"unknown";"";"";"";"";"";"a3fc34e9-3106-4e75-8a9a-8766254e6de2";"";"0";"";""
"bara";"9123";"154 B-T";"KUYULUKOYAK RES";"154";"";"missing-config-id";"Entity icin ilgili SCADA olcum ID tanimli degil.";"";"";"";"";"voltage";"";"";"0";"unknown";"";"";"";"";"";"";"";"";"";""
"bara";"9151";"154 B-1";"ÇAMINBAŞI RES";"154";"bbee1a3c-b79e-41e8-8420-7e0cd7aa0a78";"matched-live";"Kaynak satir tekil olarak eslesti.";"20.04.2026 23:23:00";"157,77";"";"";"voltage";"157,77";"";"0";"unknown";"";"";"";"";"";"bbee1a3c-b79e-41e8-8420-7e0cd7aa0a78";"";"0";"";""
"bara";"9152";"154 B-T";"ÇAMINBAŞI RES";"154";"";"missing-config-id";"Entity icin ilgili SCADA olcum ID tanimli degil.";"";"";"";"";"voltage";"";"";"0";"unknown";"";"";"";"";"";"";"";"";"";""
"bara";"9231";"154 B-1";"GÜRSÖĞÜT HES";"154";"97f6b488-727a-4454-8b67-0c686847766f";"matched-live";"Kaynak satir tekil olarak eslesti.";"20.04.2026 23:23:00";"156,54";"";"";"voltage";"156,54";"";"0";"unknown";"";"";"";"";"";"97f6b488-727a-4454-8b67-0c686847766f";"";"0";"";""
"bara";"9232";"154 B-T";"GÜRSÖĞÜT HES";"154";"";"missing-config-id";"Entity icin ilgili SCADA olcum ID tanimli degil.";"";"";"";"";"voltage";"";"";"0";"unknown";"";"";"";"";"";"";"";"";"";""
"bara";"9239";"154 B-1";"ATAKALE RES";"154";"1c718434-d622-4be7-a9c0-7686d49feb8e";"matched-stale";"Kaynak satir bulundu ancak veri stale durumda.";"20.04.2026 23:21:00";"157,70";"";"";"voltage";"157,70";"";"0";"unknown";"";"";"";"";"";"1c718434-d622-4be7-a9c0-7686d49feb8e";"";"0";"";""
"bara";"9240";"154 B-T";"ATAKALE RES";"154";"";"missing-config-id";"Entity icin ilgili SCADA olcum ID tanimli degil.";"";"";"";"";"voltage";"";"";"0";"unknown";"";"";"";"";"";"";"";"";"";""
"bara";"9260";"154 B-1";"ALTINOVA";"154";"d58a8177-9fb1-4d4d-a80a-97ee7007da6c";"matched-live";"Kaynak satir tekil olarak eslesti.";"20.04.2026 23:23:00";"157,47";"";"";"voltage";"157,47";"";"0";"unknown";"";"";"";"";"";"d58a8177-9fb1-4d4d-a80a-97ee7007da6c";"";"0";"";""
"bara";"9261";"154 B-T";"ALTINOVA";"154";"";"missing-config-id";"Entity icin ilgili SCADA olcum ID tanimli degil.";"";"";"";"";"voltage";"";"";"0";"unknown";"";"";"";"";"";"";"";"";"";""
"bara";"9313";"154 B-1";"MAVİ HES";"154";"ffbb2b79-e7dd-43b9-b742-309638c0ae73";"matched-live";"Kaynak satir tekil olarak eslesti.";"20.04.2026 23:23:00";"159,20";"";"";"voltage";"159,20";"";"0";"unknown";"";"";"";"";"";"ffbb2b79-e7dd-43b9-b742-309638c0ae73";"";"0";"";""
"bara";"9314";"154 B-T";"MAVİ HES";"154";"";"missing-config-id";"Entity icin ilgili SCADA olcum ID tanimli degil.";"";"";"";"";"voltage";"";"";"0";"unknown";"";"";"";"";"";"";"";"";"";""
"bara";"9373";"154 B-1";"TUZGÖLÜ GEÇİCİ";"154";"740d108f-c05d-488a-9321-3e6a1d962d35";"matched-live";"Kaynak satir tekil olarak eslesti.";"20.04.2026 23:23:00";"157,92";"";"";"voltage";"157,92";"";"0";"unknown";"";"";"";"";"";"740d108f-c05d-488a-9321-3e6a1d962d35";"";"0";"";""
"bara";"9381";"154 B-1";"DDY İZZETTİN";"154";"";"missing-config-id";"Entity icin ilgili SCADA olcum ID tanimli degil.";"";"";"";"";"voltage";"";"";"0";"unknown";"";"";"";"";"";"";"";"";"";""
"bara";"9384";"154 B-1";"KÜTÜKLÜ GEÇİCİ";"154";"8e589c91-102e-4bfb-ba9b-89936e2b899b";"matched-live";"Kaynak satir tekil olarak eslesti.";"20.04.2026 23:23:00";"157,14";"";"";"voltage";"157,14";"";"0";"unknown";"";"";"";"";"";"8e589c91-102e-4bfb-ba9b-89936e2b899b";"";"0";"";""
"bara";"9398";"400 B-1";"KARAPINAR MEKE GÖLÜ GES";"400";"015088f8-acb9-41e7-8370-87bff5464ade";"matched-live";"Kaynak satir tekil olarak eslesti.";"20.04.2026 23:23:00";"409,04";"";"";"voltage";"409,04";"";"0";"unknown";"";"";"";"";"";"015088f8-acb9-41e7-8370-87bff5464ade";"";"0";"";""
"bara";"9399";"400 B-2";"KARAPINAR MEKE GÖLÜ GES";"400";"";"missing-config-id";"Entity icin ilgili SCADA olcum ID tanimli degil.";"";"";"";"";"voltage";"";"";"0";"unknown";"";"";"";"";"";"";"";"";"";""
"bara";"9400";"400 B-T";"KARAPINAR MEKE GÖLÜ GES";"400";"";"missing-config-id";"Entity icin ilgili SCADA olcum ID tanimli degil.";"";"";"";"";"voltage";"";"";"0";"unknown";"";"";"";"";"";"";"";"";"";""
"bara";"9410";"154 B-1";"AKKÖPRÜ";"154";"e731cd62-f74a-419a-a65f-04cc09d9cd91";"matched-live";"Kaynak satir tekil olarak eslesti.";"20.04.2026 23:23:00";"158,18";"";"";"voltage";"158,18";"";"0";"unknown";"";"";"";"";"";"e731cd62-f74a-419a-a65f-04cc09d9cd91";"";"0";"";""
"bara";"9411";"154 B-2";"AKKÖPRÜ";"154";"c9cdf644-54cc-4187-ab82-88a49ae67b66";"matched-live";"Kaynak satir tekil olarak eslesti.";"20.04.2026 23:23:00";"157,17";"";"";"voltage";"157,17";"";"0";"unknown";"";"";"";"";"";"c9cdf644-54cc-4187-ab82-88a49ae67b66";"";"0";"";""
"bara";"9420";"154 B-1";"BİLKENT";"154";"8c35441e-1353-4ca7-857f-d1b8e342d2a0";"matched-live";"Kaynak satir tekil olarak eslesti.";"20.04.2026 23:23:00";"156,31";"";"";"voltage";"156,31";"";"0";"unknown";"";"";"";"";"";"8c35441e-1353-4ca7-857f-d1b8e342d2a0";"";"0";"";""
"bara";"9421";"154 B-2";"BİLKENT";"154";"26ba9c33-4e6e-47e0-8d2b-7cb4a24d8c57";"matched-live";"Kaynak satir tekil olarak eslesti.";"20.04.2026 23:23:00";"156,21";"";"";"voltage";"156,21";"";"0";"unknown";"";"";"";"";"";"26ba9c33-4e6e-47e0-8d2b-7cb4a24d8c57";"";"0";"";""
"bara";"9444";"400 B-1";"BOZOK";"400";"d3dde536-983b-47bf-9c7a-b043611d73c5";"matched-live";"Kaynak satir tekil olarak eslesti.";"20.04.2026 23:23:00";"407,96";"";"";"voltage";"407,96";"";"0";"unknown";"";"";"";"";"";"d3dde536-983b-47bf-9c7a-b043611d73c5";"";"0";"";""
"bara";"9445";"400 B-2";"BOZOK";"400";"";"missing-config-id";"Entity icin ilgili SCADA olcum ID tanimli degil.";"";"";"";"";"voltage";"";"";"0";"unknown";"";"";"";"";"";"";"";"";"";""
"bara";"9446";"400 B-T";"BOZOK";"400";"";"missing-config-id";"Entity icin ilgili SCADA olcum ID tanimli degil.";"";"";"";"";"voltage";"";"";"0";"unknown";"";"";"";"";"";"";"";"";"";""
"bara";"9447";"154 B-1";"BOZOK";"154";"11d3359c-9709-4bd6-b4a9-1f7487ca8e74";"matched-live";"Kaynak satir tekil olarak eslesti.";"20.04.2026 23:23:00";"158,71";"";"";"voltage";"158,71";"";"0";"unknown";"";"";"";"";"";"11d3359c-9709-4bd6-b4a9-1f7487ca8e74";"";"0";"";""
"bara";"9448";"154 B-2";"BOZOK";"154";"";"missing-config-id";"Entity icin ilgili SCADA olcum ID tanimli degil.";"";"";"";"";"voltage";"";"";"0";"unknown";"";"";"";"";"";"";"";"";"";""
"bara";"9449";"154 B-T";"BOZOK";"154";"";"missing-config-id";"Entity icin ilgili SCADA olcum ID tanimli degil.";"";"";"";"";"voltage";"";"";"0";"unknown";"";"";"";"";"";"";"";"";"";""
"bara";"9466";"400 B-1";"ÜRGÜP";"400";"3bc7dbcd-be38-4862-917e-8b7cc4ec6150";"matched-live";"Kaynak satir tekil olarak eslesti.";"20.04.2026 23:23:00";"409,39";"";"";"voltage";"409,39";"";"0";"unknown";"";"";"";"";"";"3bc7dbcd-be38-4862-917e-8b7cc4ec6150";"";"0";"";""
"bara";"9467";"400 B-2";"ÜRGÜP";"400";"";"missing-config-id";"Entity icin ilgili SCADA olcum ID tanimli degil.";"";"";"";"";"voltage";"";"";"0";"unknown";"";"";"";"";"";"";"";"";"";""
"bara";"9468";"400 B-T";"ÜRGÜP";"400";"";"missing-config-id";"Entity icin ilgili SCADA olcum ID tanimli degil.";"";"";"";"";"voltage";"";"";"0";"unknown";"";"";"";"";"";"";"";"";"";""
"bara";"9469";"154 B-1";"ÜRGÜP";"154";"04984495-be5e-4b38-a20d-3e5e8bc7045a";"matched-live";"Kaynak satir tekil olarak eslesti.";"20.04.2026 23:23:00";"160,25";"";"";"voltage";"160,25";"";"0";"unknown";"";"";"";"";"";"04984495-be5e-4b38-a20d-3e5e8bc7045a";"";"0";"";""
"bara";"9470";"154 B-2";"ÜRGÜP";"154";"";"missing-config-id";"Entity icin ilgili SCADA olcum ID tanimli degil.";"";"";"";"";"voltage";"";"";"0";"unknown";"";"";"";"";"";"";"";"";"";""
"bara";"9471";"154 B-T";"ÜRGÜP";"154";"";"missing-config-id";"Entity icin ilgili SCADA olcum ID tanimli degil.";"";"";"";"";"voltage";"";"";"0";"unknown";"";"";"";"";"";"";"";"";"";""
"bara";"9491";"154 B-1";"DDY PAŞALI";"154";"";"missing-config-id";"Entity icin ilgili SCADA olcum ID tanimli degil.";"";"";"";"";"voltage";"";"";"0";"unknown";"";"";"";"";"";"";"";"";"";""
"bara";"9502";"154 B-1";"DDY NENEK";"154";"";"missing-config-id";"Entity icin ilgili SCADA olcum ID tanimli degil.";"";"";"";"";"voltage";"";"";"0";"unknown";"";"";"";"";"";"";"";"";"";""
"bara";"9506";"154 B-1";"KARAMAN BES";"154";"e167b7ca-953b-43e2-b625-1fbbef471e3d";"matched-live";"Kaynak satir tekil olarak eslesti.";"20.04.2026 23:23:00";"159,85";"";"";"voltage";"159,85";"";"0";"unknown";"";"";"";"";"";"e167b7ca-953b-43e2-b625-1fbbef471e3d";"";"0";"";""
"bara";"9507";"154 B-T";"KARAMAN BES";"154";"";"missing-config-id";"Entity icin ilgili SCADA olcum ID tanimli degil.";"";"";"";"";"voltage";"";"";"0";"unknown";"";"";"";"";"";"";"";"";"";""
"bara";"9516";"154 B-1";"HADİM";"154";"8ef38d0f-c6a3-4298-ad29-40baa24ad7d2";"matched-live";"Kaynak satir tekil olarak eslesti.";"20.04.2026 23:45:00";"158,78";"";"";"voltage";"158,78";"";"0";"unknown";"";"";"";"";"";"8ef38d0f-c6a3-4298-ad29-40baa24ad7d2";"";"0";"";""
"bara";"9517";"154 B-T";"HADİM";"154";"";"missing-config-id";"Entity icin ilgili SCADA olcum ID tanimli degil.";"";"";"";"";"voltage";"";"";"0";"unknown";"";"";"";"";"";"";"";"";"";""
"bara";"9615";"154 B-1";"DDY ÇAYDOĞAN";"154";"";"missing-config-id";"Entity icin ilgili SCADA olcum ID tanimli degil.";"";"";"";"";"voltage";"";"";"0";"unknown";"";"";"";"";"";"";"";"";"";""
"bara";"9681";"154 B-1";"ERCİYES RES";"154";"7e91fb4b-e81d-4ea9-b63a-f3a1ba7aff24";"matched-live";"Kaynak satir tekil olarak eslesti.";"20.04.2026 23:23:00";"158,04";"";"";"voltage";"158,04";"";"0";"unknown";"";"";"";"";"";"7e91fb4b-e81d-4ea9-b63a-f3a1ba7aff24";"";"0";"";""
"bara";"9682";"154 B-T";"ERCİYES RES";"154";"";"missing-config-id";"Entity icin ilgili SCADA olcum ID tanimli degil.";"";"";"";"";"voltage";"";"";"0";"unknown";"";"";"";"";"";"";"";"";"";""
"bara";"9702";"154 B-1";"UZAY OSB";"154";"ece22b8f-0ccb-4ef2-83a7-df9a494eddf1";"matched-stale";"Kaynak satir bulundu ancak veri stale durumda.";"20.04.2026 23:22:00";"159,05";"";"";"voltage";"159,05";"";"0";"unknown";"";"";"";"";"";"ece22b8f-0ccb-4ef2-83a7-df9a494eddf1";"";"0";"";""
"bara";"9703";"154 B-T";"UZAY OSB";"154";"";"missing-config-id";"Entity icin ilgili SCADA olcum ID tanimli degil.";"";"";"";"";"voltage";"";"";"0";"unknown";"";"";"";"";"";"";"";"";"";""
"bara";"9740";"154 B-1";"DAĞYAKA ÇİMENTO";"154";"e535911c-69ad-4ee4-8942-759acda7bfbc";"matched-stale";"Kaynak satir bulundu ancak veri stale durumda.";"20.04.2026 23:22:00";"157,83";"";"";"voltage";"157,83";"";"0";"unknown";"";"";"";"";"";"e535911c-69ad-4ee4-8942-759acda7bfbc";"";"0";"";""
"bara";"9741";"154 B-T";"DAĞYAKA ÇİMENTO";"154";"";"missing-config-id";"Entity icin ilgili SCADA olcum ID tanimli degil.";"";"";"";"";"voltage";"";"";"0";"unknown";"";"";"";"";"";"";"";"";"";""
"bara";"9849";"154 B-1";"BAĞLICA";"154";"afd22ba3-4218-47f9-99a5-fada876960a7";"matched-stale";"Kaynak satir bulundu ancak veri stale durumda.";"20.04.2026 23:22:00";"157,00";"";"";"voltage";"157,00";"";"0";"unknown";"";"";"";"";"";"afd22ba3-4218-47f9-99a5-fada876960a7";"";"0";"";""
"bara";"9850";"154 B-2";"BAĞLICA";"154";"56363efb-5d16-4c10-a0a1-615bb80ac3c1";"matched-stale";"Kaynak satir bulundu ancak veri stale durumda.";"20.04.2026 23:22:00";"156,95";"";"";"voltage";"156,95";"";"0";"unknown";"";"";"";"";"";"56363efb-5d16-4c10-a0a1-615bb80ac3c1";"";"0";"";""
"bara";"9861";"154 B-1";"UĞURLU GES";"154";"debfadb0-146d-47d8-9075-bd8f06c10165";"matched-live";"Kaynak satir tekil olarak eslesti.";"20.04.2026 23:23:00";"158,44";"";"";"voltage";"158,44";"";"0";"unknown";"";"";"";"";"";"debfadb0-146d-47d8-9075-bd8f06c10165";"";"0";"";""
"bara";"9862";"154 B-T";"UĞURLU GES";"154";"";"missing-config-id";"Entity icin ilgili SCADA olcum ID tanimli degil.";"";"";"";"";"voltage";"";"";"0";"unknown";"";"";"";"";"";"";"";"";"";""
"bara";"9872";"154 B-1";"SÖNMEZ GES";"154";"dd079316-46fa-41ad-85c9-b59a236f3faa";"matched-live";"Kaynak satir tekil olarak eslesti.";"20.04.2026 23:23:00";"158,57";"";"";"voltage";"158,57";"";"0";"unknown";"";"";"";"";"";"dd079316-46fa-41ad-85c9-b59a236f3faa";"";"0";"";""
"bara";"9873";"154 B-T";"SÖNMEZ GES";"154";"";"missing-config-id";"Entity icin ilgili SCADA olcum ID tanimli degil.";"";"";"";"";"voltage";"";"";"0";"unknown";"";"";"";"";"";"";"";"";"";""
"bara";"9890";"154 B-1";"KOLUKISA";"154";"8a4c8555-6a4e-4a7c-8432-d43303fec1b4";"matched-live";"Kaynak satir tekil olarak eslesti.";"20.04.2026 23:23:00";"158,21";"";"";"voltage";"158,21";"";"0";"unknown";"";"";"";"";"";"8a4c8555-6a4e-4a7c-8432-d43303fec1b4";"";"0";"";""
"bara";"9891";"154 B-T";"KOLUKISA";"154";"";"missing-config-id";"Entity icin ilgili SCADA olcum ID tanimli degil.";"";"";"";"";"voltage";"";"";"0";"unknown";"";"";"";"";"";"";"";"";"";""
"bara";"9914";"154 B-1";"KARAMAN RES";"154";"cd812e3e-a486-4d47-930a-80826015069d";"matched-stale";"Kaynak satir bulundu ancak veri stale durumda.";"20.04.2026 23:11:00";"158,07";"";"";"voltage";"158,07";"";"0";"unknown";"";"";"";"";"";"cd812e3e-a486-4d47-930a-80826015069d";"";"0";"";""
"bara";"9915";"154 B-T";"KARAMAN RES";"154";"";"missing-config-id";"Entity icin ilgili SCADA olcum ID tanimli degil.";"";"";"";"";"voltage";"";"";"0";"unknown";"";"";"";"";"";"";"";"";"";""
"bara";"104512";"154 B-1";"KIZILCAHAMAM";"154";"f781fa2a-f5e6-4302-b328-c402630f46d0";"matched-live";"Kaynak satir tekil olarak eslesti.";"20.04.2026 23:23:00";"157,67";"";"";"voltage";"157,67";"";"0";"unknown";"";"";"";"";"";"f781fa2a-f5e6-4302-b328-c402630f46d0";"";"0";"";""
"bara";"104513";"154 B-T";"KIZILCAHAMAM";"154";"";"missing-config-id";"Entity icin ilgili SCADA olcum ID tanimli degil.";"";"";"";"";"voltage";"";"";"0";"unknown";"";"";"";"";"";"";"";"";"";""
"bara";"105502";"154 B-1";"MERAM GİS";"154";"e37d62f3-f9c6-4029-8527-985dd6745521";"matched-stale";"Kaynak satir bulundu ancak veri stale durumda.";"20.04.2026 23:18:00";"156,12";"";"";"voltage";"156,12";"";"0";"unknown";"";"";"";"";"";"e37d62f3-f9c6-4029-8527-985dd6745521";"";"0";"";""
"bara";"105503";"154 B-2";"MERAM GİS";"154";"";"missing-config-id";"Entity icin ilgili SCADA olcum ID tanimli degil.";"";"";"";"";"voltage";"";"";"0";"unknown";"";"";"";"";"";"";"";"";"";""
"bara";"106669";"154 B-1";"BEYYURDU RES";"154";"a1b7b16c-58e0-4c9a-92f2-f4c58c4f2553";"matched-live";"Kaynak satir tekil olarak eslesti.";"20.04.2026 23:23:00";"160,84";"";"";"voltage";"160,84";"";"0";"unknown";"";"";"";"";"";"a1b7b16c-58e0-4c9a-92f2-f4c58c4f2553";"";"0";"";""
"bara";"106670";"154 B-T";"BEYYURDU RES";"154";"";"missing-config-id";"Entity icin ilgili SCADA olcum ID tanimli degil.";"";"";"";"";"voltage";"";"";"0";"unknown";"";"";"";"";"";"";"";"";"";""
"bara";"106958";"154 B-1";"ATA RES";"154";"d206c022-2a88-4311-9228-86bed672f00b";"matched-stale";"Kaynak satir bulundu ancak veri stale durumda.";"20.04.2026 23:20:00";"158,04";"";"";"voltage";"158,04";"";"0";"unknown";"";"";"";"";"";"d206c022-2a88-4311-9228-86bed672f00b";"";"0";"";""
"bara";"106959";"154 B-T";"ATA RES";"154";"";"missing-config-id";"Entity icin ilgili SCADA olcum ID tanimli degil.";"";"";"";"";"voltage";"";"";"0";"unknown";"";"";"";"";"";"";"";"";"";""
"bara";"107659";"154 B-1";"MENEKŞE RES";"154";"5c56fb14-a13c-4315-b1e3-95690b2c0b03";"matched-live";"Kaynak satir tekil olarak eslesti.";"20.04.2026 23:23:00";"160,90";"";"";"voltage";"160,90";"";"0";"unknown";"";"";"";"";"";"5c56fb14-a13c-4315-b1e3-95690b2c0b03";"";"0";"";""
"bara";"107660";"154 B-T";"MENEKŞE RES";"154";"";"missing-config-id";"Entity icin ilgili SCADA olcum ID tanimli degil.";"";"";"";"";"voltage";"";"";"0";"unknown";"";"";"";"";"";"";"";"";"";""
"bara";"108135";"154 B-1";"DİANA OTEL GES";"154";"e14a37ec-f5d7-4390-85a4-1aaff8c46211";"matched-stale";"Kaynak satir bulundu ancak veri stale durumda.";"20.04.2026 23:19:00";"157,58";"";"";"voltage";"157,58";"";"0";"unknown";"";"";"";"";"";"e14a37ec-f5d7-4390-85a4-1aaff8c46211";"";"0";"";""
"bara";"108136";"154 B-T";"DİANA OTEL GES";"154";"";"missing-config-id";"Entity icin ilgili SCADA olcum ID tanimli degil.";"";"";"";"";"voltage";"";"";"0";"unknown";"";"";"";"";"";"";"";"";"";""
"bara";"109112";"154 B-1";"ATAHAN GES";"154";"5bcf29fc-0d99-4076-bf64-b2f18aca60a7";"matched-live";"Kaynak satir tekil olarak eslesti.";"20.04.2026 23:23:00";"158,36";"";"";"voltage";"158,36";"";"0";"unknown";"";"";"";"";"";"5bcf29fc-0d99-4076-bf64-b2f18aca60a7";"";"0";"";""
"bara";"109113";"154 B-T";"ATAHAN GES";"154";"";"missing-config-id";"Entity icin ilgili SCADA olcum ID tanimli degil.";"";"";"";"";"voltage";"";"";"0";"unknown";"";"";"";"";"";"";"";"";"";""
"bara";"109517";"154 B-1";"NALLIHAN";"154";"c7bfe6e5-b9ae-4ace-82a0-b34333ee5d6f";"matched-stale";"Kaynak satir bulundu ancak veri stale durumda.";"20.04.2026 23:19:00";"153,75";"";"";"voltage";"153,75";"";"0";"unknown";"";"";"";"";"";"c7bfe6e5-b9ae-4ace-82a0-b34333ee5d6f";"";"0";"";""
"bara";"109518";"154 B-T";"NALLIHAN";"154";"";"missing-config-id";"Entity icin ilgili SCADA olcum ID tanimli degil.";"";"";"";"";"voltage";"";"";"0";"unknown";"";"";"";"";"";"";"";"";"";""
"bara";"109960";"400 B-1";"İGA GES";"400";"2455dbca-b0a2-4a33-9ff2-546e85352d5a";"matched-live";"Kaynak satir tekil olarak eslesti.";"20.04.2026 23:23:00";"408,42";"";"";"voltage";"408,42";"";"0";"unknown";"";"";"";"";"";"2455dbca-b0a2-4a33-9ff2-546e85352d5a";"";"0";"";""
"bara";"109961";"400 B-2";"İGA GES";"400";"";"missing-config-id";"Entity icin ilgili SCADA olcum ID tanimli degil.";"";"";"";"";"voltage";"";"";"0";"unknown";"";"";"";"";"";"";"";"";"";""
"bara";"109962";"400 B-T";"İGA GES";"400";"";"missing-config-id";"Entity icin ilgili SCADA olcum ID tanimli degil.";"";"";"";"";"voltage";"";"";"0";"unknown";"";"";"";"";"";"";"";"";"";""
"bara";"115515";"154 B-1";"KARALIK RES";"154";"8c5f4c73-2ef2-4a81-a78d-edd97b7243a1";"matched-live";"Kaynak satir tekil olarak eslesti.";"20.04.2026 23:23:00";"161,77";"";"";"voltage";"161,77";"";"0";"unknown";"";"";"";"";"";"8c5f4c73-2ef2-4a81-a78d-edd97b7243a1";"";"0";"";""
"bara";"115516";"154 B-T";"KARALIK RES";"154";"";"missing-config-id";"Entity icin ilgili SCADA olcum ID tanimli degil.";"";"";"";"";"voltage";"";"";"0";"unknown";"";"";"";"";"";"";"";"";"";""
"bara";"115747";"154 B-1";"AYBASTI RES";"154";"bb50d1b1-6811-45f1-b3c3-468d9eabe8b5";"matched-live";"Kaynak satir tekil olarak eslesti.";"20.04.2026 23:23:00";"159,63";"";"";"voltage";"159,63";"";"0";"unknown";"";"";"";"";"";"bb50d1b1-6811-45f1-b3c3-468d9eabe8b5";"";"0";"";""
"bara";"115748";"154 B-T";"AYBASTI RES";"154";"";"missing-config-id";"Entity icin ilgili SCADA olcum ID tanimli degil.";"";"";"";"";"voltage";"";"";"0";"unknown";"";"";"";"";"";"";"";"";"";""
"bara";"115917";"154 B-1";"ASELSAN MOBİL";"154";"f0c8b882-c0df-4077-a297-27de022741d1";"matched-live";"Kaynak satir tekil olarak eslesti.";"20.04.2026 23:23:00";"156,63";"";"";"voltage";"156,63";"";"0";"unknown";"";"";"";"";"";"f0c8b882-c0df-4077-a297-27de022741d1";"";"0";"";""
"bara";"117178";"154 B-1";"OYÇİM GES";"154";"c0a8cb3d-f35f-4586-b162-c1c47e7481d9";"matched-stale";"Kaynak satir bulundu ancak veri stale durumda.";"20.04.2026 23:18:00";"156,16";"";"";"voltage";"156,16";"";"0";"unknown";"";"";"";"";"";"c0a8cb3d-f35f-4586-b162-c1c47e7481d9";"";"0";"";""
"bara";"117179";"154 B-T";"OYÇİM GES";"154";"";"missing-config-id";"Entity icin ilgili SCADA olcum ID tanimli degil.";"";"";"";"";"voltage";"";"";"0";"unknown";"";"";"";"";"";"";"";"";"";""
"bara";"118771";"154 B-1";"ALCI OSB MOBİL";"154";"3d6600d1-d4f5-49e0-82ad-6bed405456d3";"matched-stale";"Kaynak satir bulundu ancak veri stale durumda.";"20.04.2026 14:50:00";"0,00";"";"";"voltage";"0,00";"";"0";"unknown";"";"";"";"";"";"3d6600d1-d4f5-49e0-82ad-6bed405456d3";"";"0";"";""