"Sira";"Trafo";"TM";"Tip";"MW";"MVAR";"Yuklenme (%)"
"1";"TR-A";"KARAMAN RES";"Dağıtım Trafosu";"38,86";"-1,26";"62,18"
"2";"TR-A";"İGA GES";"Dağıtım Trafosu";"73,13";"-3,11";"58,50"
"3";"TR-A";"AYBASTI RES";"Dağıtım Trafosu";"57,74";"-3,13";"57,74"
"4";"TR-B";"ETİ SODA";"Dağıtım Trafosu";"-35,57";"-1,19";"56,92"
"5";"TR-B";"KARAPINAR ACIGÖL GES";"Dağıtım Trafosu";"-65,92";"8,69";"52,73"
"6";"TR-A";"KARAPINAR ACIGÖL GES";"Dağıtım Trafosu";"-65,45";"6,62";"52,36"
"7";"PRTR-6";"KAZAN DGKÇ";"Dağıtım Trafosu";"-20,91";"-4,49";"52,27"
"8";"PRTR-2";"KAZAN DGKÇ";"Dağıtım Trafosu";"-20,71";"-2,72";"51,76"
"9";"TR";"ÇAMLICA3 HES";"Dağıtım Trafosu";"15,98";"0,03";"50,73"
"10";"TR-B";"ANKARA SANAYİ";"Dağıtım Trafosu";"50,58";"-3,12";"50,58"
"11";"TR-A";"KAYSERİ1";"Dağıtım Trafosu";"-49,58";"4,89";"49,58"
"12";"TR-2";"ÇİMPOR";"Dağıtım Trafosu";"-15,27";"-1,79";"48,87"
"13";"TR-B";"İGA GES";"Dağıtım Trafosu";"60,78";"-3,14";"48,63"
"14";"TR-B";"ÜMİTKÖY";"Dağıtım Trafosu";"-47,87";"-7,05";"47,87"
"15";"PRTR-5";"KAZAN DGKÇ";"Dağıtım Trafosu";"-19,14";"-2,54";"47,84"
"16";"TR-A";"KARAMAN BES";"Dağıtım Trafosu";"28,54";"-7,66";"45,67"
"17";"TR-A";"BİLKENT";"Dağıtım Trafosu";"-44,86";"4,26";"44,86"
"18";"TR-C";"KAYSERİ3";"Dağıtım Trafosu";"-44,16";"2,25";"44,16"
"19";"TR-A";"ÇİĞDEM";"Dağıtım Trafosu";"-43,60";"5,09";"43,60"
"20";"TR-B";"AKKÖPRÜ";"Dağıtım Trafosu";"-43,59";"2,52";"43,59"
"21";"TR-4";"KARAPINAR MEKE GÖLÜ GES";"Dağıtım Trafosu";"-107,76";"12,11";"43,11"
"22";"TR-A";"İMRAHOR";"Dağıtım Trafosu";"-42,63";"6,16";"42,63"
"23";"TR-B";"KONYA ÇİMENTO";"Dağıtım Trafosu";"-26,46";"-2,65";"42,33"
"24";"TR-B";"KIRIKKALE";"Dağıtım Trafosu";"-26,45";"0,17";"42,31"
"25";"TR-A";"KAYSERİ4";"Dağıtım Trafosu";"-41,99";"0,53";"41,99"
"26";"TR-A";"OVACIK";"Dağıtım Trafosu";"-41,73";"7,07";"41,73"
"27";"TR-A";"ETİ SODA";"Dağıtım Trafosu";"-26,08";"3,75";"41,72"
"28";"TR-B";"ADATOPRAKPINAR";"Dağıtım Trafosu";"25,98";"-4,22";"41,57"
"29";"TR-A";"ADATOPRAKPINAR";"Dağıtım Trafosu";"25,94";"-4,16";"41,50"
"30";"PRTR-1";"KAZAN DGKÇ";"Dağıtım Trafosu";"-16,25";"-2,00";"40,63"
"31";"PRTR-3";"KAZAN DGKÇ";"Dağıtım Trafosu";"-16,24";"-2,46";"40,61"
"32";"C-TR-5";"SİNCAN";"Dağıtım Trafosu";"-50,74";"-0,64";"40,59"
"33";"PRTR-4";"KAZAN DGKÇ";"Dağıtım Trafosu";"-15,90";"-2,66";"39,76"
"34";"TR-C";"ÜMİTKÖY";"Dağıtım Trafosu";"-39,35";"-1,60";"39,35"
"35";"TR-3";"KARAPINAR MEKE GÖLÜ GES";"Dağıtım Trafosu";"-97,65";"8,74";"39,06"
"36";"TR-D";"MALTEPE ANKARA";"Dağıtım Trafosu";"-38,80";"3,26";"38,80"
"37";"TR-A";"EMİRLER";"Dağıtım Trafosu";"-38,73";"-2,78";"38,73"
"38";"TR-A";"OYÇİM GES";"Dağıtım Trafosu";"-24,16";"-0,11";"38,66"
"39";"TR-A";"KURTKAYASI RES";"Dağıtım Trafosu";"23,98";"-2,17";"38,38"
"40";"TR-B";"ESENBOĞA";"Dağıtım Trafosu";"-38,16";"-4,87";"38,16"
"41";"TR-A";"TEMELLİ";"Dağıtım Trafosu";"-38,05";"6,07";"38,05"
"42";"TR-B";"YAHYALI RES";"Dağıtım Trafosu";"23,74";"3,78";"37,98"
"43";"TR-B";"İMRAHOR";"Dağıtım Trafosu";"-37,92";"0,17";"37,92"
"44";"TR-A";"KAYSERİ2";"Dağıtım Trafosu";"-37,69";"3,98";"37,69"
"45";"TR-2";"KARAPINAR MEKE GÖLÜ GES";"Dağıtım Trafosu";"-94,18";"9,94";"37,67"
"46";"TR-B";"AKSU RES";"Dağıtım Trafosu";"23,38";"0,00";"37,41"
"47";"TR-A";"TALAS";"Dağıtım Trafosu";"-37,36";"2,38";"37,36"
"48";"TR-B";"BÜSAN";"Dağıtım Trafosu";"-37,03";"-0,79";"37,03"
"49";"TR-B";"İNCEK";"Dağıtım Trafosu";"-36,67";"-5,26";"36,67"
"50";"TR-B";"YAHYALI BAK RES";"Dağıtım Trafosu";"-22,89";"-2,04";"36,62"
"51";"TR-B";"PETLAS";"Dağıtım Trafosu";"-11,35";"-1,02";"36,32"
"52";"TR-A";"AKSU RES";"Dağıtım Trafosu";"22,58";"1,28";"36,13"
"53";"TR-A";"MAMAK";"Dağıtım Trafosu";"-35,80";"3,86";"35,80"
"54";"TR-B";"OYÇİM GES";"Dağıtım Trafosu";"-22,30";"0,28";"35,68"
"55";"TR-1";"KARAPINAR MEKE GÖLÜ GES";"Dağıtım Trafosu";"-88,91";"8,12";"35,56"
"56";"TR-A";"KAYSERİ KAPASİTÖR";"Dağıtım Trafosu";"-35,45";"1,56";"35,45"
"57";"TR-B";"ALİBEY HÖYÜĞÜ";"Dağıtım Trafosu";"22,01";"-1,88";"35,22"
"58";"TR-A";"KAYSERİ3";"Dağıtım Trafosu";"-34,64";"2,42";"34,64"
"59";"TR-B";"ERENKÖY";"Dağıtım Trafosu";"-34,62";"-2,06";"34,62"
"60";"TR-A";"YILDIZ";"Dağıtım Trafosu";"-34,50";"2,86";"34,50"
"61";"TR-A";"BAĞLUM";"Dağıtım Trafosu";"-21,42";"-0,08";"34,27"
"62";"TR-B";"SİNCAN";"Dağıtım Trafosu";"-33,87";"2,88";"33,87"
"63";"TR-A";"NİĞDE";"Dağıtım Trafosu";"-33,84";"-1,22";"33,84"
"64";"TR-C";"BALGAT";"Dağıtım Trafosu";"-33,72";"2,45";"33,72"
"65";"TR-B";"YILDIZ";"Dağıtım Trafosu";"-33,50";"6,87";"33,50"
"66";"TR-B";"BALGAT";"Dağıtım Trafosu";"-33,44";"3,20";"33,44"
"67";"TR-B";"ERKİLET";"Dağıtım Trafosu";"-31,84";"4,46";"31,84"
"68";"TR-B";"ÇİĞDEM";"Dağıtım Trafosu";"-31,80";"3,43";"31,80"
"69";"TR-B";"AKSARAY OSB";"Dağıtım Trafosu";"-31,78";"3,26";"31,78"
"70";"TR-C";"MACUNKÖY";"Dağıtım Trafosu";"-31,53";"3,83";"31,53"
"71";"TR-A";"YAZIR";"Dağıtım Trafosu";"-31,45";"4,49";"31,45"
"72";"TR-A";"ESENBOĞA";"Dağıtım Trafosu";"-31,36";"-4,65";"31,36"
"73";"TR-B";"MACUNKÖY";"Dağıtım Trafosu";"-30,95";"2,17";"30,95"
"74";"TR-A";"MACUNKÖY";"Dağıtım Trafosu";"-30,39";"3,47";"30,39"
"75";"TR-B";"KAYSERİ1";"Dağıtım Trafosu";"-30,35";"0,88";"30,35"
"76";"TR-A";"BAĞLAR RES";"Dağıtım Trafosu";"-18,84";"0,99";"30,15"
"77";"TR-A";"ERYAMAN";"Dağıtım Trafosu";"-29,85";"4,56";"29,85"
"78";"TR-B";"NİĞDE ÇİMSA";"Dağıtım Trafosu";"-9,39";"-0,40";"29,81"
"79";"TR-C";"KAYACIK";"Dağıtım Trafosu";"-29,62";"1,60";"29,62"
"80";"TR-2";"YAYSUN GES";"Dağıtım Trafosu";"-3,69";"0,25";"29,49"
"81";"TR-B";"TEMELLİ";"Dağıtım Trafosu";"-29,42";"2,40";"29,42"
"82";"TR-1";"YAYSUN GES";"Dağıtım Trafosu";"-3,63";"0,22";"29,02"
"83";"TR-C";"MALTEPE ANKARA";"Dağıtım Trafosu";"-28,92";"2,28";"28,92"
"84";"TR-A";"BALGAT";"Dağıtım Trafosu";"-28,54";"3,03";"28,54"
"85";"TR-B";"DAĞYAKA ÇİMENTO";"Dağıtım Trafosu";"-8,92";"-0,17";"28,54"
"86";"TR-A";"YAHYALI BAK RES";"Dağıtım Trafosu";"-17,70";"-2,21";"28,31"
"87";"TR-C";"BÜSAN";"Dağıtım Trafosu";"-28,15";"1,73";"28,15"
"88";"TR-A";"ERENKÖY";"Dağıtım Trafosu";"-28,12";"1,77";"28,12"
"89";"TR-A";"MUTLU5 RES";"Dağıtım Trafosu";"-35,04";"6,57";"28,03"
"90";"TR-B";"KAYACIK";"Dağıtım Trafosu";"-27,81";"0,22";"27,81"
"91";"TR-B";"MAMAK";"Dağıtım Trafosu";"-27,29";"0,53";"27,29"
"92";"TR-A";"DAĞYAKA ÇİMENTO";"Dağıtım Trafosu";"-8,46";"-0,17";"27,06"
"93";"TR-C";"UZAY OSB";"Dağıtım Trafosu";"-27,03";"0,71";"27,03"
"94";"TR-A";"TÜMOSAN";"Dağıtım Trafosu";"-27,01";"1,02";"27,01"
"95";"TR-A";"PETLAS";"Dağıtım Trafosu";"-8,37";"-0,68";"26,77"
"96";"TR-A";"BEYLİKKÖPRÜ";"Dağıtım Trafosu";"-16,57";"0,15";"26,50"
"97";"TR-B";"EREĞLİ KONYA";"Dağıtım Trafosu";"-26,46";"3,56";"26,46"
"98";"TR-A";"UZAY OSB";"Dağıtım Trafosu";"-16,49";"0,73";"26,38"
"99";"TR-A";"BÜSAN";"Dağıtım Trafosu";"-26,10";"2,21";"26,10"
"100";"TR-B";"NİĞDE OSB";"Dağıtım Trafosu";"-25,98";"1,01";"25,98"
"101";"TR-A";"TUZGÖLÜ GEÇİCİ";"Dağıtım Trafosu";"-15,86";"-0,53";"25,38"
"102";"TR-B";"KONYA OSB";"Dağıtım Trafosu";"-24,98";"2,66";"24,98"
"103";"TR-B";"ÇAMLICA1 HES";"Dağıtım Trafosu";"24,79";"0,01";"24,79"
"104";"TR-B";"SIZIR";"Dağıtım Trafosu";"15,12";"-0,06";"24,19"
"105";"TR-B";"ERYAMAN";"Dağıtım Trafosu";"-24,12";"2,78";"24,12"
"106";"TR-A";"POLATLI ÇİMENTO";"Dağıtım Trafosu";"-9,64";"-0,54";"24,10"
"107";"TR-B";"OVACIK";"Dağıtım Trafosu";"-24,05";"1,82";"24,05"
"108";"TR-B";"KAYSERİ3";"Dağıtım Trafosu";"-24,01";"0,98";"24,01"
"109";"TR";"KIRDEMİR";"Dağıtım Trafosu";"-15,01";"-0,63";"23,83"
"110";"TR-B";"KARATAY";"Dağıtım Trafosu";"23,73";"0,08";"23,73"
"111";"TR-A";"ALİBEY HÖYÜĞÜ";"Dağıtım Trafosu";"23,17";"-1,96";"23,17"
"112";"TR-B";"KAYSERİ4";"Dağıtım Trafosu";"-23,11";"0,90";"23,11"
"113";"MOBİL TR";"ASELSAN MOBİL";"Dağıtım Trafosu";"11,26";"-0,53";"22,52"
"114";"TR-A";"SELÇUKLU";"Dağıtım Trafosu";"-22,50";"3,65";"22,50"
"115";"TR-A";"AKKÖPRÜ";"Dağıtım Trafosu";"-22,45";"0,89";"22,45"
"116";"TR-B";"BAĞLAR RES";"Dağıtım Trafosu";"-13,60";"0,57";"21,76"
"117";"TR-A";"ANKARA SANAYİ";"Dağıtım Trafosu";"21,56";"-1,82";"21,56"
"118";"TR-A";"BAŞTAŞ";"Dağıtım Trafosu";"-20,99";"-1,44";"20,99"
"119";"TR-A";"ÜMİTKÖY";"Dağıtım Trafosu";"-20,95";"-1,86";"20,95"
"120";"TR-B";"BAŞTAŞ";"Dağıtım Trafosu";"-20,90";"2,24";"20,90"
"121";"TR-B";"ATAHAN GES";"Dağıtım Trafosu";"-12,54";"4,54";"20,06"
"122";"TR-A";"POLATLI";"Dağıtım Trafosu";"-20,04";"1,84";"20,04"
"123";"TR-A";"UĞURLU GES";"Dağıtım Trafosu";"12,35";"0,65";"19,77"
"124";"TR-B";"AKYURT";"Dağıtım Trafosu";"-12,15";"1,94";"19,44"
"125";"TR-B";"UĞURLU GES";"Dağıtım Trafosu";"12,09";"-0,20";"19,34"
"126";"TR-A";"KAYACIK";"Dağıtım Trafosu";"-19,18";"1,32";"19,18"
"127";"TR-A";"ATAHAN GES";"Dağıtım Trafosu";"-11,93";"4,03";"19,09"
"128";"TR-A";"HACILAR";"Dağıtım Trafosu";"11,89";"-0,80";"19,02"
"129";"TR-B";"YOZGAT";"Dağıtım Trafosu";"-11,88";"1,20";"19,01"
"130";"TR-B";"KAZAN";"Dağıtım Trafosu";"-18,78";"-0,96";"18,78"
"131";"TR-B";"BİLKENT";"Dağıtım Trafosu";"-18,64";"-0,95";"18,64"
"132";"TR-C";"MERAM GİS";"Dağıtım Trafosu";"-18,52";"3,60";"18,52"
"133";"TR-A";"AVANOS2";"Dağıtım Trafosu";"-17,87";"-0,20";"17,87"
"134";"TR-A";"KIRŞEHİR";"Dağıtım Trafosu";"-17,71";"2,44";"17,71"
"135";"TR-C";"YILDIZ";"Dağıtım Trafosu";"-17,70";"2,18";"17,70"
"136";"TR-A";"BOR OSB";"Dağıtım Trafosu";"-17,54";"1,20";"17,54"
"137";"TR-B";"NEVŞEHİR";"Dağıtım Trafosu";"-17,51";"3,73";"17,51"
"138";"TR-A";"EREĞLİ KONYA";"Dağıtım Trafosu";"-17,36";"1,39";"17,36"
"139";"TR-A";"KONYA OSB";"Dağıtım Trafosu";"-17,19";"2,71";"17,19"
"140";"TR-C";"TEMELLİ";"Dağıtım Trafosu";"-16,78";"-3,09";"16,78"
"141";"TR-A";"ALAKOVA";"Dağıtım Trafosu";"-16,55";"3,44";"16,55"
"142";"TR-A";"NİĞDE OSB";"Dağıtım Trafosu";"-16,48";"0,62";"16,48"
"143";"TR-A";"GEYCEK RES";"Dağıtım Trafosu";"-16,46";"1,52";"16,46"
"144";"TR-B";"GEYCEK RES";"Dağıtım Trafosu";"-16,32";"2,20";"16,32"
"145";"TR-A";"LADİK";"Dağıtım Trafosu";"9,90";"3,10";"15,84"
"146";"TR-A";"OSTİM OSB";"Dağıtım Trafosu";"-15,54";"-0,84";"15,54"
"147";"TR-A";"KARAMAN OSB";"Dağıtım Trafosu";"-15,54";"3,27";"15,54"
"148";"TR-B";"MERAM GİS";"Dağıtım Trafosu";"-14,91";"1,40";"14,91"
"149";"TR-C";"KIRIKKALE";"Dağıtım Trafosu";"-9,22";"-0,39";"14,75"
"150";"TR-B";"YAZIR";"Dağıtım Trafosu";"-14,38";"3,83";"14,38"
"151";"TR-A";"KÜTÜKLÜ GEÇİCİ";"Dağıtım Trafosu";"-8,84";"1,37";"14,15"
"152";"TR-D";"PETLAS";"Dağıtım Trafosu";"8,74";"0,46";"13,99"
"153";"TR-C";"PETLAS";"Dağıtım Trafosu";"8,69";"0,34";"13,90"
"154";"TR-A";"KIRIKKALE";"Dağıtım Trafosu";"-13,40";"3,77";"13,40"
"155";"TR-A";"AKSARAY OSB";"Dağıtım Trafosu";"-12,68";"1,66";"12,68"
"156";"TR-B";"HOTAMIŞ";"Dağıtım Trafosu";"12,17";"0,32";"12,17"
"157";"TR-A";"SIZIR";"Dağıtım Trafosu";"7,57";"0,44";"12,11"
"158";"TR-A";"MERAM GİS";"Dağıtım Trafosu";"-11,95";"1,18";"11,95"
"159";"TR-B";"ARDIÇLI RES";"Dağıtım Trafosu";"-7,45";"1,41";"11,92"
"160";"TR-B";"SÖNMEZ GES";"Dağıtım Trafosu";"-7,39";"1,14";"11,82"
"161";"TR-A";"TEKSİN GES";"Dağıtım Trafosu";"-7,30";"1,48";"11,67"
"162";"TR-B";"OSTİM OSB";"Dağıtım Trafosu";"-11,60";"0,75";"11,60"
"163";"TR-A";"SÖNMEZ GES";"Dağıtım Trafosu";"-7,25";"1,27";"11,60"
"164";"TR-B";"ERCİYES RES";"Dağıtım Trafosu";"-8,46";"-0,91";"11,28"
"165";"TR-A";"KALABA";"Dağıtım Trafosu";"-6,90";"-1,40";"11,03"
"166";"TR-A";"ARDIÇLI RES";"Dağıtım Trafosu";"-6,89";"0,55";"11,02"
"167";"TR-B";"KAYAŞ";"Dağıtım Trafosu";"-6,86";"0,55";"10,98"
"168";"TR-B";"YİBİTAŞ";"Dağıtım Trafosu";"-6,86";"0,98";"10,98"
"169";"TR-B";"NİĞDE";"Dağıtım Trafosu";"-10,78";"2,42";"10,78"
"170";"TR-B";"ŞARKIŞLA";"Dağıtım Trafosu";"6,31";"0,72";"10,10"
"171";"TR-A";"KAZAN";"Dağıtım Trafosu";"-10,06";"1,07";"10,06"
"172";"TR-B";"BOZOK";"Dağıtım Trafosu";"6,17";"0,91";"9,87"
"173";"TR-A";"MALTEPE ANKARA";"Dağıtım Trafosu";"-2,33";"-0,13";"9,30"
"174";"TR-B";"TÜMOSAN";"Dağıtım Trafosu";"-9,05";"1,80";"9,05"
"175";"TR-A";"DİANA OTEL GES";"Dağıtım Trafosu";"5,63";"-";"9,00"
"176";"TR-A";"ŞARKIŞLA";"Dağıtım Trafosu";"5,55";"0,02";"8,89"
"177";"TR-A";"CİHANBEYLİ";"Dağıtım Trafosu";"-8,77";"-0,73";"8,77"
"178";"TR-D";"ÇİNKUR";"Dağıtım Trafosu";"-8,55";"-0,09";"8,55"
"179";"TR-D";"KIRIKKALE";"Dağıtım Trafosu";"-5,34";"0,01";"8,54"
"180";"TR-B";"ÜRGÜP";"Dağıtım Trafosu";"-5,31";"-0,08";"8,49"
"181";"TR-B";"ÇEKEREK HAVZA";"Dağıtım Trafosu";"5,28";"0,82";"8,45"
"182";"TR-A";"SİNCAN";"Dağıtım Trafosu";"-8,44";"0,84";"8,44"
"183";"TR-A";"ÇEKEREK HAVZA";"Dağıtım Trafosu";"5,22";"0,82";"8,34"
"184";"TR-D";"HACILAR";"Dağıtım Trafosu";"6,19";"0,11";"8,25"
"185";"TR-B";"AVANOS2";"Dağıtım Trafosu";"8,16";"-0,13";"8,16"
"186";"TR-B";"GÜNEYSINIR";"Dağıtım Trafosu";"4,99";"-0,43";"7,98"
"187";"TR-B";"KIZILIRMAK";"Dağıtım Trafosu";"-4,99";"1,94";"7,98"
"188";"TR-A";"KIZILIRMAK";"Dağıtım Trafosu";"-4,93";"1,92";"7,89"
"189";"TR-B";"POLATLI ÇİMENTO";"Dağıtım Trafosu";"-3,15";"0,03";"7,88"
"190";"TR-A";"ERKİLET";"Dağıtım Trafosu";"-7,82";"0,74";"7,82"
"191";"TR-A";"NEVŞEHİR";"Dağıtım Trafosu";"-7,72";"-1,74";"7,72"
"192";"TR-A";"YİBİTAŞ";"Dağıtım Trafosu";"4,75";"0,36";"7,60"
"193";"TR-B";"SELÇUKLU";"Dağıtım Trafosu";"4,72";"0,29";"7,55"
"194";"TR-A";"KARALIK RES";"Dağıtım Trafosu";"-7,43";"2,89";"7,43"
"195";"TR-A";"ÇUMRA";"Dağıtım Trafosu";"-7,41";"-1,26";"7,41"
"196";"TR-B";"TAKSAN";"Dağıtım Trafosu";"-7,18";"0,21";"7,18"
"197";"TR-A";"TAKSAN";"Dağıtım Trafosu";"-4,47";"0,50";"7,16"
"198";"TR-C";"SİNCAN";"Dağıtım Trafosu";"7,09";"-1,03";"7,09"
"199";"TR-A";"KONYA KUZEY";"Dağıtım Trafosu";"6,75";"0,05";"6,75"
"200";"TR-B";"TALAS";"Dağıtım Trafosu";"-6,66";"2,64";"6,66"
"201";"TR-A";"ATAKALE RES";"Dağıtım Trafosu";"-4,15";"1,06";"6,63"
"202";"TR-A";"EŞMEKAYA";"Dağıtım Trafosu";"-6,60";"0,17";"6,60"
"203";"TR-B";"MİSLİOVA";"Dağıtım Trafosu";"6,35";"-0,35";"6,35"
"204";"TR-A";"MENEKŞE RES";"Dağıtım Trafosu";"3,94";"0,06";"6,30"
"205";"TR-B";"KALABA";"Dağıtım Trafosu";"-3,78";"-0,21";"6,04"
"206";"TR-B";"SİVRİHİSAR";"Dağıtım Trafosu";"3,73";"-0,17";"5,97"
"207";"TR-B";"HACILAR";"Dağıtım Trafosu";"3,66";"2,05";"5,85"
"208";"TR-A";"SİVRİHİSAR";"Dağıtım Trafosu";"3,65";"-0,23";"5,83"
"209";"TR-B";"KAYSERİ KAPASİTÖR";"Dağıtım Trafosu";"5,61";"0,64";"5,61"
"210";"TR-A";"ERCİYES RES";"Dağıtım Trafosu";"";"4,04";"5,38"
"211";"TR-A";"ŞEREFLİKOÇHİSAR";"Dağıtım Trafosu";"-3,31";"0,67";"5,29"
"212";"TR-B";"BEYPAZARI";"Dağıtım Trafosu";"-3,28";"-0,62";"5,25"
"213";"TR-B";"PINARBAŞI";"Dağıtım Trafosu";"5,08";"0,33";"5,08"
"214";"TR-B";"KOLUKISA";"Dağıtım Trafosu";"4,86";"-0,79";"4,86"
"215";"TR-A";"AKYURT";"Dağıtım Trafosu";"3,03";"3,54";"4,85"
"216";"TR-B";"EŞMEKAYA";"Dağıtım Trafosu";"4,64";"0,43";"4,64"
"217";"TR-A";"SARIYAR HES";"Dağıtım Trafosu";"-2,89";"-0,08";"4,59"
"218";"TR-B";"SENDİREMEKE";"Dağıtım Trafosu";"-2,85";"0,31";"4,56"
"219";"TR-B";"KAYSERİ2";"Dağıtım Trafosu";"-4,42";"2,15";"4,42"
"220";"TR-A";"ATA RES";"Dağıtım Trafosu";"2,65";"0,01";"4,24"
"221";"TR-A";"SENDİREMEKE";"Dağıtım Trafosu";"-2,62";"1,36";"4,19"
"222";"TR-B";"ALAKOVA";"Dağıtım Trafosu";"-4,12";"0,26";"4,12"
"223";"TR-B";"KIZÖREN";"Dağıtım Trafosu";"-4,10";"-0,73";"4,10"
"224";"TR-B";"KARAMAN OSB";"Dağıtım Trafosu";"-3,82";"0,95";"3,82"
"225";"TR-A";"KIZÖREN";"Dağıtım Trafosu";"-3,69";"-1,77";"3,69"
"226";"TR-B";"KARAMAN";"Dağıtım Trafosu";"";"-3,38";"3,38"
"227";"TR-B";"BOR OSB";"Dağıtım Trafosu";"3,29";"0,31";"3,29"
"228";"TR-B";"ATAKALE RES";"Dağıtım Trafosu";"3,95";"2,24";"3,16"
"229";"TR-A";"KOLUKISA";"Dağıtım Trafosu";"-3,06";"0,04";"3,06"
"230";"TR";"YUNUS EMRE TES";"Dağıtım Trafosu";"1,42";"0,46";"2,84"
"231";"PRTR-7";"KAZAN DGKÇ";"Dağıtım Trafosu";"";"-1,71";"2,74"
"232";"TR-A";"YOZGAT";"Dağıtım Trafosu";"-1,57";"0,11";"2,52"
"233";"TR-A";"HOTAMIŞ";"Dağıtım Trafosu";"2,38";"-0,08";"2,38"
"234";"TR-B";"KONYA KUZEY";"Dağıtım Trafosu";"1,46";"0,14";"2,33"
"235";"TR-A";"KARAMAN";"Dağıtım Trafosu";"-2,31";"-2,06";"2,31"
"236";"TR-A";"BEYYURDU RES";"Dağıtım Trafosu";"-1,44";"0,02";"2,30"
"237";"TR-A";"MİSLİOVA";"Dağıtım Trafosu";"-2,21";"-0,65";"2,21"
"238";"TR-A";"ÇAMINBAŞI RES";"Dağıtım Trafosu";"-1,14";"-0,01";"1,82"
"239";"TR-A";"GÜNEYSINIR";"Dağıtım Trafosu";"1,07";"0,01";"1,72"
"240";"TR-A";"ALTINOVA";"Dağıtım Trafosu";"1,07";"-0,33";"1,71"
"241";"TR-B";"DERİNKUYU";"Dağıtım Trafosu";"1,67";"-0,19";"1,67"
"242";"TR-A";"KUYULUKOYAK RES";"Dağıtım Trafosu";"-0,41";"-0,01";"1,64"
"243";"TR-A";"YERKÖY";"Dağıtım Trafosu";"0,95";"-0,72";"1,52"
"244";"TR-A";"BOĞAZLIYAN";"Dağıtım Trafosu";"-0,88";"-0,65";"1,41"
"245";"TR-A";"ALTINEKİN";"Dağıtım Trafosu";"-1,39";"-0,71";"1,39"
"246";"TR-C";"KONYA OSB";"Dağıtım Trafosu";"-1,29";"-0,88";"1,29"
"247";"TR-B";"YERKÖY";"Dağıtım Trafosu";"0,75";"0,25";"1,19"
"248";"TR-A";"KARATAY";"Dağıtım Trafosu";"1,11";"0,00";"1,11"
"249";"TR-B";"ORTAKÖY";"Dağıtım Trafosu";"0,62";"-1,24";"1,00"
"250";"TR-A";"NİĞDE ÇİMSA";"Dağıtım Trafosu";"-0,30";"-0,05";"0,95"
"251";"TR-A";"AKDAĞ MADENİ";"Dağıtım Trafosu";"0,54";"0,08";"0,87"
"252";"TR-A";"BAĞLICA";"Dağıtım Trafosu";"";"-0,87";"0,87"
"253";"TR-B";"BOĞAZLIYAN";"Dağıtım Trafosu";"-0,54";"1,06";"0,86"
"254";"TR-B";"YEŞİLHİSAR";"Dağıtım Trafosu";"0,52";"0,29";"0,83"
"255";"TR-B";"ÇUMRA";"Dağıtım Trafosu";"-0,69";"-0,49";"0,69"
"256";"TR-B";"ALTINEKİN";"Dağıtım Trafosu";"0,55";"-0,24";"0,55"
"257";"TR-A";"BOR";"Dağıtım Trafosu";"-0,34";"-0,50";"0,54"
"258";"TR-C";"HACILAR";"Dağıtım Trafosu";"";"0,40";"0,53"
"259";"TR-B";"KALECİK";"Dağıtım Trafosu";"-0,33";"-0,15";"0,53"
"260";"TR-B";"KARAPINAR";"Dağıtım Trafosu";"-0,50";"-0,28";"0,50"
"261";"TR-C";"KAYSERİ4";"Dağıtım Trafosu";"0,50";"0,17";"0,50"
"262";"TR-B";"BAĞLUM";"Dağıtım Trafosu";"-0,29";"-0,11";"0,47"
"263";"TR-B";"EMİRLER";"Dağıtım Trafosu";"0,41";"-0,10";"0,41"
"264";"TR-B";"AKDAĞ MADENİ";"Dağıtım Trafosu";"-0,24";"0,41";"0,39"
"265";"6,3 kV TR-1";"ÇAYIRHAN TES";"Dağıtım Trafosu";"-0,09";"-0,06";"0,36"
"266";"TR-B";"BOR";"Dağıtım Trafosu";"-0,22";"-0,66";"0,35"
"267";"TR-A";"PINARBAŞI";"Dağıtım Trafosu";"-0,21";"0,07";"0,34"
"268";"TR-A";"DERİNKUYU";"Dağıtım Trafosu";"-0,33";"-0,38";"0,33"
"269";"TR-A";"BEYPAZARI";"Dağıtım Trafosu";"-0,19";"0,20";"0,30"
"270";"STARTUP";"KAZAN DGKÇ";"Dağıtım Trafosu";"-0,06";"-";"0,30"
"271";"TR-A";"KARAPINAR";"Dağıtım Trafosu";"-0,30";"1,83";"0,30"
"272";"TR-B";"ŞEREFLİKOÇHİSAR";"Dağıtım Trafosu";"-0,17";"-0,03";"0,27"
"273";"TR-A";"KULU";"Dağıtım Trafosu";"0,17";"-";"0,26"
"274";"TR-B";"POLATLI";"Dağıtım Trafosu";"";"0,21";"0,21"
"275";"TR-B";"MALTEPE ANKARA";"Dağıtım Trafosu";"-0,05";"-";"0,20"
"276";"TR-A";"ORTAKÖY";"Dağıtım Trafosu";"-0,12";"0,21";"0,20"
"277";"TR-B";"CİHANBEYLİ";"Dağıtım Trafosu";"0,19";"-0,12";"0,19"
"278";"TR-A";"AYRANCI GEÇİCİ";"Dağıtım Trafosu";"";"0,10";"0,16"
"279";"TR-A";"YEŞİLHİSAR";"Dağıtım Trafosu";"-0,07";"0,56";"0,11"
"280";"TR-B";"KULU";"Dağıtım Trafosu";"-0,05";"-0,32";"0,08"
"281";"TR-B";"KIRŞEHİR";"Dağıtım Trafosu";"-0,04";"-0,29";"0,06"
"282";"TR-B";"SORGUN";"Dağıtım Trafosu";"";"0,02";"0,03"
"283";"C-TR-6";"SİNCAN";"Dağıtım Trafosu";"-0,01";"-0,13";"0,01"
"284";"TR";"ÇAYIRHAN TES";"Dağıtım Trafosu";"";"-";""
"285";"TR-A";"HASKÖY";"Dağıtım Trafosu";"";"-";""
"286";"TR-1";"ÇİMPOR";"Dağıtım Trafosu";"0,00";"0,00";"0,00"
"287";"TR-A";"KEPEZKAYA HAVZA";"Dağıtım Trafosu";"0,00";"0,00";"0,00"
"288";"TR-B";"HASKÖY";"Dağıtım Trafosu";"";"-";""
"289";"TR-A";"YENİCE HES";"Dağıtım Trafosu";"0,00";"0,00";"0,00"
"290";"TR-A";"YAHYALI RES";"Dağıtım Trafosu";"";"-";""
"291";"TR-B";"LADİK";"Dağıtım Trafosu";"0,00";"0,00";"0,00"
"292";"TR-E";"ETİ SODA";"Dağıtım Trafosu";"";"-";""
"293";"TR-A";"KONYA ÇİMENTO";"Dağıtım Trafosu";"";"-";""
"294";"TR-D";"KAYSERİ4";"Dağıtım Trafosu";"";"-";""
"295";"TR-A";"ÖKSÜT MADENCİLİK";"Dağıtım Trafosu";"";"-";""
"296";"6,3 kV TR-2";"ÇAYIRHAN TES";"Dağıtım Trafosu";"";"-";""
"297";"TR-1";"AKYEL 1 RES";"Dağıtım Trafosu";"";"-";""
"298";"TR-2";"AKYEL 1 RES";"Dağıtım Trafosu";"";"-";""
"299";"TR-B";"ALTINOVA";"Dağıtım Trafosu";"";"-";""
"300";"TR-A";"İNCEK";"Dağıtım Trafosu";"";"-";""
"301";"TR-B";"KEPEZKAYA HAVZA";"Dağıtım Trafosu";"0,00";"0,00";"0,00"
"302";"TR-C";"AKKÖPRÜ";"Dağıtım Trafosu";"";"-";""
"303";"TR-C";"BİLKENT";"Dağıtım Trafosu";"0,00";"0,00";"0,00"
"304";"TR-A";"BOZOK";"Dağıtım Trafosu";"";"-";""
"305";"TR-A";"KALECİK";"Dağıtım Trafosu";"";"-";""
"306";"TR-A";"ÜRGÜP";"Dağıtım Trafosu";"";"-";""
"307";"TR-A";"KAYAŞ";"Dağıtım Trafosu";"0,00";"0,00";"0,00"
"308";"TR-A";"HADİM";"Dağıtım Trafosu";"";"-";""
"309";"TR-B";"HADİM";"Dağıtım Trafosu";"";"-";""
"310";"TR-B";"UZAY OSB";"Dağıtım Trafosu";"";"-";""
"311";"PRTR-8";"KAZAN DGKÇ";"Dağıtım Trafosu";"";"-";""
"312";"TR-D";"BAĞLICA";"Dağıtım Trafosu";"";"-";""
"313";"TR-3";"AKYEL 1 RES";"Dağıtım Trafosu";"";"-";""
"314";"TR-A";"KIZILCAHAMAM";"Dağıtım Trafosu";"";"-";""
"315";"TR-A";"ÇAMLICA1 HES";"Dağıtım Trafosu";"";"-";""
"316";"TR-A";"SORGUN";"Dağıtım Trafosu";"";"-";""
"317";"TR-C";"ÇİNKUR";"Dağıtım Trafosu";"";"-";""
"318";"TR-A";"GÖLBAŞI";"Dağıtım Trafosu";"";"-";""
"319";"TR-D";"KAYACIK";"Dağıtım Trafosu";"";"-";""
"320";"TR-B";"KIZILCAHAMAM";"Dağıtım Trafosu";"";"-";""
"321";"TR-A";"NALLIHAN";"Dağıtım Trafosu";"";"-";""
"322";"TR-B";"NALLIHAN";"Dağıtım Trafosu";"";"-";""
"323";"MOBİL TR";"ALCI OSB MOBİL";"Dağıtım Trafosu";"";"-";""
"324";"TR-B";"BEYLİKKÖPRÜ";"Dağıtım Trafosu";"";"-";""