"Sira";"Hat Adi";"km";"Zaman";"MW";"MVAR";"Yuklenme (%)"
"1";"400kV AKSA GÖYNÜK TES -> GÖYNÜK - ADAPAZARI EİH";"12,9";"20.04.2026 12:23:00";"771,69";"-64,44";"53,59"
"2";"400kV ADAPAZARI -> GÖYNÜK - AKSA GÖYNÜK TES EİH";"64,0";"20.04.2026 12:23:00";"-736,21";"118,03";"51,13"
"3";"400kV KANGAL TES - DEÇEKO EİH";"61,2";"20.04.2026 12:22:00";"924,14";"-105,80";"42,39"
"4";"400kV GÜRAĞAÇ - SEYİTÖMER TES EİH";"43,6";"20.04.2026 12:23:00";"-612,77";"";"42,26"
"5";"400kV KAYABAŞI - DEÇEKO EİH";"168,1";"20.04.2026 12:20:00";"-886,69";"106,68";"40,67"
"6";"400kV KURŞUNLU - KAYABAŞI EİH";"216,6";"20.04.2026 12:23:00";"-879,09";"-176,29";"40,33"
"7";"400kV SEYİTÖMER TES - AFYON2 EİH";"110,7";"20.04.2026 12:23:00";"527,89";"-18,58";"36,41"
"8";"400kV TEPEÖREN - KOCAELİ EİH";"56,4";"20.04.2026 12:23:00";"-516,53";"106,72";"35,62"
"9";"400kV İKİTELLİ - HABİBLER EİH";"10,1";"20.04.2026 12:23:00";"-753,81";"37,00";"34,58"
"10";"400kV ATATÜRK HES - HİLVAN EİH";"74,8";"20.04.2026 12:23:00";"749,33";"-27,85";"34,37"
"11";"400kV YEŞİLHİSAR - TEMELLİ - KUZEY EİH";"180,6";"20.04.2026 12:23:00";"902,64";"-105,95";"34,32"
"12";"400kV YEŞİLHİSAR - TEMELLİ - GÜNEY EİH";"180,4";"20.04.2026 12:23:00";"892,54";"-93,53";"33,94"
"13";"400kV TEMELLİ - YEŞİLHİSAR - GÜNEY EİH";"115,9";"20.04.2026 12:23:00";"-846,57";"42,51";"32,19"
"14";"400kV TEMELLİ - YEŞİLHİSAR - KUZEY EİH";"115,7";"20.04.2026 12:23:00";"-845,45";"38,09";"32,15"
"15";"400kV ADAPAZARI - OSMANCA EİH";"67,5";"20.04.2026 12:23:00";"418,32";"";"28,85"
"16";"400kV ATATÜRK HES - BAŞPINAR OSB EİH";"102,6";"20.04.2026 12:23:00";"-624,63";"17,02";"28,65"
"17";"400kV YENİ DGKÇ - ATAŞEHİR EİH";"49,5";"20.04.2026 12:23:00";"-295,30";"46,07";"28,39"
"18";"400kV BAĞLUM - KAYABAŞI EİH";"265,5";"20.04.2026 12:23:00";"-615,67";"140,89";"28,24"
"19";"400kV YENİ DGKÇ - MAKİNA OSB EİH";"4,5";"20.04.2026 12:23:00";"735,61";"-169,68";"27,97"
"20";"400kV KARAKOÇAN - BEYHAN1 HES EİH";"33,0";"20.04.2026 12:23:00";"-728,97";"101,16";"27,72"
"21";"400kV OYMAPINAR - ERMENEK HES EİH";"148,1";"20.04.2026 12:23:00";"416,16";"0,61";"27,56"
"22";"400kV KAYABAŞI - REŞADİYE EİH";"136,3";"20.04.2026 12:23:00";"652,00";"-59,64";"24,79"
"23";"400kV DİLİSKELESİ GİS -> ÇOLAKOĞLU - DİLERÇELİK EİH";"1,1";"20.04.2026 12:23:00";"252,82";"23,23";"24,31"
"24";"400kV BEYHAN1 HES - AŞAĞI KALEKÖY HES EİH";"64,4";"20.04.2026 12:23:00";"638,77";"15,36";"24,29"
"25";"400kV GELİBOLU - BEKİRLİ TES - II EİH";"56,8";"20.04.2026 12:23:00";"227,45";"-69,35";"21,87"
"26";"400kV ÇOBANBEYLİ - ATATÜRK HES EİH";"187,9";"20.04.2026 12:23:00";"-465,87";"21,52";"21,37"
"27";"400kV SIRRIN - ELGÜN EİH";"90,4";"20.04.2026 12:23:00";"-455,13";"30,84";"20,88"
"28";"400kV KEMERKÖY TES - YENİKÖY TES EİH";"12,6";"20.04.2026 12:21:00";"288,92";"-70,11";"19,93"
"29";"400kV PAŞAKÖY - ADA1 DGKÇ EİH";"106,2";"20.04.2026 12:23:00";"511,51";"";"19,45"
"30";"400kV YEŞİLHİSAR - ATATÜRK - KUZEY EİH";"139,5";"20.04.2026 12:23:00";"-504,19";"31,61";"19,17"
"31";"400kV YEŞİLHİSAR - ATATÜRK - GÜNEY EİH";"139,6";"20.04.2026 12:23:00";"-504,19";"31,62";"19,17"
"32";"400kV ÜMRANİYE - ATAŞEHİR EİH";"7,1";"20.04.2026 12:23:00";"-197,28";"25,23";"18,97"
"33";"400kV CENGİZ DGKÇ - ÇARŞAMBA EİH";"26,4";"20.04.2026 12:23:00";"-410,96";"68,58";"18,85"
"34";"400kV DAVUTPAŞA - İKİTELLİ EİH";"12,8";"20.04.2026 12:23:00";"-185,51";"-64,12";"17,84"
"35";"400kV KARTAL - YENİ DGKÇ EİH";"41,0";"20.04.2026 12:23:00";"-386,57";"";"17,73"
"36";"400kV IŞIKLAR - MORSAN EİH";"26,6";"20.04.2026 12:23:00";"465,18";"-34,45";"17,69"
"37";"400kV ÇAN HAVZA - SOMA-B EİH";"119,4";"20.04.2026 12:23:00";"-350,18";"17,83";"16,06"
"38";"400kV BİRECİK HES -> ATATÜRK HES - ZEUGMA EİH";"1,4";"20.04.2026 12:23:00";"-232,71";"-65,29";"16,05"
"39";"400kV İÇDAŞ - BANDIRMA DGKÇ EİH";"65,6";"20.04.2026 12:23:00";"345,41";"-92,63";"15,84"
"40";"400kV KEMERKÖY TES - YATAĞAN TES EİH";"47,5";"20.04.2026 12:23:00";"-227,72";"";"15,70"
"41";"400kV ADANA -> EREĞLİ - SEYDİŞEHİR EİH";"152,8";"20.04.2026 12:23:00";"218,01";"-85,12";"15,03"
"42";"400kV ATATÜRK HES - SIRRIN EİH";"63,8";"20.04.2026 12:23:00";"320,55";"-22,46";"14,70"
"43";"400kV GELİBOLU - CENAL TES - I EİH";"82,4";"20.04.2026 12:23:00";"151,10";"-41,67";"14,53"
"44";"400kV KAYSERİ KAPASİTÖR - ELBİSTAN TES EİH";"146,4";"20.04.2026 12:23:00";"205,97";"";"14,20"
"45";"400kV SİNCAN - TEMELLİ EİH";"25,7";"20.04.2026 12:23:00";"362,00";"-106,85";"13,76"
"46";"400kV MORSAN -> ALİAĞA-2 - SOMA-B EİH";"4,0";"20.04.2026 12:23:00";"361,59";"-32,31";"13,75"
"47";"400kV ERZİN - TOSÇELİK EİH";"12,6";"20.04.2026 12:23:00";"185,69";"-101,91";"12,81"
"48";"400kV KAYABAŞI - BİLGİN SAMSUN DGKÇ EİH";"149,8";"20.04.2026 12:23:00";"325,05";"4,13";"12,36"
"49";"400kV DİYARBAKIR3 - BEYHAN1 HES EİH";"100,0";"20.04.2026 12:23:00";"320,62";"23,93";"12,19"
"50";"400kV KAYABAŞI - ÇARŞAMBA EİH";"126,2";"20.04.2026 12:23:00";"-173,66";"-16,38";"11,98"
"51";"400kV ÇARŞAMBA - HASAN UĞURLU HES - I EİH";"18,4";"20.04.2026 12:22:00";"-172,72";"20,05";"11,91"
"52";"400kV SEYİTÖMER TES - ESKİŞEHİR3 EİH";"57,7";"20.04.2026 12:23:00";"-170,53";"";"11,84"
"53";"400kV DİYARBAKIR3 - KARAKAYA HES - II EİH";"95,0";"20.04.2026 12:23:00";"-290,62";"56,59";"11,05"
"54";"400kV VAN2 -> SİİRT 380 - ALPASLAN2 HES EİH";"135,6";"20.04.2026 12:15:00";"-290,02";"111,89";"11,03"
"55";"400kV VARSAK - OYMAPINAR HES EİH";"75,9";"20.04.2026 12:23:00";"-284,65";"55,88";"10,82"
"56";"400kV TÜRKGÜCÜ - GELİBOLU EİH";"123,4";"20.04.2026 12:23:00";"-271,95";"-57,95";"10,34"
"57";"400kV BORÇKA HES - DERİNER HES EİH";"27,7";"20.04.2026 12:22:00";"220,92";"-48,79";"10,13"
"58";"400kV BANDIRMA DGKÇ - CENAL TES EİH";"97,0";"20.04.2026 12:22:00";"-258,16";"31,74";"9,82"
"59";"400kV YEŞİLHİSAR - KOZAN HAVZA - I EİH";"117,0";"20.04.2026 12:23:00";"-244,83";"37,71";"9,31"
"60";"400kV IŞIKLAR - UŞAK400 EİH";"172,2";"20.04.2026 12:23:00";"-131,29";"-18,88";"9,12"
"61";"400kV YUMURTALIK DEMİRÇELİK GİS - SUGÖZÜ TES EİH";"19,4";"20.04.2026 12:23:00";"-193,77";"-31,29";"8,89"
"62";"400kV ÇOLAKOĞLU400 -> DİLİSKELESİ GİS - DİLERÇELİK EİH";"0,1";"20.04.2026 12:23:00";"-127,16";"-20,45";"8,77"
"63";"400kV OYMAPINAR - KIZILOT EİH";"22,9";"20.04.2026 12:23:00";"-229,34";"39,97";"8,72"
"64";"400kV YUMURTALIK DEMİRÇELİK GİS - ERZİN EİH";"19,6";"20.04.2026 12:23:00";"-188,91";"";"8,67"
"65";"400kV CİZRE -> SİLOPİ TES - ÇETİN HES EİH";"44,8";"20.04.2026 12:23:00";"-188,60";"-24,19";"8,65"
"66";"400kV YILDIZTEPE - ÇAĞLAYAN EİH";"3,6";"20.04.2026 12:23:00";"89,59";"55,93";"8,61"
"67";"400kV ALPASLAN2 HES -> VAN2 - SİİRT 380 EİH";"107,6";"20.04.2026 12:23:00";"224,12";"-48,21";"8,52"
"68";"400kV KIRIKKALE DGKÇ - KAYAŞ - II EİH";"32,2";"20.04.2026 12:52:00";"-212,52";"-3,81";"8,08"
"69";"400kV KIRIKKALE DGKÇ - KAYAŞ - I EİH";"32,2";"20.04.2026 12:52:00";"-211,81";"-4,84";"8,05"
"70";"400kV BATMAN2 - SİİRT400 EİH";"78,2";"20.04.2026 12:23:00";"208,73";"";"7,94"
"71";"400kV GÜRAĞAÇ - TUNÇBİLEK-B TES EİH";"2,0";"20.04.2026 12:23:00";"-113,02";"";"7,79"
"72";"400kV YILDIZTEPE - SAĞMALCILAR GİS EİH";"6,7";"20.04.2026 12:23:00";"80,66";"2,42";"7,76"
"73";"400kV ALTINKAYA HES - KAYABAŞI EİH";"102,7";"20.04.2026 12:23:00";"-111,75";"-24,54";"7,71"
"74";"400kV MERSİN400 - HUNUTLU TES EİH";"106,8";"20.04.2026 12:46:00";"-200,28";"-29,56";"7,62"
"75";"400kV BORÇKA HES - AKHLTSKHE (GÜRCİSTAN) EİH";"118,4";"20.04.2026 12:23:00";"158,85";"-132,90";"7,29"
"76";"400kV TEKİRDAĞ DGKÇ A - GELİBOLU EİH";"143,0";"20.04.2026 12:23:00";"-181,53";"";"6,90"
"77";"400kV SOMA-B TES -> ALİAĞA-2 - MORSAN EİH";"85,0";"20.04.2026 12:23:00";"-179,48";"-41,47";"6,82"
"78";"400kV VARSAK - KIZILOT EİH";"87,8";"20.04.2026 12:23:00";"-178,49";"74,05";"6,79"
"79";"400kV AĞRI2 - VAN2 EİH";"185,3";"20.04.2026 12:23:00";"142,58";"-1,32";"6,54"
"80";"400kV GELİBOLU - İKİTELLİ EİH";"228,9";"20.04.2026 12:21:00";"161,48";"68,77";"6,14"
"81";"400kV ALİBEYKÖY - ATIŞALANI EİH";"21,8";"20.04.2026 12:23:00";"-129,77";"5,34";"5,95"
"82";"400kV HAMİTABAT DGKÇ - MARİTSA (BULGARİSTAN) - I EİH";"98,2";"20.04.2026 12:23:00";"82,90";"-65,58";"5,76"
"83";"400kV AKSA ANTALYA 380 - SEYDİŞEHİR (YENİ) EİH";"152,2";"20.04.2026 12:22:00";"-124,79";"32,60";"5,72"
"84";"400kV İSDEMİR TES - ATLAS TES EİH";"11,1";"20.04.2026 12:23:00";"121,80";"32,37";"5,59"
"85";"400kV DİLERÇELİK -> DİLİSKELESİ GİS - ÇOLAKOĞLU EİH";"0,1";"20.04.2026 12:23:00";"-71,69";"-1,62";"4,94"
"86";"400kV HAMİTABAT DGKÇ - MARİTSA (BULGARİSTAN) - II EİH";"90,2";"20.04.2026 12:23:00";"107,54";"-77,14";"4,93"
"87";"400kV ALİAĞA2 -> MORSAN - SOMA-B EİH";"35,9";"20.04.2026 12:23:00";"-129,40";"10,71";"4,92"
"88";"400kV İKİTELLİ - DELİKLİKAYA - II EİH";"13,0";"20.04.2026 12:23:00";"-66,36";"57,65";"4,58"
"89";"400kV SOMA B TES - SOMA KOLİN TES EİH";"17,6";"20.04.2026 12:23:00";"98,58";"-154,14";"4,52"
"90";"400kV ZEUGMA -> ATATÜRK HES - BİRECİK HES EİH";"0,1";"20.04.2026 12:23:00";"-63,18";"20,31";"4,36"
"91";"400kV İZMİR HAVZA - UYGAR RES EİH";"51,8";"20.04.2026 12:12:00";"-111,85";"0,41";"4,25"
"92";"400kV YATAĞAN TES - PAMUKKALE EİH";"103,3";"20.04.2026 12:23:00";"-108,04";"20,48";"4,11"
"93";"400kV DERİNER HES - ARTVİN HES EİH";"53,8";"20.04.2026 12:23:00";"88,47";"-28,99";"4,06"
"94";"400kV ILICA ZEKİ GÜRGEN - TORTUM EİH";"111,1";"20.04.2026 12:22:00";"88,22";"";"4,05"
"95";"400kV KOZAN HAVZA - SANİBEY HES EİH";"21,6";"20.04.2026 12:23:00";"-88,09";"";"4,04"
"96";"400kV ADANA - TOSYALI METALURJİ EİH";"66,0";"20.04.2026 12:23:00";"-53,91";"26,37";"3,72"
"97";"400kV ARTVİN HES - TORTUM EİH";"36,0";"20.04.2026 12:23:00";"-76,80";"29,12";"3,52"
"98";"400kV SİLOPİ TES -> CİZRE - ÇETİN HES EİH";"0,1";"20.04.2026 12:23:00";"74,61";"";"3,42"
"99";"400kV BABAESKİ - TÜRKGÜCÜ EİH";"69,0";"20.04.2026 12:23:00";"71,88";"80,71";"3,30"
"100";"400kV VAN2 - BAŞKALE EİH";"103,2";"20.04.2026 12:20:00";"67,07";"9,93";"3,08"
"101";"400kV ADANA - MİSİS OSB EİH";"16,2";"20.04.2026 12:23:00";"80,87";"-56,76";"3,08"
"102";"400kV SEYDİŞEHİR (YENİ) - OYMAPINAR EİH";"86,6";"20.04.2026 12:17:00";"44,34";"34,50";"3,06"
"103";"400kV SİİRT 380 -> VAN2 - ALPASLAN2 HES EİH";"113,9";"20.04.2026 12:23:00";"79,95";"125,04";"3,04"
"104";"400kV VARSAK - AKSA ANTALYA DGKÇ EİH";"33,4";"20.04.2026 12:23:00";"65,06";"-19,40";"2,98"
"105";"400kV BABAESKİ - NEOSANTA (YUNANİSTAN) EİH";"58,3";"20.04.2026 12:23:00";"64,97";"-48,92";"2,98"
"106";"400kV BORÇKA HES - YUSUFELİ HES EİH";"96,2";"20.04.2026 12:23:00";"76,66";"143,56";"2,91"
"107";"400kV ÇEŞME - KARABURUN EİH";"20,7";"20.04.2026 12:23:00";"61,37";"0,29";"2,82"
"108";"400kV İKİTELLİ - DELİKLİKAYA - I EİH";"12,8";"20.04.2026 12:23:00";"-71,97";"76,58";"2,74"
"109";"400kV KARABURUN - LODOS RES EİH";"16,1";"20.04.2026 12:23:00";"-37,81";"-19,35";"2,61"
"110";"400kV ATIŞALANI - İKİTELLİ EİH";"14,5";"20.04.2026 12:22:00";"-55,52";"-51,08";"2,55"
"111";"400kV TORTUM - ARKUN HES EİH";"25,8";"20.04.2026 12:23:00";"66,82";"-4,31";"2,54"
"112";"400kV HİLVAN - ELGÜN EİH";"92,7";"20.04.2026 12:23:00";"-53,64";"";"2,46"
"113";"400kV ADAPAZARI - ULUDAĞ GİS EİH";"113,4";"20.04.2026 12:23:00";"-33,74";"-23,27";"2,33"
"114";"400kV TEKİRDAĞ DGKÇ A - KAPTANÇELİK EİH";"2,6";"20.04.2026 12:23:00";"31,42";"";"2,17"
"115";"400kV TEPEÖREN - PAŞAKÖY EİH";"20,2";"20.04.2026 12:23:00";"44,79";"-95,32";"2,05"
"116";"400kV GÖLBAŞI - KAYAŞ EİH";"40,0";"20.04.2026 12:52:00";"-47,42";"54,55";"1,80"
"117";"400kV KARATAY - SEYDİŞEHİR (YENİ) EİH";"98,4";"20.04.2026 12:23:00";"25,86";"18,37";"1,78"
"118";"400kV SEYDİŞEHİR (YENİ) - ETİ ALÜMİNYUM - II EİH";"3,3";"20.04.2026 12:23:00";"-44,46";"-0,36";"1,69"
"119";"400kV SEYDİŞEHİR (YENİ) - ETİ ALÜMİNYUM - III EİH";"3,3";"20.04.2026 12:23:00";"-44,37";"-0,36";"1,69"
"120";"400kV ALPASLAN2 HES - YUKARI KALEKÖY HES EİH";"70,9";"20.04.2026 12:23:00";"-43,96";"43,16";"1,67"
"121";"400kV BAŞPINAR OSB - ŞEHİTKAMİL OSB - II EİH";"82,5";"20.04.2026 12:21:00";"33,11";"-14,51";"1,52"
"122";"400kV BÖLÜCEK - ZETES2 EİH";"54,3";"20.04.2026 12:23:00";"-37,74";"-9,30";"1,44"
"123";"400kV ALİBEYKÖY - TAŞOLUK EİH";"28,7";"20.04.2026 12:23:00";"28,85";"98,65";"1,32"
"124";"400kV BURSA DGKÇS - ULUDAĞ GİS - II EİH";"28,8";"20.04.2026 12:23:00";"-17,41";"11,68";"1,20"
"125";"400kV BURSA DGKÇS - ULUDAĞ GİS - I EİH";"28,1";"20.04.2026 12:23:00";"-17,19";"-26,18";"1,19"
"126";"400kV ÇARŞAMBA - HASAN UĞURLU HES - II EİH";"18,6";"20.04.2026 12:21:00";"-17,03";"-0,53";"1,17"
"127";"400kV ERZİN - MMK METALURJİ EİH";"27,3";"20.04.2026 12:23:00";"25,54";"";"1,17"
"128";"400kV YUSUFELİ HES - İSPİR HAVZA EİH";"73,0";"20.04.2026 12:23:00";"-24,31";"-58,64";"0,92"
"129";"400kV İSDEMİR TES - MMK METALURJİ EİH";"13,0";"20.04.2026 12:23:00";"19,61";"2,89";"0,90"
"130";"400kV ERMENEK HES - MERSİN380 EİH";"173,2";"20.04.2026 12:23:00";"22,08";"6,15";"0,84"
"131";"400kV TEKİRDAĞ DGKÇ A - HABİBLER EİH";"85,0";"20.04.2026 12:23:00";"13,63";"-27,46";"0,63"
"132";"400kV BEKİRLİ TES - CENAL TES EİH";"25,2";"20.04.2026 12:23:00";"14,23";"";"0,54"
"133";"400kV CİZRE - KASEK (IRAK) EİH";"41,4";"20.04.2026 12:23:00";"-8,67";"-0,01";"0,40"
"134";"400kV KÖSE - BAĞIŞTAŞ EİH";"147,4";"20.04.2026 12:23:00";"9,56";"";"0,36"
"135";"400kV TOSÇELİK - ERZİN DGKÇ EİH";"16,0";"20.04.2026 12:23:00";"7,24";"";"0,28"
"136";"400kV ALİAĞA2 - İZMİR DGKÇ - II EİH";"0,8";"20.04.2026 12:23:00";"3,65";"1,83";"0,14"
"137";"400kV HATAY - SARISEKİ DEMİRÇELİK EİH";"68,3";"20.04.2026 12:44:00";"2,99";"-1,05";"0,14"
"138";"400kV ALİAĞA2 - İZMİR DGKÇ - I EİH";"0,8";"20.04.2026 12:23:00";"3,61";"-1,84";"0,14"
"139";"400kV ÇOBANBEYLİ - ELBİSTAN B TES - II EİH";"6,0";"20.04.2026 12:23:00";"1,59";"1,18";"0,11"
"140";"400kV SEYDİŞEHİR (YENİ) - AFYON2 EİH";"187,1";"20.04.2026 12:23:00";"1,51";"-0,96";"0,10"
"141";"400kV ÇOBANBEYLİ - ELBİSTAN B TES - III EİH";"6,2";"20.04.2026 12:23:00";"-1,46";"-0,81";"0,10"
"142";"400kV BANDIRMA DGKÇ - BANDIRMA2 DGKÇ EİH";"0,3";"20.04.2026 12:11:00";"1,84";"0,15";"0,08"
"143";"400kV ÇOBANBEYLİ - ELBİSTAN B TES - I EİH";"6,0";"20.04.2026 12:11:00";"-0,96";"-0,81";"0,07"
"144";"400kV BURSA DGKÇ - BANDIRMA DGKÇ EİH";"120,4";"20.04.2026 12:00:00";"-1,01";"0,00";"0,05"
"145";"400kV VAN2 - KHOY(İRAN) - I EİH";"113,2";"20.04.2026 09:52:00";"-0,73";"-0,37";"0,03"
"146";"400kV EREĞLİ -> SEYDİŞEHİR - ADANA EİH";"1,5";"20.04.2026 12:22:00";"-0,30";"-14,02";"0,02"
"147";"400kV DAVUTPAŞA - YILDIZTEPE EİH";"9,5";"20.04.2026 12:23:00";"";"";""
"148";"400kV ELGÜN - KIZILTEPE - I EİH";"70,7";"20.04.2026 12:23:00";"";"-54,47";""
"149";"400kV AKSA ANTALYA DGKÇ - DENİZLİ4 EİH";"155,1";"20.04.2026 12:23:00";"";"6,47";""
"150";"400kV DENİZLİ4 - RWE DENİZLİ DGKÇ - I EİH";"24,8";"20.04.2026 12:23:00";"";"";""
"151";"400kV YATAĞAN TES - DENİZLİ4 EİH";"119,6";"20.04.2026 12:23:00";"";"-17,43";""
"152";"400kV AFYON2 - RWE DENİZLİ DGKÇ EİH";"180,0";"20.04.2026 12:23:00";"";"-88,02";""
"153";"400kV BAŞPINAR OSB - ERZİN EİH";"119,6";"20.04.2026 12:23:00";"";"";""
"154";"400kV TİREBOLU - KALKANDERE EİH";"135,9";"20.04.2026 12:23:00";"";"10,26";""
"155";"400kV BORÇKA HES - KALKANDERE EİH";"124,9";"20.04.2026 12:23:00";"";"";""
"156";"400kV ÇOBANBEYLİ - ANDIRIN EİH";"104,0";"20.04.2026 12:23:00";"";"29,67";""
"157";"400kV ÇARŞAMBA - BİLGİN SAMSUN DGKÇ EİH";"47,3";"20.04.2026 12:23:00";"";"-5,89";""
"158";"400kV KURŞUNLU - BOYABAT HES EİH";"158,6";"20.04.2026 12:23:00";"";"-49,81";""
"159";"400kV DİYARBAKIR3 - BATMAN2 EİH";"93,1";"20.04.2026 12:23:00";"";"-55,92";""
"160";"400kV BEYKENT OSB - BİRECİK HES EİH";"46,8";"20.04.2026 12:23:00";"";"";""
"161";"400kV ADANA - SUGÖZÜ TES EİH";"48,1";"20.04.2026 12:23:00";"";"";""
"162";"400kV ADANA - SANİBEY HES EİH";"36,1";"20.04.2026 12:22:00";"";"";""
"163";"400kV TOSÇELİK - BAŞTUĞ EİH";"9,5";"20.04.2026 12:23:00";"";"";""
"164";"400kV ERZİN - ANDIRIN EİH";"72,7";"20.04.2026 06:42:00";"";"0,32";""
"165";"400kV ÜMRANİYE - TEPEÖREN EİH";"32,2";"20.04.2026 12:23:00";"";"-91,32";""
"166";"400kV DİYARBAKIR3 - KARAKAYA HES - I EİH";"94,6";"20.04.2026 12:23:00";"";"-25,24";""
"167";"400kV ELBİSTAN TES - ÇOBANBEYLİ EİH";"10,3";"20.04.2026 12:23:00";"";"";""
"168";"400kV HİLVAN - KARAKAYA HES EİH";"82,6";"20.04.2026 12:23:00";"";"";""
"169";"400kV ADA1 DGKÇ - ADA2 DGKÇ EİH";"0,3";"20.04.2026 12:23:00";"";"7,69";""
"170";"400kV ADA1 DGKÇ - TEMELLİ EİH";"222,9";"20.04.2026 12:23:00";"";"94,70";""
"171";"400kV ADA2 DGKÇ - OSMANCA EİH";"79,6";"20.04.2026 12:23:00";"";"";""
"172";"400kV ADAPAZARI - ÇAYIRHAN TES EİH";"138,5";"20.04.2026 12:23:00";"";"139,06";""
"173";"400kV BURSA SANAYİ - KÖYLÜKÖY EİH";"111,3";"20.04.2026 12:23:00";"";"-34,77";""
"174";"400kV BURSA DGKÇ - BURSA SANAYİ EİH";"16,6";"20.04.2026 12:23:00";"";"";""
"175";"400kV İÇDAŞ - BEKİRLİ TES EİH";"13,2";"20.04.2026 12:23:00";"";"";""
"176";"400kV UZUNDERE - GERMENCİK EİH";"84,8";"20.04.2026 12:23:00";"";"";""
"177";"400kV SİNCAN - BAĞLUM EİH";"26,6";"20.04.2026 12:23:00";"";"";""
"178";"400kV ÜMRANİYE - KÜÇÜKBAKKALKÖY EİH";"5,5";"20.04.2026 12:23:00";"";"";""
"179";"400kV ESKİŞEHİR3 - GÖKÇEKAYA HES EİH";"61,0";"20.04.2026 12:23:00";"";"";""
"180";"400kV OSMANCA - SİNCAN EİH";"174,5";"20.04.2026 12:23:00";"";"123,40";""
"181";"400kV OSMANCA - KURŞUNLU EİH";"206,3";"20.04.2026 12:23:00";"";"100,80";""
"182";"400kV YENİKÖY TES - GERMENCİK EİH";"98,2";"20.04.2026 12:23:00";"";"";""
"183";"400kV IŞIKLAR - YATAĞAN TES EİH";"147,0";"20.04.2026 12:23:00";"";"";""
"184";"400kV YATAĞAN TES - YENİKÖY TES EİH";"41,1";"20.04.2026 12:23:00";"";"-1,08";""
"185";"400kV UZUNDERE - ÇEŞME EİH";"60,2";"20.04.2026 12:23:00";"";"10,91";""
"186";"400kV ÇOBANBEYLİ - ELBİSTAN B TES - IV EİH";"6,2";"20.04.2026 12:22:00";"";"-0,21";""
"187";"400kV HAMİTABAT DGKÇ - BABAESKİ EİH";"25,5";"20.04.2026 12:23:00";"";"19,27";""
"188";"400kV HAMİTABAT DGKÇ - KAPTANÇELİK EİH";"91,7";"20.04.2026 12:23:00";"";"-23,62";""
"189";"400kV ZEKERİYAKÖY - PAŞAKÖY EİH";"32,1";"20.04.2026 12:23:00";"";"";""
"190";"400kV HABİBLER - ADA2 DGKÇ EİH";"151,6";"20.04.2026 12:23:00";"";"";""
"191";"400kV ALİBEYKÖY - BEYKOZ EİH";"22,8";"20.04.2026 12:23:00";"";"-38,94";""
"192";"400kV KÜÇÜKBAKKALKÖY - MALTEPE EİH";"10,6";"20.04.2026 12:23:00";"";"-50,24";""
"193";"400kV ATATÜRK HES - YEŞİLHİSAR - I (KUZEY) EİH";"180,8";"";"";"";""
"194";"400kV ATATÜRK HES - YEŞİLHİSAR - II (GÜNEY) EİH";"180,0";"";"";"";""
"195";"400kV İSTANBUL DGKÇ (A) - İSTANBUL F.OİL DGKÇ (B) EİH";"0,6";"20.04.2026 12:23:00";"";"";""
"196";"400kV ALİBEYKÖY - YILDIZTEPE EİH";"4,3";"20.04.2026 12:23:00";"";"";""
"197";"400kV DAVUTPAŞA - YENİBOSNA EİH";"7,1";"20.04.2026 12:23:00";"";"";""
"198";"400kV HABİBLER - ZEKERİYAKÖY EİH";"18,9";"20.04.2026 12:23:00";"";"";""
"199";"400kV ÇAYIRHAN TES - SİNCAN EİH";"77,7";"20.04.2026 12:23:00";"";"";""
"200";"400kV ERZİN - ERZİN DGKÇ EİH";"16,9";"20.04.2026 12:23:00";"";"";""
"201";"400kV GÖYNÜK -> ADAPAZARI - AKSA GÖYNÜK TES EİH";"0,1";"";"";"";""
"202";"400kV DENİZLİ4 - RWE DENİZLİ DGKÇ - II EİH";"25,4";"20.04.2026 12:23:00";"";"46,29";""
"203";"400kV ALTINKAYA HES - BOYABAT HES EİH";"66,3";"20.04.2026 12:23:00";"";"";""
"204";"400kV ÇOBANBEYLİ - TUFANBEYLİ TES EİH";"79,1";"20.04.2026 12:23:00";"";"";""
"205";"400kV YEŞİLHİSAR - TUFANBEYLİ TES EİH";"110,9";"20.04.2026 12:23:00";"";"";""
"206";"400kV TEPEÖREN - MAKİNA OSB EİH";"17,1";"20.04.2026 12:23:00";"";"";""
"207";"400kV AKSA GÖYNÜK TES - GÖKÇEKAYA HES EİH";"33,2";"20.04.2026 12:23:00";"";"";""
"208";"400kV HATAY - ATLAS TES EİH";"64,5";"20.04.2026 12:44:00";"";"2,56";""
"209";"400kV ADAPAZARI - YUNUS EMRE TES EİH";"170,2";"20.04.2026 12:23:00";"";"38,02";""
"210";"400kV TEMELLİ - YUNUS EMRE TES EİH";"76,5";"20.04.2026 12:23:00";"";"13,78";""
"211";"400kV ALTINKAYA HES - CENGİZ DGKÇ EİH";"88,5";"20.04.2026 12:23:00";"";"53,73";""
"212";"400kV ILICA ZEKİ GÜRGEN - AĞRI2 EİH";"182,6";"20.04.2026 12:23:00";"";"";""
"213";"400kV BÖLÜCEK - OSMANCA EİH";"46,0";"20.04.2026 12:23:00";"";"-27,46";""
"214";"400kV KARTAL - MALTEPE EİH";"7,7";"20.04.2026 12:23:00";"";"-36,71";""
"215";"400kV BEYKENT OSB - ŞEHİTKAMİL OSB EİH";"9,1";"20.04.2026 12:23:00";"";"-50,98";""
"216";"400kV GELİBOLU - BEKİRLİ TES - I EİH";"55,4";"20.04.2026 12:23:00";"";"-36,56";""
"217";"400kV BİLGİN SAMSUN DGKÇ - ALTINORDU EİH";"71,1";"20.04.2026 12:23:00";"";"71,38";""
"218";"400kV TİREBOLU - ALTINORDU EİH";"92,0";"20.04.2026 12:23:00";"";"39,39";""
"219";"400kV ATATÜRK HES -> BİRECİK HES - ZEUGMA EİH";"60,1";"";"";"";""
"220";"400kV ADAPAZARI - KOCAELİ - I EİH";"31,0";"20.04.2026 12:23:00";"";"";""
"221";"400kV TEKİRDAĞ DGKÇ A - TÜRKGÜCÜ EİH";"23,4";"20.04.2026 12:23:00";"";"";""
"222";"400kV ADAPAZARI - KOCAELİ - II EİH";"32,0";"20.04.2026 12:23:00";"";"";""
"223";"400kV KOCAELİ - MAKİNA OSB EİH";"38,3";"20.04.2026 12:23:00";"";"";""
"224";"400kV ERZİN DGKÇ - KOZAN HAVZA EİH";"72,7";"20.04.2026 12:23:00";"";"-126,36";""
"225";"400kV ARKUN HES - İSPİR HAVZA EİH";"47,9";"20.04.2026 12:23:00";"";"-4,40";""
"226";"400kV OSMANCA - ZETES3 EİH";"104,4";"20.04.2026 12:23:00";"";"-31,81";""
"227";"400kV ZETES2 - ZETES3 EİH";"3,9";"20.04.2026 12:23:00";"";"";""
"228";"400kV ADA2 DGKÇ - ZETES2 EİH";"176,1";"20.04.2026 12:23:00";"";"";""
"229";"400kV KIRIKKALE DGKÇ - KAYABAŞI EİH";"239,2";"20.04.2026 12:23:00";"";"73,82";""
"230";"400kV PAŞAKÖY - OSMANCA EİH";"170,7";"20.04.2026 12:23:00";"";"";""
"231";"400kV ILICA ZEKİ GÜRGEN - İSPİR HAVZA EİH";"68,8";"20.04.2026 12:23:00";"";"0,10";""
"232";"400kV REŞADİYE - ALTINORDU EİH";"83,0";"20.04.2026 12:23:00";"";"-23,31";""
"233";"400kV GELİBOLU - CENAL TES - II EİH";"82,1";"20.04.2026 12:23:00";"";"-43,33";""
"234";"400kV GÖLBAŞI - İÇ ANADOLU DGKÇ EİH";"59,2";"20.04.2026 12:23:00";"";"-66,23";""
"235";"400kV GÖKÇEKAYA HES - GÖLBAŞI EİH";"167,6";"20.04.2026 12:23:00";"";"";""
"236";"400kV ELGÜN - KIZILTEPE - II EİH";"73,8";"20.04.2026 12:23:00";"";"126,49";""
"237";"400kV İSTANBUL F.OİL DGKÇ (B) - YENİBOSNA EİH";"16,5";"20.04.2026 12:23:00";"";"";""
"238";"400kV BAĞLUM - KURŞUNLU - I EİH";"98,5";"20.04.2026 12:22:00";"";"-24,14";""
"239";"400kV BAĞLUM - KURŞUNLU - II EİH";"98,5";"20.04.2026 12:22:00";"";"-7,75";""
"240";"400kV SİNCAN - KIRIKKALE DGKÇ EİH";"163,3";"20.04.2026 12:23:00";"";"-77,01";""
"241";"400kV KIRIKKALE DGKÇ - İÇ ANADOLU DGKÇ EİH";"16,6";"20.04.2026 12:22:00";"";"6,22";""
"242";"400kV ILICA ZEKİ GÜRGEN - KARAKOÇAN EİH";"188,4";"20.04.2026 12:23:00";"";"-55,96";""
"243";"400kV SOMA RES - SOMA KOLİN TES EİH";"6,9";"20.04.2026 12:23:00";"";"";""
"244";"400kV KAPIÇAM - BAŞPINAR OSB EİH";"51,2";"20.04.2026 12:23:00";"";"-27,51";""
"245";"400kV YEŞİLHİSAR - KOZAN HAVZA - II EİH";"116,8";"20.04.2026 12:23:00";"";"";""
"246";"400kV SEYİTÖMER TES - UŞAK400 EİH";"133,0";"20.04.2026 12:23:00";"";"-28,40";""
"247";"400kV KIZILTEPE - CİZRE EİH";"139,9";"20.04.2026 12:23:00";"";"51,80";""
"248";"400kV UZUNDERE - BORNOVA380 EİH";"29,3";"20.04.2026 12:23:00";"";"2,52";""
"249";"400kV IŞIKLAR - BORNOVA380 EİH";"11,1";"20.04.2026 12:23:00";"";"-64,64";""
"250";"400kV TEKİRDAĞ DGKÇ A - DELİKLİKAYA EİH";"75,1";"20.04.2026 12:23:00";"";"-22,93";""
"251";"400kV TÜRKGÜCÜ - DELİKLİKAYA - I EİH";"92,8";"20.04.2026 12:23:00";"";"-27,71";""
"252";"400kV TÜRKGÜCÜ - DELİKLİKAYA - II EİH";"92,8";"20.04.2026 12:23:00";"";"-27,83";""
"253";"400kV BATMAN2 - ILISU HES EİH";"84,2";"20.04.2026 12:23:00";"";"39,99";""
"254";"400kV KIZILTEPE - ILISU HES EİH";"121,8";"20.04.2026 12:23:00";"";"";""
"255";"400kV CİZRE - ILISU HES EİH";"41,4";"20.04.2026 12:23:00";"";"";""
"256";"400kV YUKARI KALEKÖY HES - AŞAĞI KALEKÖY HES EİH";"29,2";"20.04.2026 12:23:00";"";"3,12";""
"257";"400kV BATMAN2 - AŞAĞI KALEKÖY HES EİH";"146,1";"20.04.2026 12:23:00";"";"-72,07";""
"258";"400kV VARSAK - SERBEST BÖLGE EİH";"21,0";"20.04.2026 12:23:00";"";"-46,24";""
"259";"400kV ATIŞALANI - SAĞMALCILAR GİS EİH";"3,4";"20.04.2026 12:23:00";"";"-108,16";""
"260";"400kV GÖLBAŞI - SİNCAN EİH";"33,9";"20.04.2026 12:23:00";"";"";""
"261";"400kV ALİAĞA2 - RAFİNERİ EİH";"2,7";"20.04.2026 12:23:00";"";"";""
"262";"400kV ANTALYA SERBEST BÖLGE - AKSA ANTALYA DGKÇ - EİH";"51,4";"20.04.2026 12:22:00";"";"-28,91";""
"263";"400kV KARATAY - KONYA KUZEY EİH";"39,6";"20.04.2026 12:23:00";"";"";""
"264";"400kV KOCAELİ - ULUDAĞ GİS EİH";"95,4";"20.04.2026 12:23:00";"";"-13,46";""
"265";"400kV BAŞPINAR OSB - ŞEHİTKAMİL OSB - I EİH";"9,1";"20.04.2026 12:23:00";"";"";""
"266";"400kV IŞIKLAR - GERMENCİK EİH";"80,6";"20.04.2026 12:23:00";"";"-80,23";""
"267";"400kV YATAĞAN TES - GERMENCİK EİH";"89,1";"20.04.2026 12:23:00";"";"-57,01";""
"268";"400kV SİİRT380 - ÇETİN HES EİH";"40,0";"20.04.2026 12:23:00";"";"0,64";""
"269";"400kV OYMAPINAR - OYMAPINAR HES - I EİH";"2,2";"20.04.2026 12:01:00";"";"";""
"270";"400kV OYMAPINAR - OYMAPINAR HES - II EİH";"2,2";"20.04.2026 12:01:00";"";"";""
"271";"400kV İZMİR HAVZA - RAFİNERİ EİH";"38,1";"20.04.2026 12:23:00";"";"-4,72";""
"272";"400kV HAMİTABAT DGKÇ - VİZE HAVZA EİH";"37,5";"20.04.2026 12:23:00";"";"14,65";""
"273";"400kV BEKİRLİ TES - ÇAN HAVZA EİH";"52,5";"20.04.2026 12:23:00";"";"";""
"274";"400kV ÇAN2 TES - ÇAN HAVZA - I EİH";"10,6";"20.04.2026 12:23:00";"";"34,04";""
"275";"400kV ÇAN2 TES - ÇAN HAVZA - II EİH";"10,6";"20.04.2026 12:23:00";"";"33,95";""
"276";"400kV ZETES3 - BARTIN OSB EİH";"66,6";"20.04.2026 12:23:00";"";"-21,46";""
"277";"400kV ÜMRANİYE - KAVACIK EİH";"9,6";"20.04.2026 12:23:00";"";"9,65";""
"278";"400kV ALİBEYKÖY - KAVACIK EİH";"31,5";"20.04.2026 12:23:00";"";"";""
"279";"400kV ADA2 DGKÇS - KAVACIK EİH";"123,9";"20.04.2026 12:23:00";"";"";""
"280";"400kV BEYKOZ - KAVACIK EİH";"21,2";"20.04.2026 12:23:00";"";"";""
"281";"400kV KARAPINAR MEKE GÖLÜ GES - KARATAY EİH";"77,8";"20.04.2026 12:23:00";"";"-21,78";""
"282";"400kV KARAPINAR MEKE GÖLÜ GES - YEŞİLHİSAR EİH";"150,6";"20.04.2026 12:23:00";"";"-30,91";""
"283";"400kV İSTANBUL RES - VİZE HAVZA EİH";"48,3";"20.04.2026 12:23:00";"";"-13,81";""
"284";"400kV İSTANBUL RES - TAŞOLUK EİH";"50,3";"20.04.2026 12:23:00";"";"22,85";""
"285";"400kV İÇ ANADOLU DGKÇ - BOZOK EİH";"147,2";"20.04.2026 12:23:00";"";"-28,04";""
"286";"400kV ÜRGÜP - ÇOBANBEYLİ EİH";"194,5";"20.04.2026 12:23:00";"";"";""
"287";"400kV KÖSE - İSPİR HAVZA - II EİH";"126,1";"20.04.2026 12:23:00";"";"-38,58";""
"288";"400kV KÖSE - İSPİR HAVZA - I EİH";"125,8";"20.04.2026 12:23:00";"";"";""
"289";"400kV SİNCAN - ÜRGÜP - II EİH";"266,2";"20.04.2026 12:23:00";"";"110,97";""
"290";"400kV İZDEMİR TES - BORNOVA380 EİH";"39,0";"20.04.2026 12:23:00";"";"";""
"291";"400kV SİNCAN - ÜRGÜP - I EİH";"265,7";"20.04.2026 12:23:00";"";"-2,38";""
"292";"400kV BURSA SANAYİ - GÜRAĞAÇ EİH";"87,7";"20.04.2026 12:23:00";"";"";""
"293";"400kV GÜRAĞAÇ - SOMA KOLİN TES EİH";"159,1";"20.04.2026 12:23:00";"";"";""
"294";"400kV SUGÖZÜ TES - HUNUTLU TES EİH";"2,3";"20.04.2026 12:23:00";"";"";""
"295";"400kV TEPEÖREN - DİLİSKELESİ GİS EİH";"18,7";"20.04.2026 12:23:00";"";"";""
"296";"400kV REŞADİYE - KÖSE EİH";"214,3";"20.04.2026 12:23:00";"";"57,90";""
"297";"400kV DENİZLİ4 - PAMUKKALE EİH";"26,3";"20.04.2026 12:23:00";"";"91,82";""
"298";"400kV BOZOK - REŞADİYE EİH";"223,4";"20.04.2026 12:23:00";"";"101,31";""
"299";"400kV ÜRGÜP - ELBİSTAN TES EİH";"210,3";"20.04.2026 12:23:00";"";"19,10";""
"300";"400kV GÖLBAŞI - KAYSERİ KAPASİTÖR KUZEY EİH";"271,7";"20.04.2026 12:23:00";"";"";""
"301";"400kV GÖLBAŞI - KAYSERİ KAPASİTÖR GÜNEY EİH";"271,7";"20.04.2026 12:23:00";"";"";""
"302";"400kV KANGAL TES - KEBAN ŞALT EİH";"139,2";"20.04.2026 12:23:00";"";"";""
"303";"400kV KEBAN HES - KEBAN ŞALT - II EİH";"7,6";"20.04.2026 12:23:00";"";"";""
"304";"400kV KEBAN HES - KEBAN ŞALT - I EİH";"7,6";"20.04.2026 12:23:00";"";"";""
"305";"400kV KEBAN HES - KEBAN ŞALT - III EİH";"7,5";"20.04.2026 12:23:00";"";"-12,76";""
"306";"400kV KARAKOÇAN - KEBAN ŞALT EİH";"135,5";"20.04.2026 12:23:00";"";"";""
"307";"400kV ELBİSTAN TES - KEBAN ŞALT EİH";"170,5";"20.04.2026 12:23:00";"";"98,52";""
"308";"400kV KEBAN ŞALT - KARAKAYA HES - II (DOĞU) EİH";"88,8";"20.04.2026 12:23:00";"";"";""
"309";"400kV KEBAN ŞALT - KARAKAYA HES - I (BATI) EİH";"88,8";"20.04.2026 12:23:00";"";"";""
"310";"400kV KAYSERİ KAPASİTÖR - KEBAN ŞALT - I (KUZEY) EİH";"273,3";"20.04.2026 12:23:00";"";"-68,00";""
"311";"400kV KAYSERİ KAPASİTÖR - KEBAN ŞALT - II (GÜNEY) EİH";"275,7";"20.04.2026 12:23:00";"";"120,05";""
"312";"400kV BAĞIŞTAŞ - KEBAN ŞALT EİH";"77,5";"20.04.2026 12:23:00";"";"-23,91";""
"313";"400kV ZETES3 - KARADENİZ DOĞALGAZ GİS EİH";"17,5";"20.04.2026 12:23:00";"";"";""
"314";"400kV BARTIN OSB - KARADENİZ DOĞALGAZ GİS EİH";"55,4";"20.04.2026 12:23:00";"";"-15,80";""
"315";"400kV ERZİN DGKÇ - SARISEKİ DEMİRÇELİK EİH";"45,1";"20.04.2026 12:23:00";"";"-4,90";""
"316";"400kV MİSİS OSB - HUNUTLU TES EİH";"40,9";"20.04.2026 12:23:00";"";"";""
"317";"400kV GÜRAĞAÇ - ULUDAĞ GİS EİH";"84,0";"20.04.2026 12:23:00";"";"-8,36";""
"318";"400kV AFYON2 - KONYA KUZEY EİH";"200,3";"20.04.2026 12:23:00";"";"";""
"319";"400kV ADA1 DGKÇS - TEPEÖREN EİH";"105,1";"20.04.2026 12:23:00";"";"-32,54";""
"320";"400kV ADAPAZARI - TEPEÖREN EİH";"89,1";"20.04.2026 12:23:00";"";"";""
"321";"400kV CENGİZ DGKÇ - SAMSUN2 EİH";"2,2";"20.04.2026 12:23:00";"";"";""
"322";"400kV ALİAĞA2 - BORNOVA380 EİH";"35,7";"20.04.2026 12:23:00";"";"";""
"323";"400kV TEMELLİ - İGA GES EİH";"121,0";"20.04.2026 12:23:00";"";"-39,55";""
"324";"400kV İGA GES - AFYON2 EİH";"115,7";"20.04.2026 12:23:00";"";"0,79";""
"325";"400kV HAMİTABAT DGKÇ - ENKA KIRKLARELİ DGKÇS - I EİH";"11,5";"20.04.2026 12:23:00";"";"-30,87";""
"326";"400kV TEPEÖREN - DERİ OSB EİH";"9,3";"20.04.2026 12:23:00";"";"";""
"327";"400kV ALİAĞA2 - BOZKÖY GİS EİH";"1,7";"20.04.2026 12:23:00";"";"";""
"328";"400kV İZDEMİR TES - BOZKÖY GİS EİH";"13,6";"20.04.2026 12:23:00";"";"";""
"329";"400kV İSTANBUL DGKÇ (A) - DELİKLİKAYA EİH";"20,5";"20.04.2026 12:23:00";"";"";""
"330";"400kV ÇETİN HES -> CİZRE - SİLOPİ TES EİH";"110,9";"";"";"";""
"331";"400kV HAMİTABAT DGKÇ - ENKA KIRKLARELİ DGKÇS - II EİH";"17,7";"20.04.2026 12:23:00";"";"-21,47";""
"332";"400kV ENKA KIRKLARELİ DGKÇS - ALİBEYKÖY EİH";"163,6";"20.04.2026 12:23:00";"";"146,25";""
"333";"400kV SEYDİŞEHİR (YENİ) -> EREĞLİ - ADANA EİH";"204,1";"";"";"";""
"334";"400kV SOMA B TES - İZMİR HAVZA EİH";"56,5";"20.04.2026 12:23:00";"";"28,33";""
"335";"400kV KÖYLÜKÖY - SOMA B TES EİH";"65,2";"20.04.2026 12:22:00";"";"45,02";""
"336";"400kV MERSİN380 -> KARATAY - AKKUYU NGS GİS EİH";"143,8";"";"";"";""
"337";"400kV KARATAY -> MERSİN380 - AKKUYU NGS GİS EİH";"223,1";"";"";"";""
"338";"400kV AKKUYU NGS GİS -> MERSİN380 - KARATAY EİH";"0,1";"";"";"";""