sinsid,TM (b1Name),b2Name,b3Name,elementName,MAX(__time),AVG(maxValue)
64a14f61-8090-4eee-b371-8a7e89c7fa16,ANKARA-2,400,OSMANCA,P,2026-04-20T00:00:00.000Z,929.7944611186902
a58ac8fc-5b4e-45af-8aac-1840ce2efa0a,TEMELLI,380,GEBZE-DG,P,2026-04-20T00:00:00.000Z,949.5185597826087
ff50afeb-aed7-4688-b07f-1d0414087907,CAYIRHAN,380,ADA-2,P,2026-04-19T23:58:00.000Z,814.1112479871177
f74f5067-e2eb-4de6-85df-61723d02980f,YESILHIS,380,AGACOR.K,P,2026-04-20T00:00:00.000Z,820.8752309782609
8eb54664-7d2d-4ede-a7e4-515e8ed3b231,YESILHIS,380,AGACOR.G,P,2026-04-20T00:00:00.000Z,811.5373165760869
88d98ab0-c7c6-482a-85bf-f51801ac9d8b,YUNUSEMR,380,ADAPAZAR,P,2026-04-20T00:00:00.000Z,728.0568442622953
ccefb2ce-6102-4ed1-8dc8-ab24d85d7f8d,TEMELLI,380,YUNUSEMR,P,2026-04-20T00:00:00.000Z,709.2540393754243
312b6d76-8e96-44e9-98e9-986a3b495d62,GOLBASI,400,G.KAYA-1,P,2026-04-20T00:00:00.000Z,531.453627118644
8e01efb1-3a41-4842-bddd-c1cbede5a301,URGUPTM,400,SINCAN1,P,2026-04-20T00:00:00.000Z,635.5100340599456
575d5d0b-59cf-4994-bbd6-c3a56714d4e7,URGUPTM,400,SINCAN2,P,2026-04-20T00:00:00.000Z,620.103978201635
b50407e1-bc2d-4fb8-8535-f297415bbd7e,ANKARA-2,400,CAYIRHAN,P,2026-04-20T00:00:00.000Z,538.5633333333334
0f35280e-b0a5-47ad-a6c9-cfe1d8866d93,ANKARA-2,400,TEMELLI,P,2026-04-20T00:00:00.000Z,325.50525458248467
ee95eda4-a026-4646-aa87-f05ef33d1dfd,GOKCEKAY,380,AKSAGOYN,P,2026-04-20T00:00:00.000Z,603.6341503046716
5fd1911e-5ef8-49fa-9076-5bdfa194241e,GOLBASI,400,SINCAN-1,P,2026-04-20T00:00:00.000Z,554.68627970129
01996321-dd3b-4855-93d8-e8ac5765dd1c,BAGLUM,380,ANKARA-2,P,2026-04-20T00:00:00.000Z,245.27048200950435
a9fe2bbb-d341-4f5a-9915-c081f4a95735,KAYSERI,380,GOLBAS-G,P,2026-04-20T00:00:00.000Z,552.808414192614
27190e4e-79a2-4526-9121-88a9b40c424b,KAYSERI,380,GOLBAS-K,P,2026-04-20T00:00:00.000Z,534.0514266304348
d28a4615-c063-4c24-86af-86fedcf494e6,BOZOKTM,380,ICANADOL,P,2026-04-20T00:00:00.000Z,350.30051841746246
d2813ebf-f6b0-424d-98d2-50c926aff5be,YESILHIS,380,K.PINARG,P,2026-04-20T00:00:00.000Z,235.0180845969673
8d432216-f1fe-4ea0-8701-565ae6df6d0f,K.PINARG,380,KARATAY,P,2026-04-20T00:00:00.000Z,276.935
1b548d3c-3614-4ed0-b92d-bce43f1db5b4,KARATAY,380,KONYAKZY,P,2026-04-19T23:57:00.000Z,218.80228601252605
8a7f5dbf-ae05-4ed3-8c40-fe8526dc472e,KONYAKZY,380,AFYON-2,P,2026-04-20T00:00:00.000Z,190.1829027872196
147d5ba7-5e37-4b26-bb7b-58e2cc05fc94,IGAGES,400,AFYON-2,P,2026-04-20T00:00:00.000Z,28.155323349217152
2ee7de58-a1a4-4c21-8e5b-6046ebe89bcc,TEMELLI,380,IGAGES,P,2026-04-20T00:00:00.000Z,19.272481305234543
2b5cba2f-d35a-4499-82f7-d216f9d6bd0c,POLATCMT,154,TEMELLI,P,2026-04-20T00:00:00.000Z,-5.928805159538358
fd027666-1f39-4780-bc1f-486aad687a27,GOKCEKAY,380,ESKISEH3,P,2026-04-20T00:00:00.000Z,-57.94612051455654
809e5f03-d036-4c57-8743-af8e3fb4bcf5,KIRIKDG,380,KAYAS-2,P,2026-04-20T00:00:00.000Z,188.70022271714922
ed1a1ec7-82a1-4301-b68c-54f0a26e14f3,IGAGES,400,TEMELLI,P,2026-04-20T00:00:00.000Z,-9.513723621511241
32f0ead6-3ffc-423e-8b8a-7d2774429f38,KIRIKDG,380,KAYAS-1,P,2026-04-20T00:00:00.000Z,186.33708149779736
6d272e1f-3b34-49c7-961c-d2a18eff136f,ICANADOL,380,GOLBASI,P,2026-04-20T00:00:00.000Z,138.40468940316686
c8056eea-7049-410c-b0db-f0fb29a0a009,ICANADOL,380,K.KALEDG,P,2026-04-19T23:58:00.000Z,208.24538071065984
322757c5-3c88-439f-b38a-9db32c9fa424,K.PINARG,380,Plnt_avP,P,2026-04-19T19:12:00.000Z,105.12347600518808
d6f7529b-302c-4830-a4d7-c3895e7c1ffa,KIRIKDG,380,SINCAN,P,2026-04-19T23:59:00.000Z,140.6452340019102
27e9d325-82e2-46ae-aba3-b52548b72e7f,KAYSERI,154,TALAS1,P,2026-04-20T00:00:00.000Z,203.21910150891637
876fc63c-9b45-4c1b-8524-7605ec665d98,KAYSERI,154,TALAS2,P,2026-04-20T00:00:00.000Z,202.6258835758836
231a71c5-f49d-4aba-8e26-9fff5925b0ea,K.PINARG,380,GES,P,2026-04-20T00:00:00.000Z,48.3139087018545
0349eefe-8c90-4498-b414-95060487205b,DEL5,154,YEDEK,P,2026-04-19T14:37:00.000Z,200.0
4571aaba-b5e8-4aa8-9ad7-280e7129009d,GOLBASI,400,KAYAS,P,2026-04-20T00:00:00.000Z,74.53623473541383
ba3a1273-51fd-4fc7-bb41-c7f65a84ea5f,CUMRA,154,KARATAY,P,2026-04-20T00:00:00.000Z,100.50249490142761
e7eebe87-d7b9-4b2e-9a22-3b93c5fe3b29,KARAMAN,154,DIANAGES,P,2026-04-20T00:00:00.000Z,91.96632043448744
c55ae78a-143d-44b0-a70a-dbed31a5f91f,AKKOPGIS,154,MALTEPE,P,2026-04-20T00:00:00.000Z,119.93361111111112
2369eb5a-5c0e-486f-88af-51d2ebdcad23,KAYAS1TM,154,IMRAHOR2,P,2026-04-19T23:58:00.000Z,119.25901898734179
e654cf77-35bb-4023-9f83-db65e354ba69,KAYAS,154,IMRAHOR2,P,2026-04-19T23:58:00.000Z,119.62201814058956
f866e230-93ae-41fa-87da-3a79d088fb32,DIANAGES,154,CUMRA,P,2026-04-20T00:00:00.000Z,89.27543024227235
c737a9c7-5796-4cc1-b489-a3b6da3cb62c,BAGLUM,380,sOTR_2,P,2026-04-20T00:00:00.000Z,108.4862923076923
8bec6004-5b38-4166-8cea-931799c9e0a1,ALAKOVA,154,YEDEK-1,P,2026-04-20T00:00:00.000Z,153.84966734555329
617ccbc2-a758-406b-8235-40fee54b5dbf,BAGLUM,380,sOTR_3,P,2026-04-20T00:00:00.000Z,104.08279708973323
1064bcf0-b81d-4945-adee-2e4f81560d5c,BAGLUM,380,sOTR_1,P,2026-04-20T00:00:00.000Z,100.92871183916607
212c54d2-3f7d-401d-b5a0-6ad9aa08977d,BAGLARRE,154,KONYAKZY,P,2026-04-19T23:50:00.000Z,108.56103448275861
539d7f26-673c-4250-bd64-1aaa6dc5bf82,ERCIYESR,154,YESILHIS,P,2026-04-20T00:00:00.000Z,59.78959918478262
353deb9a-be6c-4437-9c17-1555cab193ea,CAYIRHAN,154,NALLIHAN,P,2026-04-20T00:00:00.000Z,121.00122181818186
febcd272-662f-4636-ac8e-b85e3627a279,KAYAS1TM,154,MAMAK4,P,2026-04-20T00:00:00.000Z,94.50587709497206
aca9ccbc-b1dc-4ba4-9eb0-b9704e9a0320,KAYAS,154,AKKOPRU,P,2026-04-20T00:00:00.000Z,94.18195546950628
b8821e4a-6ab3-4616-a906-f31b64a960fe,CAMLICA,154,YESILHIS,P,2026-04-20T00:00:00.000Z,61.660014760147604
6ea834b2-3814-43d8-ad37-ebd3481a65bc,BAGLUM,380,sOTR_4,P,2026-04-20T00:00:00.000Z,91.77855102040816
30c63a39-0580-4197-9d53-1c826d5d71ac,YAHYALBE,154,OKSUT,P,2026-04-20T00:00:00.000Z,56.51267929634642
6f8cded7-5c7f-42f6-a067-0a0c4f220a26,KAYAS,154,IMRAHOR1,P,2026-04-19T23:59:00.000Z,93.23943548387099
132f4e92-c9eb-40ff-ba8a-1e07734f5b69,OKSUTTM,154,SENDREME,P,2026-04-20T00:00:00.000Z,60.33220458553792
6e6caf40-b16a-440a-950e-1ffaea1e19c2,IMRAHOR,154,YILDIZ,P,2026-04-20T00:00:00.000Z,93.13893732970027
7e4acbba-fd64-4158-9c5e-eb8174e55b86,IMRAH101,154,YILDIZ,P,2026-04-20T00:00:00.000Z,93.1423365122616
06bca4c1-01ce-4925-9014-85c44e7e713d,KAYAS1TM,154,IMRAHOR1,P,2026-04-19T23:59:00.000Z,92.62045112781955
1353d19a-b0b5-45a1-8741-7d03cc8bc984,ANKARA-2,400,BAGLUM,P,2026-04-20T00:00:00.000Z,-227.9272658402204
de538b99-bb59-4df3-abe5-85d296cadc4e,AKYEL-1,154,TEKSINGE,P,2026-04-20T00:00:00.000Z,57.76298149417409
feb2268a-b3f1-4a2d-ae7a-671f238a62b5,TEKSINGE,154,KARAMANO,P,2026-04-20T00:00:00.000Z,58.934186521443166
8fb405a1-5b54-4745-a37e-6df1248e5417,BAGLUM,154,MACUNKO2,P,2026-04-20T00:00:00.000Z,72.94263586956522
3f6e7439-477d-4421-aee1-bc3472239c9e,HADIM,154,GUNEYSIN,P,2026-04-19T23:59:00.000Z,62.40256
03bf0499-0261-4a1e-b9db-15315cc1233f,KARMNBES,154,AYRANCI,P,2026-04-19T23:59:00.000Z,66.5965934065934
7166be3f-059c-4162-b684-339d9d121809,DERINKUY,154,AKSRYOSB,P,2026-04-20T00:00:00.000Z,69.01352141400407
ecd7615e-572c-447c-ab19-09f35efe72f2,ATAKALE,154,WINDFARM,P,2026-04-20T00:00:00.000Z,64.15915875169607
ff2e4fa3-7c67-44e0-92df-a1892fae6718,ANKARA-2,154,ERYAMAN,P,2026-04-20T00:00:00.000Z,71.3339918533605
b8e26615-e99c-4755-8c61-a5f88ac8b0a1,K.EREGLI,154,KARAPINA,P,2026-04-20T00:00:00.000Z,47.07356900067981
d51a6a2e-e5bb-41f1-8ad9-45c86fd9dae6,GUNEYSNR,154,CUMRA,P,2026-04-20T00:00:00.000Z,56.34447171097477
e33588f7-d29c-4af5-9051-c9021c8b1fb4,GEYCEK,154,WINDFARM,P,2026-04-20T00:00:00.000Z,43.90262980445044
da25ae1b-f343-4182-9178-0a63a004d08d,TEMELLI,154,UMITKOY2,P,2026-04-20T00:00:00.000Z,56.125703602991166
9fedaf64-92fa-462d-ab61-633a073eed53,G4_BOR-3,154,Plnt_avP,P,2026-04-20T00:00:00.000Z,20.355530303030303
668d2547-88d8-4283-a4eb-c34cad4109ca,GEYCEK,154,AVANOS-2,P,2026-04-20T00:00:00.000Z,36.99518417462483
af155940-1196-42d7-bf54-13874fc22d8d,BAGLUM,154,HASKOY-1,P,2026-04-20T00:00:00.000Z,74.80412894375858
dbd700a7-3ea7-4b44-a0ea-19cd94bea97f,SIZIR,154,KAYSRKAP,P,2026-04-20T00:00:00.000Z,63.04993885869566
f4e5852d-f279-4a40-8e7c-645613465f1c,BAGLARRE,154,WINDFARM,P,2026-04-20T00:00:00.000Z,81.98731109598366
4cf3d059-c3d0-4503-980c-b5888cc82cd6,CINKUR,154,KAYSERI3,P,2026-04-20T00:00:00.000Z,61.91099864130436
e8f68226-3b4a-4ecb-96d2-98d631ace25a,KARGIHS,154,CAYIRHAN,P,2026-04-20T00:00:00.000Z,60.260647058823515
06ce0587-81ec-440d-81ec-09a55c95550d,AKSURES,154,CAMLICA,P,2026-04-20T00:00:00.000Z,35.54745730550284
f49e376b-05e6-4370-8fae-9acac97dffa0,KEPEZKAY,154,HADIM,P,2026-04-20T00:00:00.000Z,53.89842498302783
6f2d5870-4c91-40c9-b0a1-0b01e4ac4720,ATAKALE,154,Plnt_avP,P,2026-04-19T23:59:00.000Z,44.48879356568364
4c9c2e4a-fca1-43a2-a715-cb0052d3a1b3,YESILHIS,154,NIGDE,P,2026-04-20T00:00:00.000Z,66.51777551020409
a2f87c82-7d4a-45ca-b8ba-26b77918d0d6,KONYAKZY,154,SELCUKLU,P,2026-04-20T00:00:00.000Z,69.22851674641149
39eeadf3-8671-4e13-99af-04870e571527,OYAK1GES,154,BEYPAZAR,P,2026-04-20T00:00:00.000Z,71.24127310061601
4e43b115-fa25-4414-924f-1f24528df3a5,ANKARA-2,154,OYAK1GES,P,2026-04-20T00:00:00.000Z,67.84364562118127
617042b4-6d61-41ae-953d-a11f3300884a,TEMELLI,154,INCEK,P,2026-04-20T00:00:00.000Z,39.41451020408163
f6d0b17a-d385-4da1-a256-27a7c623d07e,NALLIHAN,154,MUDURNU,P,2026-04-20T00:00:00.000Z,44.34003092783505
88862231-80ea-44d6-8680-5b29f44e40d0,MALTEPE,154,BALGAT,P,2026-04-20T00:00:00.000Z,52.520306539509534
6864f3b3-6ebb-4ad9-a270-d41cdb3da430,YOZGAT,154,YIBITAS,P,2026-04-20T00:00:00.000Z,46.24620244565217
16418829-235c-40e1-9d55-8b44be7ca3e3,YAHYALBE,154,WINDFARM,P,2026-04-20T00:00:00.000Z,43.08180592991914
ddcd0f8c-c0df-48cb-b925-7c9366aee45b,TEMELLI,380,SINCAN,P,2026-04-20T00:00:00.000Z,-309.45452510176386
4fb4bea3-a74f-4b04-99b5-ff2e37718e44,KARATAY,154,ALAKOVA,P,2026-04-20T00:00:00.000Z,59.339133064516126
2cac7a90-c600-419a-a8b5-f73bb08f607a,CAMLICA,154,ERCIYESR,P,2026-04-20T00:00:00.000Z,43.12811265544989
3a561722-4f4a-4a89-a2ce-aa7c8174dcdb,TEMELLI,380,sOTR_1,P,2026-04-20T00:00:00.000Z,60.64884528301886
f3221cc4-678c-47b1-ab39-f13ed30c4ac2,TEMELLI,380,sOTR_3,P,2026-04-20T00:00:00.000Z,68.60019888623707
2ce004bc-298b-4d77-a278-6679a0ea802d,TEMELLI,154,POLATLI1,P,2026-04-20T00:00:00.000Z,13.308959183673473
a21a2051-69ca-4246-a4e6-083d9761024b,ANKARA-2,154,UMITKOY,P,2026-04-20T00:00:00.000Z,59.42987771739131
9d004b57-f621-4d7d-8150-0dff7232bbde,YAHYALBE,154,Plnt_avP,P,2026-04-20T00:00:00.000Z,40.58298719772404
e724dccc-a347-4fc1-9c54-c3726723f3d2,AVANOS-2,154,PETLAS,P,2026-04-20T00:00:00.000Z,54.25456204379563
f822aa2c-0411-4aac-96d2-247a1ea66d3b,ADATOPRK,154,DDYKOCAH,P,2026-04-20T00:00:00.000Z,33.55646977067408
7a1f0119-a773-435c-8d56-5fa5d62425d3,BAGLUM,154,MACUNKO1,P,2026-04-20T00:00:00.000Z,61.67175951086958
f97e39f5-275e-4f43-bdea-2fc3d220e4f8,KONYAKZY,154,YAZIR,P,2026-04-20T00:00:00.000Z,62.690190476190466
2e362cff-5fa5-437a-ab88-b6b87dc3e1a1,KAYSERI,154,KAYSER21,P,2026-04-20T00:00:00.000Z,62.447675050985715
5422ddfc-8508-4712-877a-bac309aa76b1,TEMELLI,380,sOTR_4,P,2026-04-20T00:00:00.000Z,66.39520729684908
eb533391-8909-4ea3-a45f-99aa035f3afb,TEMELLI,154,ALC-UMIT,P,2026-04-20T00:00:00.000Z,39.2733378746594
8ad1f19b-1a79-422e-87ee-1dbcf0f56d64,KAYSERI,154,KAYSER23,P,2026-04-20T00:00:00.000Z,61.03487721691678
fa01bb1a-2f9b-4d35-8ca8-136319988959,YESILHIS,154,DERINKUY,P,2026-04-20T00:00:00.000Z,53.45901226158038
febc2bc3-6156-444b-a47a-7743788a6249,YAHYALBE,154,AKSURES,P,2026-04-20T00:00:00.000Z,18.45454792658056
dca9b462-541a-4d8d-87ae-de3c6c10335a,IGAGES,400,RGKTOP,P,2026-04-19T18:56:00.000Z,26.647418300653595
61463eba-0639-483f-9c80-15f52d65d6c1,MUTLU5R,154,WINDFARM,P,2026-04-20T00:00:00.000Z,70.91772048846676
4052b2c9-c24d-4f2d-95e3-47358c5f9e8a,IGAGES,400,Plnt_avP,P,2026-04-19T19:30:00.000Z,14.010405844155844
c1ca444c-6610-4b7c-9a82-d8977580c408,KAYSERI,154,KAYSER22,P,2026-04-20T00:00:00.000Z,59.77047781569966
d238d0a8-1183-4170-904d-fd0da5b1b4e7,KARAMANO,154,KARAMANB,P,2026-04-20T00:00:00.000Z,37.04530292716134
d861c028-13c2-4c33-8c79-1d1fb2b061f3,KULU,154,EMIRLER,P,2026-04-20T00:00:00.000Z,58.05479181884588
95329efd-d60c-424b-8dd1-d9fc024cb3b0,YAMULAHS,154,CINKUR,P,2026-04-19T23:27:00.000Z,74.72311224489796
a92a6a91-4f2c-4814-8711-8a3fabac19a1,KIZILIRM,154,KULU,P,2026-04-20T00:00:00.000Z,41.84869209809264
74fc66eb-5e37-475b-8f84-089ab7dd4d6a,BEYYURDU,154,CEKEREKH,P,2026-04-19T23:50:00.000Z,-33.61145833333333
76392279-6b71-473e-a730-3fd497983239,KARATAY,380,SEYDISEH,P,2026-04-20T00:00:00.000Z,0.34630537229029007
c1ee2b28-f8e5-4b90-a31c-69eb1c884f86,HACILAR,154,KIRIKKLA,P,2026-04-20T00:00:00.000Z,37.814004796163076
91d91e04-21fa-4cb8-8425-ef4fd48bdda3,KIRSEHIR,154,KIZILRMK,P,2026-04-20T00:00:00.000Z,49.101818930041155
c42668ac-b558-4b62-9882-25e9913f7cc9,ARDICLI,154,WINDFARM,P,2026-04-20T00:00:00.000Z,63.80335825968728
1584cc8c-8360-4cde-8eeb-ebe775f492f3,MUTLU5R,154,DDYPINAR,P,2026-04-20T00:00:00.000Z,32.48985606060606
134bf7ce-db28-44d9-95f1-c7d03e362207,YESILHIS,154,swOTR1.2,P,2026-04-20T00:00:00.000Z,6.614945652173914
bc9938b7-9dec-4477-84de-57848357784a,NALLIHAN,154,BOLU-1,P,2026-04-20T00:00:00.000Z,54.76925423728814
26332173-a2c2-4ff8-b6b1-ff746501d985,ARDICLI,154,BAGLAR,P,2026-04-20T00:00:00.000Z,60.73860054347826
3a8b70c0-ecdb-47b5-941d-b28d9d11c3b3,ANKARA-2,154,BAGLICAG,P,2026-04-20T00:00:00.000Z,54.21749152542372
a236fe41-e795-4724-957d-6c802e01d3e4,ATAKALE,154,HACILAR,P,2026-04-20T00:00:00.000Z,47.23993097497843
eb6bd1d4-9067-495e-b222-1f315dadd852,SENDIRMK,154,TAKSAN,P,2026-04-20T00:00:00.000Z,31.41155465037339
0fe20931-9c9f-4471-88be-cc99f43113bc,POLATLI,154,BEYKOPRU,P,2026-04-20T00:00:00.000Z,9.032688904016336
b8619d29-14e4-41f9-8ead-7ba0a545b215,BOR,154,NIGDEOSB,P,2026-04-20T00:00:00.000Z,28.158851121685927
b7e8316e-5120-4fec-bf5e-99fe670524df,KAYAS1TM,154,BASTAS,P,2026-04-20T00:00:00.000Z,43.92946537059539
1df77157-6f24-4ab4-8cfc-a9a6a2efdec4,KAYAS,154,BASTAS,P,2026-04-20T00:00:00.000Z,43.8841306638567
029b6a89-324f-4248-8c99-79dbe085ee1c,POLATLI,154,TEMELLI,P,2026-04-20T00:00:00.000Z,-6.591125781792912
61ff387f-0679-441d-8518-2194150654f5,KAYAS1TM,154,MAMAK3,P,2026-04-19T23:58:00.000Z,58.92854748603354
3f280f1a-da7c-4482-a77e-ed62ebd842e7,KAYAS,154,MAMAK3,P,2026-04-19T23:58:00.000Z,59.287758620689644
e7efe6fe-ded5-4cc5-b269-49c8c3a3a89c,BOR,154,BOROSB,P,2026-04-20T00:00:00.000Z,41.61780570652174
4bdf1924-361d-4626-9611-ca4305d49cce,YIBITAS,154,YERKOY,P,2026-04-20T00:00:00.000Z,33.14902757619739
b96ce559-91b1-4b8a-ad5c-8ea7f741d758,TEMELLI,380,sOTR_2,P,2026-04-20T00:00:00.000Z,49.91779479326187
8742a840-5e81-4cde-a96f-909dfc3f0b41,KAYSERI2,154,ERKILET,P,2026-04-20T00:00:00.000Z,53.392081632653074
d275aa0f-4c7b-44de-a411-4acd269777a3,PETLAS,154,KIRSEHIR,P,2026-04-20T00:00:00.000Z,49.472
bd5ee613-4d64-4f31-b5b4-1e62dfddbaa0,BEYPAZAR,154,ETI-SODA,P,2026-04-20T00:00:00.000Z,48.92367588932806
20675deb-e5f5-4832-8eb9-9966c4afd5f7,BEYYURDU,154,SORGUN,P,2026-04-19T23:29:00.000Z,39.81131462333825
a9df9911-8328-4af7-9e55-9e8f46c6ff36,SIVRIHIS,154,BEYLIKKO,P,2026-04-20T00:00:00.000Z,13.457357043235707
a7bad02e-e419-4ad5-a0bd-50215b534ff0,R3KRMN1R,154,Plnt_avP,P,2026-04-20T00:00:00.000Z,49.57520762423418
e5bfc197-e393-4335-8fe3-43d34a2bbf4c,BOROSB,154,TUMOSAN,P,2026-04-20T00:00:00.000Z,48.27186775732788
fd212a25-759b-4219-83ed-2a2b322ee9d9,CUMRA,154,ABHOYUGU,P,2026-04-20T00:00:00.000Z,33.68055782312925
2f4c6d7b-3644-4eff-8f84-0b327a4a41c5,R3KRMN1R,154,WINDFARM,P,2026-04-20T00:00:00.000Z,51.67603206412825
5e99fd4a-02f0-47ea-b12a-e307237e39a5,R3KRMN1R,154,KEPEZKAY,P,2026-04-20T00:00:00.000Z,51.23850956696879
ad33e263-6009-47ae-b850-20ae108be5e7,KARATAY,154,BUSAN,P,2026-04-20T00:00:00.000Z,45.47599999999999
ca20dc9f-4ca7-42d5-9b42-8166cae87695,BOZOKTM,154,YOZGAT-1,P,2026-04-20T00:00:00.000Z,36.002171545268894
f632da58-aebb-4121-835a-ff8e68a161a2,KONYAKZY,154,ALTINEKI,P,2026-04-20T00:00:00.000Z,39.304073569482284
6d78ef3c-58bb-4cca-8c6a-ba05e7c628bb,NALLIHAN,154,MAV-BIO,P,2026-04-20T00:00:00.000Z,32.28939106901218
5c6d486d-df37-4b97-acb6-9668ef7fdec2,MAMAK,154,HASKOY,P,2026-04-20T00:00:00.000Z,39.85053668478261
e2c60b5c-f9f7-4222-ad01-31a2d7dc2f8d,ERCIYESR,154,Plnt_avP,P,2026-04-20T00:00:00.000Z,23.842057646116892
ddf907dd-ce4b-4017-97aa-ba994b36b8b3,YESILHIS,154,swOTR3.4,P,2026-04-20T00:00:00.000Z,5.330537049626105
eb21484c-8c8a-473a-84ea-30541a788801,UMITKOY,154,BILKENT,P,2026-04-20T00:00:00.000Z,38.89545824847251
4d1c3d6a-5836-47b7-a3f5-57f399a0835d,SELCUKLU,154,ERENKOY,P,2026-04-20T00:00:00.000Z,45.53755434782609
d722805a-06ce-434c-acbf-9dcbce28da3e,ALTINEKN,154,CIHANBEY,P,2026-04-20T00:00:00.000Z,33.74613868116928
cc5db0d4-389c-4372-90c1-4eb49b844fff,NIGDE,154,NIGDEOSB,P,2026-04-20T00:00:00.000Z,19.6308350305499
a5174acc-ba04-4a53-a518-e5ee57b4befe,BEYLIKKO,154,POLATLI,P,2026-04-19T23:44:00.000Z,-7.584328358208957
ed4081b7-128b-49d5-b693-10329488a1ca,A.HOYUGU,154,SEYDISEH,P,2026-04-19T23:59:00.000Z,33.22896995708154
3fcc25d3-69ff-441e-a228-9996947b8ebd,ERCIYESR,154,WINDFARM,P,2026-04-20T00:00:00.000Z,19.98500294637596
afa5f45e-3a56-4b8d-9a1f-dafac1305e7c,KEPEZKAY,154,KARAMAN,P,2026-04-20T00:00:00.000Z,23.943510204081626
c6d8aa5c-53c2-4b20-9d41-99f525f452ae,KAYSERI,154,AVANOS-2,P,2026-04-20T00:00:00.000Z,33.355180640763464
affaac70-d139-465f-a7db-dca288d04560,MUTLU5R,154,DDYGOZLU,P,2026-04-20T00:00:00.000Z,41.819590228526394
ffd77e77-df1c-4890-af56-5b7d3b960bdd,AVANOS-2,154,NEVSEHIR,P,2026-04-20T00:00:00.000Z,15.624755309325943
c97293d8-f17e-4288-b7eb-2d319f7894cb,K.PINARG,154,GES,P,2026-04-19T23:54:00.000Z,13.262018659881257
ff4e9e9b-5fcb-4676-9b53-6a91b9104276,URGUPTM,154,KALABA,P,2026-04-20T00:00:00.000Z,22.27686394557823
a920e80a-585a-4891-b005-06bbf9cdf2e8,BALGAT,154,CIGDEMGI,P,2026-04-20T00:00:00.000Z,27.32468345813479
39897118-7f73-4ab4-a0bb-df6e3456d487,AKSURES,154,Plnt_avP,P,2026-04-20T00:00:00.000Z,26.637795275590552
beba1faa-d52b-48ef-82ce-b394e23b63cb,YERKOY,154,KIRSEHIR,P,2026-04-20T00:00:00.000Z,26.49167725540026
299cb9a0-42f2-4171-98f6-bbc74717d900,BOZOKTM,154,SORGUN,P,2026-04-20T00:00:00.000Z,-11.223768707482993
b63bb96c-1287-4d13-900e-5f9add433d3b,DERINKUY,154,NEVSEHIR,P,2026-04-20T00:00:00.000Z,12.229090909090912
0227909b-6f69-465c-9d9e-8826efda9235,AKYEL-1,154,WINDFARM,P,2026-04-20T00:00:00.000Z,30.88038043478261
29bce1d6-8b0c-4f03-b261-3c070f335776,KAYSER3,154,KAYSER-4,P,2026-04-20T00:00:00.000Z,35.56857336956522
afa4c823-2cec-47d0-beb7-d828b2241ca8,KARAMAN,154,KARAMANO,P,2026-04-20T00:00:00.000Z,10.46741825613079
68111e02-ae43-4b3b-bf01-9dfe3bb206d6,KAYSER3,154,KAYSERI1,P,2026-04-20T00:00:00.000Z,32.81550951086957
a56b9352-37de-4e52-a471-30d008665b72,ERYAMAN,154,ANKARASA,P,2026-04-20T00:00:00.000Z,27.35371099050204
9318f8f6-bd0f-4a49-8117-eefd1f8a0ea4,KAYSERI2,154,KAYSERI3,P,2026-04-20T00:00:00.000Z,41.80601902173913
103ecac0-8e13-4874-b642-509f2538bc4a,SARKISLA,154,SIZIR,P,2026-04-20T00:00:00.000Z,44.66070748299319
2010557e-bfd7-4678-91be-b6f43d00b9da,ANKARA-2,154,ANK-SAN,P,2026-04-20T00:00:00.000Z,35.308540393754235
4c8914a2-d2ec-4bc5-a3c6-321c92e2d6bb,AKSRYOSB,154,TUMOSAN,P,2026-04-20T00:00:00.000Z,27.74779291553133
53a3afa4-b470-49fb-a7e6-8cff1b52da86,G4BOR-1,154,G4BOR-2,P,2026-04-20T00:00:00.000Z,21.46929518492673
36c19f1c-c4dd-4f65-a346-2fe37390437e,KARATAY,154,KIZOREN,P,2026-04-20T00:00:00.000Z,27.432216014897577
a2884cf9-1a7d-4f83-afe1-41a3fa3a37e4,ALTINOVA,154,DDYCAYIR,P,2026-04-20T00:00:00.000Z,24.56573369565217
4af747d0-7ff6-460d-a321-7fab765d1b65,POLATLI,154,POLATCMT,P,2026-04-20T00:00:00.000Z,7.841519073569483
b8b2be55-ef3e-4d03-81cf-23f1c1c8b5ce,KAYSERI2,154,KAYSERI1,P,2026-04-20T00:00:00.000Z,40.34156462585033
a4214ab4-f563-4ca0-a641-f2aa0f543456,HASKOY,154,AKKOPRU,P,2026-04-20T00:00:00.000Z,39.03951269732327
225a0248-b26a-4128-86e8-096d2a955fd5,TEMELLI,154,BALGAT,P,2026-04-20T00:00:00.000Z,25.45875
f03cd452-d53d-4d3c-bbe7-3f2dc2446920,MACUNKOY,154,AKKOPGI1,P,2026-04-20T00:00:00.000Z,27.406227951153323
bc46f783-3edb-4fbb-8713-03d71fda7e58,MACUNKOY,154,AKKOPGI2,P,2026-04-20T00:00:00.000Z,35.35774369461486
cd22d782-04c2-4cc0-b93f-dba5892553b1,IMRAHOR,154,CIGDEMGI,P,2026-04-20T00:00:00.000Z,26.93173469387755
cf00b54d-9567-4757-8665-4333a1dc4592,IMRAH101,154,CIGDEMGI,P,2026-04-20T00:00:00.000Z,26.93057823129252
ef50e09c-9ed5-4707-a267-3cd77ba60bed,G4_BOR-2,154,BOR_OSB,P,2026-04-19T23:59:00.000Z,25.275816582914576
11136c38-18c0-4615-9cc1-28e2f422656e,KOLUKISA,154,ALTINOVA,P,2026-04-20T00:00:00.000Z,36.68278125
c9d60dea-7d5c-464f-9547-e4b40894d8ee,KAYAS1TM,154,DDYNENEK,P,2026-04-19T23:43:00.000Z,28.18505747126437
48a35977-2969-4ee8-b9b1-5d88558d5650,KAYAS,154,DDYNENEK,P,2026-04-19T23:43:00.000Z,28.220065217391305
f5908a54-7ee8-426f-bbd2-e249bb0e1dd0,TEMELLI,154,POLATCMT,P,2026-04-20T00:00:00.000Z,10.478208446866484
042dfc93-156e-4104-b564-2109c7a6eeb3,K.EREGLI,154,YAYSUNGE,P,2026-04-20T00:00:00.000Z,19.02970055161544
7bfa0cfe-fb18-41eb-8b08-646b8aca1525,AKSURES,154,WINDFARM,P,2026-04-20T00:00:00.000Z,14.810955223880597
6cb65809-c585-4fb4-bcf5-0f5a90f82297,CEKERKHV,154,SORGUN,P,2026-04-20T00:00:00.000Z,35.024284051222345
902e267d-5137-4b33-bb3f-387f2cb17971,ANKARA-2,154,BALGAT,P,2026-04-20T00:00:00.000Z,37.742150610583444
b9adedf9-cdc5-4289-ab71-bbc0b9d72aab,BAGLUM,380,KURSUNL1,P,2026-04-20T00:00:00.000Z,-35.62754080522307
188b89bc-fbf4-410f-a4e5-ce99f2b21392,KIZOREN,154,ESMEKAYA,P,2026-04-20T00:00:00.000Z,17.910999320190346
aa38c49c-9c1e-4d12-9c87-56b4e34c63dd,ALAKOVA,154,MERAMGIS,P,2026-04-20T00:00:00.000Z,34.89513917175831
3a95527b-285b-495c-abd0-dc996d398519,CIHANBEY,154,KULU,P,2026-04-20T00:00:00.000Z,20.648454731109588
66361ce5-cdff-4208-9028-e0ed2a7e5fc0,YAYSUNGE,154,ATAHANGS,P,2026-04-20T00:00:00.000Z,16.965474898236092
3483efaa-5e69-4077-b8d7-1102e15fec1e,G4_BOR-3,154,BOR,P,2026-04-20T00:00:00.000Z,7.484818505338079
582ec124-2e8d-4dcc-838d-6d4adcbb8139,AKYEL-1,154,Plnt_avP,P,2026-04-20T00:00:00.000Z,25.059126436781614
7b4c69fd-6eb8-4d2c-a18d-10c5bec704dd,YAHYALI,154,Plnt_avP,P,2026-04-19T14:48:00.000Z,49.157777777777774
a56df038-e55f-4a09-a8a3-90d706aac53d,BAGLUM,154,ESENBOG2,P,2026-04-20T00:00:00.000Z,25.753478556841383
843d7b1f-d22b-4b8b-909f-e64c28cffcd8,KURTKAYA,154,YAHYALI,P,2026-04-19T23:59:00.000Z,25.976898263027298
e5e33773-19d7-434e-94b5-bb0bf72fd2a9,BAGLUM,154,ESENBOG1,P,2026-04-20T00:00:00.000Z,31.087367346938777
4df527b9-7a36-4c56-b03c-97009670b795,BAGLUM,380,KURSUNL2,P,2026-04-20T00:00:00.000Z,-20.425160905840286
c5a1f9c4-7aca-4cc7-b356-daebd3ebf8e1,KURTKAYA,154,Plnt_avP,P,2026-04-20T00:00:00.000Z,24.152122844827584
54646057-fa3f-4172-ad21-10f41ea6d9b6,KURTKAYA,154,WINDFARM,P,2026-04-19T23:59:00.000Z,22.9790996784566
00d34fb7-c866-40f6-b888-88be58e7faa6,R3ANKARA,154,WINDFARM,P,2026-04-20T00:00:00.000Z,17.624961038961036
688ec87b-611a-48af-944e-fcecc71d21ce,KAZANDG,154,KAZANTM,P,2026-04-20T00:00:00.000Z,38.82722306525039
246f5b7b-5b5d-4f49-9c8a-e1862bba3db9,BOZOKTM,154,YOZGAT-2,P,2026-04-20T00:00:00.000Z,24.700518417462476
f339ea68-486d-4aed-941b-80e4a5c853a3,R3ANKARA,154,Plnt_avP,P,2026-04-20T00:00:00.000Z,14.7877117384844
e5d7fde2-6549-4305-b4ca-9eedac74ff8b,DERINKUY,154,MISLIOVA,P,2026-04-20T00:00:00.000Z,17.432498298162013
b3f6f8c2-6750-44d8-b288-8a14f1288108,KARATAY,154,KAYACIK2,P,2026-04-20T00:00:00.000Z,18.404393592677348
ea12c2cb-71f7-4f37-a693-e2c7bb8d02ca,KARAMANR,154,AKYEL-1,P,2026-04-19T23:15:00.000Z,20.469086161879897
8be3623e-afbc-4576-a19e-e8cbafc99f76,BAGLUM,154,OVACIK-2,P,2026-04-20T00:00:00.000Z,32.97654879773691
98255ef8-64a2-400f-a712-7b1159a9fc95,KIZILIRM,154,KIRIKKAL,P,2026-04-20T00:00:00.000Z,15.388364993215738
c6475b3f-2e91-4a8d-a3ae-3b8df98a79a1,YENICE,154,E.SEHIR2,P,2026-04-20T00:00:00.000Z,9.682109374999998
69cfd618-c6f5-4526-8ee8-149463d2d869,KARAMANR,154,WINDFARM,P,2026-04-20T00:00:00.000Z,20.238661684782606
748067ec-f937-47a9-b6d6-b5d64af41dca,URGUPTM,154,DERINKU1,P,2026-04-20T00:00:00.000Z,25.6948843537415
cfa1a09f-6279-4470-ba66-496536509bce,BAGLUM,154,OVACIK-1,P,2026-04-20T00:00:00.000Z,32.505801687763714
9ade1822-a6d8-49ef-a25c-c723bc9231fd,POLATCMT,154,POLATLI,P,2026-04-20T00:00:00.000Z,-4.125803389830509
50b59403-506c-42b0-b9e8-7c32febada40,KARALIKR,154,WINDFARM,P,2026-04-20T00:00:00.000Z,27.127701863354037
ff12f1bb-7a6f-4937-be09-8f6732494c9c,KARATAY,154,KAYACIK1,P,2026-04-20T00:00:00.000Z,17.591118963486455
041bd45d-d0be-48de-8223-c5f617b4560f,KAYAS1TM,154,CIMPOR,P,2026-04-20T00:00:00.000Z,15.520240506329117
2ca5aae5-0d37-4088-b10e-a14eed4ed639,UMITKOY,154,CIGDEM,P,2026-04-20T00:00:00.000Z,16.09845892735913
cd8b5f03-a22b-4602-95db-927de02f5a86,BAGLUM,154,HASKOY-2,P,2026-04-20T00:00:00.000Z,13.747862491490809
99688e3e-b3aa-4853-8884-957fd79eaabc,ALTINOVA,154,YUNAK,P,2026-04-20T00:00:00.000Z,6.643245078071962
173ae7f4-e4e2-4c9f-8126-d47906a014c2,KARALIKR,154,CEKRKHVZ,P,2026-04-20T00:00:00.000Z,17.35674242424243
63932786-6733-47b8-8985-9ab9cdbad837,KARAPINA,154,HOTAMIS,P,2026-04-20T00:00:00.000Z,20.64087074829932
f5689c95-e80d-4bfe-99c7-0b8d19441676,SENDIRMK,154,YESILHIS,P,2026-04-20T00:00:00.000Z,15.381726716519372
f0ade9cd-ac49-457f-a998-298f803bb769,URGUPTM,154,DERINKU2,P,2026-04-20T00:00:00.000Z,25.06050271739131
809a2c78-fcb7-4044-a0a3-fa8b664222c3,KAYAS,154,CIMPOR,P,2026-04-20T00:00:00.000Z,15.581597374179431
2f228cc1-8bdd-424a-9025-4cdb95179bc5,NIGDEOSB,154,NIGDE,P,2026-04-20T00:00:00.000Z,-15.207520380434783
c948f4c5-c81f-47fc-bbc3-0f64f9862833,TUMOSAN,154,ESMEKAYA,P,2026-04-20T00:00:00.000Z,9.67574439157036
038e51b1-dfc6-4c99-9251-acee672802a6,PINARBAS,154,SARKISLA,P,2026-04-20T00:00:00.000Z,9.349231815091773
79766c45-b38a-4397-a2bf-6261c5ab5623,SORGUN,154,BOZOK,P,2026-04-20T00:00:00.000Z,13.573371855880351
a5298c09-a570-44d2-877b-f5d2865b7f8b,SARIYAR,154,NALLIHA2,P,2026-04-19T23:58:00.000Z,13.115250000000003
dc4d2880-0b41-406d-b4ba-e137efb87451,HOTAMIS,154,BUSAN,P,2026-04-20T00:00:00.000Z,22.11925799863853
e903e7a7-2791-47af-ab0b-38f1dfeff8cd,KARAPINA,154,KARATAY,P,2026-04-20T00:00:00.000Z,17.97622448979592
4a1d4ef2-42ca-44d3-940c-d44f5be60db8,YESILHIS,154,sOTR_2,P,2026-04-20T00:00:00.000Z,3.307710597826086
82f0e103-3807-4d84-aa27-893fd8a9b638,YESILHIS,154,sOTR_1,P,2026-04-20T00:00:00.000Z,3.307839673913043
e406c8a9-007e-4e5a-8b92-66393968836c,KESIKKOP,154,KIZ-ATAK,P,2026-04-20T00:00:00.000Z,3.526134347275031
96ed450d-a88a-4e1e-9ad1-fdca024853e4,TUMOSAN,154,ORTAKOY,P,2026-04-20T00:00:00.000Z,22.45415646258503
d6561edc-4303-4929-b0c3-c2ec8632112e,KAZANDG,154,SANAYITM,P,2026-04-20T00:00:00.000Z,29.451125186289122
19e3ee75-3e34-43cf-b8a3-d7994486b836,B.HACILI,154,RGKTOP,P,2026-04-20T00:00:00.000Z,37.6042162818955
75921b46-b829-4df8-86e4-7d5eae9f0034,B.HACILI,154,AVANOS-2,P,2026-04-19T23:36:00.000Z,31.28055555555555
89b4295e-1c24-407e-9acd-94db57a0a264,BAGLUM,154,DAGYAKA,P,2026-04-20T00:00:00.000Z,21.32338952972493
9101b59d-bfa0-4fcd-8f0f-a1069d4d7ce4,ORTAKOY,154,KUT-ATA,P,2026-04-20T00:00:00.000Z,19.06608577263444
e68c876f-6649-46e1-8569-9f41d42c4589,G4_BOR-2,154,GES,P,2026-04-19T19:02:00.000Z,11.327302259887006
cb9b2593-3118-4069-b9b9-be41eb68b907,R3ANKARA,154,SKOCHSAR,P,2026-04-20T00:00:00.000Z,17.23243788819876
f033a614-7f28-43e9-89c4-ed234c5fd545,KESIKKOP,154,RGKTOP,P,2026-04-20T00:00:00.000Z,1.6876067796610168
7b87a925-54a8-4212-ac46-a6a3b4a8205e,NEVSEHIR,154,DERINKUY,P,2026-04-20T00:00:00.000Z,-10.176535326086958
f6b5fe96-51d6-43be-946d-b03b1cf1c1d5,ATAKALE,154,KESIKKOP,P,2026-04-19T23:29:00.000Z,14.804734463276839
cb132bb2-32ad-4ddd-8d6f-3ecc34388805,BEYLIKKO,154,SIVRIHIS,P,2026-04-19T23:44:00.000Z,-12.228636363636362
32d464a6-ed71-4877-abe5-811121c8ebfe,BEYPAZAR,154,CAYIRHAN,P,2026-04-20T00:00:00.000Z,11.199723820483314
03cfb75f-a251-4c39-9324-33cefb96552f,G4BOR-1,154,GES,P,2026-04-19T23:58:00.000Z,6.6704679376083185
2ad457c3-1f54-418b-b11a-25431c8ba5f5,ANKARA-2,154,UZAYOSB,P,2026-04-20T00:00:00.000Z,25.248650847457622
5342cc88-1a97-4c40-a286-7cf20f57e046,KAZANDG,154,SINCANTM,P,2026-04-20T00:00:00.000Z,26.905120879120872
253368a7-c41b-4637-9383-5fb9d0d30374,BAGLARRE,154,KAYACIK,P,2026-04-19T23:40:00.000Z,18.897045454545452
a76b4a98-8f79-4298-9350-35f0a491cb56,SARIYAR,154,NALLIHA1,P,2026-04-19T23:58:00.000Z,10.854105504587155
fd521aaf-3a11-4bec-9f89-23315c526d05,BAGLICAG,154,UMITKOY,P,2026-04-19T23:42:00.000Z,17.849375
5f229307-9134-4a58-8d9e-7cd8cbae13da,ANKARASA,154,OSTIMOSB,P,2026-04-20T00:00:00.000Z,11.252586793737235
8f167ea1-ceb2-464a-8084-e7b898cc9cfc,BOZOKTM,154,ALACA,P,2026-04-20T00:00:00.000Z,10.712472826086957
02f95310-1def-47f0-81a6-3ba7dd318979,CIGDEM,154,BILKENT,P,2026-04-20T00:00:00.000Z,18.822474155754648
eb085381-9883-43ba-a2ee-6499be9e5c0d,G4_BOR-3,154,GES,P,2026-04-19T19:07:00.000Z,11.800374999999997
d8cee981-b906-4963-a92c-d5c173e32889,YILDIZ,154,INCEK,P,2026-04-20T00:00:00.000Z,-1.237374149659864
63e642c6-8118-4461-8d97-437788470c59,BASTAS,154,KIRIKKAL,P,2026-04-20T00:00:00.000Z,6.046798096532971
cc42e7a8-b53b-4aec-9f06-30d594677381,ANKARA-2,154,AKKOPRU,P,2026-04-20T00:00:00.000Z,22.26215207060421
705ddc10-ec81-4d79-8b1f-a8a258bc396f,OYAK1GES,154,Plnt_avP,P,2026-04-19T19:08:00.000Z,13.050672268907565
569e6344-4bf1-4ddd-9b78-91bed504f930,YESILHIS,154,sOTR_3,P,2026-04-20T00:00:00.000Z,2.6643070652173915
fbde270b-e50b-4360-a2bc-9f23b0c91a73,YESILHIS,154,sOTR_4,P,2026-04-20T00:00:00.000Z,2.673600543478261
cf5f00ba-378d-40fe-8bae-d6b43a413c0d,YAHYALI,154,WINDFARM,P,2026-04-20T00:00:00.000Z,16.120390835579517
f05e58a1-1177-4f64-ac8a-30929934d4b2,YAHYALI,154,BAKENERJ,P,2026-04-20T00:00:00.000Z,18.064519131334023
f87757d6-0f25-4298-9c97-fc0746fc5536,HACILAR,154,KIRDEMIR,P,2026-04-20T00:00:00.000Z,16.433468013468012
f9425fd2-e486-46bc-b7c1-22c827524d03,MISLIOVA,154,NIGDE,P,2026-04-20T00:00:00.000Z,16.410217243720297
2f38aabf-9c4f-4f50-9b18-474a720ac2fc,CIMPOR,154,K.KALE,P,2026-04-20T00:00:00.000Z,2.0871049046321524
d1c3c52f-0340-46c9-b670-c8fb2bb802c0,KAYACIK,154,KONYAKZY,P,2026-04-19T23:58:00.000Z,21.51108974358974
91b5313f-fbba-4dfd-8c2a-10436595c3a9,CINKUR,154,TAKSAN,P,2026-04-20T00:00:00.000Z,-15.640876954452754
2d2ce2a5-a1eb-4008-8daf-828c7aa8bd66,KARATAY,154,DDYPINAR,P,2026-04-20T00:00:00.000Z,-25.096010830324907
41ecac27-4cca-414e-aded-094f28c93025,ERKILET,154,KAYSERI3,P,2026-04-20T00:00:00.000Z,15.941775510204083
9785c3ad-899e-4ffc-9226-968fc41d14ad,NEVSEHIR,154,AVANOS-2,P,2026-04-20T00:00:00.000Z,-14.31302358827734
f6ad8288-d996-40b8-91e5-44d44b065839,NIGDECIM,154,YEDEK-2,P,2026-04-19T18:28:00.000Z,30.54
768ad1f9-5890-4e95-9900-8c156f62821e,URGUPTM,154,KAYSERI4,P,2026-04-20T00:00:00.000Z,9.841850340136055
8dbcc369-ace2-43f9-a5d6-b248565a57eb,AKSURES,154,YAHYALI,P,2026-04-20T00:00:00.000Z,-24.539706703910614
42c17057-c20a-4a39-ba79-c7e12fb1866f,KALECIK,154,AKYURT,P,2026-04-20T00:00:00.000Z,15.021264193792584
22b85ff6-9006-411b-898d-ff3683fd0eee,KIRIKKAL,154,CIMPOR,P,2026-04-20T00:00:00.000Z,-1.3081509177430313
7ecb6381-0a0c-4f87-8c83-eafa686386ed,CAMLICA,154,AKSURES,P,2026-04-20T00:00:00.000Z,-29.96511173184357
024ef306-29eb-4430-b10f-55a019b21fe9,S.KOCHIS,154,KIZILIRM,P,2026-04-20T00:00:00.000Z,11.393686006825934
ede75dde-197d-4837-9eba-67ce832e4d72,K.PINARG,154,KARAPIN2,P,2026-04-19T19:05:00.000Z,11.938872180451128
1e466f0d-2d3b-4772-b583-6d9bf6b304c5,K.PINARG,154,KARAPIN1,P,2026-04-19T19:06:00.000Z,11.667035714285714
77b188e8-e917-437e-afe3-2d9c9ce0ab09,KIRIKKAL,154,BASTAS,P,2026-04-20T00:00:00.000Z,-2.618091032608696
5c629b1a-c36d-450d-b2be-df4420cce1f6,KIRIKKAL,154,KALECIK,P,2026-04-20T00:00:00.000Z,5.816818490822569
3b209f74-b2e4-4a2b-b198-a4ae7f26368d,KUYULUKO,154,LADIK,P,2026-04-20T00:00:00.000Z,7.440061099796333
6cf3554d-b0cd-42d5-86f6-cd05d8373526,YAZIR,154,KONYACIM,P,2026-04-20T00:00:00.000Z,25.303768115942024
e38e8959-247a-4337-b9b6-b1e3a523fd44,YENICE,154,YEDEK,P,2026-04-20T00:00:00.000Z,28.76810140237324
7f34cd91-219f-4c38-8126-dd04ca0e370e,AKDAGMDN,154,SIZIR,P,2026-04-20T00:00:00.000Z,3.903700440528634
567134c8-25aa-4071-8f91-d3783d6e340f,CAMINBAS,154,WINDFARM,P,2026-04-20T00:00:00.000Z,6.5538915254237295
61248679-2f8a-42f1-b306-1ed618837215,KARATAY,154,TR_B,P,2026-04-20T00:00:00.000Z,19.89518147684606
51e36798-b1d9-47c2-9fad-852b7158534b,KARAMANO,154,KARAMAN,P,2026-04-20T00:00:00.000Z,-5.804928619986403
dedae6b6-a26d-4291-b61a-f5fda3adcfa2,CINKUR,154,URGUP-1,P,2026-04-20T00:00:00.000Z,12.57624914908101
16f26523-4952-4b93-8142-9d7b7bb16417,ANKARASA,154,MACUNKOY,P,2026-04-20T00:00:00.000Z,3.9553632043448745
2a97d53a-82be-40a1-806d-237b4ff9e045,ESMEKAYA,154,TUMOSAN,P,2026-04-20T00:00:00.000Z,-9.028102040816327
47acae88-20c3-448c-be12-2daccbeeb437,KARAMAN,154,KEPEZKYA,P,2026-04-20T00:00:00.000Z,-20.705700680272106
129be331-395d-4b83-a2e9-0832fdee5b0a,ESENBOGA,154,AKYURT,P,2026-04-20T00:00:00.000Z,8.670985054347826
2c9095a2-da79-4b9b-bc55-30895b19f28d,CAYIRHAN,154,ETI-SODA,P,2026-04-20T00:00:00.000Z,13.538251497005987
7048b0c7-5ac5-460b-99e9-260773ba2930,BEYLIKKO,154,DDYSAZAK,P,2026-04-19T23:44:00.000Z,4.087936507936507
55129094-c7ce-4584-ad8b-815f33b33a23,MERAMGIS,154,ERENKOYG,P,2026-04-20T00:00:00.000Z,14.453469110658519
ce636122-c576-481d-8e7b-b193a846e1c8,KIRIKKAL,154,HACILAR,P,2026-04-20T00:00:00.000Z,-35.193125
32cc9deb-e940-4d8f-a7ca-3450f815ed4f,KPZKAYHS,154,KEPEZKAY,P,2026-04-20T00:00:00.000Z,18.656040268456376
8f84cc26-a735-49d1-bf9c-b7f7b9732e42,GURSOGUT,154,KARGIHES,P,2026-04-20T00:00:00.000Z,21.633867854491463
89958ea6-dd7a-4c28-bf0c-dbbf9a6baec8,KAYAS,380,GOLBASI1,P,2026-04-20T00:00:00.000Z,-76.06306742640074
8c09fae2-cd13-4829-a81b-97b9501fee56,KAYAS1TM,380,GOLBASI1,P,2026-04-20T00:00:00.000Z,-75.24619209039547
c1a3f123-e019-4089-907e-84afb5f6569d,DAGYAKA,154,KAZAN,P,2026-04-20T00:00:00.000Z,2.3345179063360884
41f1dbb7-9114-49d7-9573-d1c6d9dfdb3f,KALECIK,154,KIRIKKAL,P,2026-04-20T00:00:00.000Z,-4.310654008438818
cbc80bf5-6c3f-4df2-95eb-e921798fdc31,KALABA,154,BOGAZLYN,P,2026-04-19T23:59:00.000Z,6.348609625668449
e120da4e-5d28-4b62-b806-a9deee090238,BOGAZLYN,154,SORGUN,P,2026-04-20T00:00:00.000Z,2.2789441416893736
89684bd0-1d90-426e-910b-9471108edd29,BUSAN,154,KONYAOS2,P,2026-04-20T00:00:00.000Z,12.91270618556701
f62a7f61-331f-446b-a535-0dee2a1f7d70,DDYSEKIL,154,YERKOY,P,2026-04-20T00:00:00.000Z,2.7402010050251255
5ea79bac-4baf-41a5-a215-c1d48f93f026,BUSAN,154,KONYAOS1,P,2026-04-20T00:00:00.000Z,12.79956577266922
f304753a-96de-4b56-b1ee-6f91d0f907a2,G4_BOR-2,154,G4_BOR-3,P,2026-04-20T00:00:00.000Z,2.7834418022528156
da253351-6057-4abb-8360-7e36e475f47b,KAZANDG,154,swPRTR2,P,2026-04-20T00:00:00.000Z,20.602354948805463
0f7b268d-6357-4106-b357-0c41e347af8c,BEYYURDU,154,Plnt_avP,P,2026-04-19T23:10:00.000Z,15.243373015873015
2f19c0ed-535a-4815-9166-e080f2e7b6aa,MISLIOVA,154,DERINKUY,P,2026-04-20T00:00:00.000Z,-16.769694501018332
dd0c23fb-6a01-465d-9cfd-987e17420ad8,BEYYURDU,154,WINDFARM,P,2026-04-19T22:59:00.000Z,14.791865079365076
a103120e-1ba9-4c05-9e78-a32a21d8a1b6,SORGUN,154,BOGAZLYN,P,2026-04-20T00:00:00.000Z,-0.2585480572597139
a8a53706-4eb2-4dff-a22d-11a5a2ca21d1,KAYSERI4,154,KAYSERI3,P,2026-04-20T00:00:00.000Z,-32.22162900188324
febc77fb-2930-4c54-9b51-763ed388e53b,MACUNKOY,154,OSTIMOSB,P,2026-04-20T00:00:00.000Z,3.043835709436524
5690de87-b486-42c6-9d33-c3612bacf7a9,CAMINBAS,154,Plnt_avP,P,2026-04-20T00:00:00.000Z,6.095201581027668
c8aef884-9d4b-46d1-8b93-e43676b4ffc6,SIVRIHIS,154,EMIRDAG,P,2026-04-20T00:00:00.000Z,-13.032306629834252
53ee1244-4060-49ee-8929-3c56775164d9,KAZANDG,154,swPRTR6,P,2026-04-20T00:00:00.000Z,20.982874659400547
e9a596e7-7b7a-4503-8693-898d87cde051,CAMINBAS,154,KUYULUKR,P,2026-04-20T00:00:00.000Z,5.102830957230142
dd0fea7e-cd60-445e-9e2b-dde1249d6ed3,INCEK,154,YILDIZ,P,2026-04-19T23:57:00.000Z,3.072625000000001
30e63cf7-a760-4246-b2b4-775d84714e4f,CINKUR,154,URGUP-2,P,2026-04-20T00:00:00.000Z,9.386879673691368
1bad3be4-45c4-4555-90ad-8f542a4d9112,KAZAN,154,UZAYOSB,P,2026-04-20T00:00:00.000Z,10.865486725663715
ebda28a7-9e78-4fd1-b8bd-24eab6bb8fb5,OSTIMOSB,154,MACUNKOY,P,2026-04-20T00:00:00.000Z,-2.144065261726717
22b212df-2ad8-4044-8478-d5258e21e151,CAMLICA3,154,CAMLICA1,P,2026-04-20T00:00:00.000Z,14.6080073800738
98d7f150-9284-43c2-8862-30c050edbbba,BOR,154,G4-BOR-3,P,2026-04-20T00:00:00.000Z,-6.265577445652174
efc03c8a-143e-4c20-a3da-ad1ca0d0b572,MENEKSER,154,Plnt_avP,P,2026-04-19T23:10:00.000Z,11.35244
601508af-1b59-43a4-acdf-eff086639538,KAZANDG,154,swPRTR5,P,2026-04-20T00:00:00.000Z,18.99063179347826
dec614e3-c475-4538-9bf8-1db1f84215ba,K.PINARG,380,YESILHSR,P,2026-04-20T00:00:00.000Z,-223.83798630136982
a8df8d3f-a383-43f9-8b98-63318b131746,AKYURT,154,ESENBOGA,P,2026-04-19T23:57:00.000Z,-7.085141612200435
3ce37be9-d68e-4ed1-818e-1f40b25225e1,G4_BOR-3,154,G4_BOR-2,P,2026-04-20T00:00:00.000Z,-1.8147691197691194
78ebc620-13d1-46e0-8042-f32596b45f23,KAZANDG,154,swPRTR1,P,2026-04-20T00:00:00.000Z,17.18043686006826
84b066c1-8e44-4338-834e-21eace75b8e3,KONYAKZY,154,KNYAOSB2,P,2026-04-20T00:00:00.000Z,3.514552289815448
97f196aa-d504-4055-89d4-d536606bdbe7,SIZIR,154,AKDAGMDN,P,2026-04-20T00:00:00.000Z,-3.137782397782397
b7d1bfa7-68a2-410c-becb-9e066950a6cc,YAHYALBE,154,RGKYKTOP,P,2026-04-19T19:03:00.000Z,5.50858695652174
ca383e05-1f22-4bde-ab1a-6887cc98d3c0,PINARBAS,154,ELBIST-A,P,2026-04-20T00:00:00.000Z,-0.6223537414965986
88a679a5-faa1-467b-babd-0e0dd3ecf949,KAYSERI2,154,CINKUR,P,2026-04-20T00:00:00.000Z,7.78138869979578
a90d5fbc-9062-4418-9c76-702436fcc83e,UMITKOY,154,ALCI-TEM,P,2026-04-20T00:00:00.000Z,-36.80779361846571
752192d9-54d6-44f1-bf12-6c86c23200a6,MENEKSER,154,BEYYURDU,P,2026-04-19T22:59:00.000Z,11.278958333333334
9af69c26-e734-4c06-ac46-b60668c3b490,ESMEKAYA,154,KIZOREN,P,2026-04-20T00:00:00.000Z,-15.638450033990486
f8a64114-bd8a-4927-8b71-d02af4b786fe,KAPULUKA,154,HACILAR,P,2026-04-20T00:00:00.000Z,2.405284552845528
012b7e6d-2c68-42d2-933b-15f512d0f202,ESMEKAYA,154,TUZGOLU,P,2026-04-20T00:00:00.000Z,16.156442622950827
fd3f27cd-7cb7-4f4f-8423-2e8766c2f9be,KAZAN,154,DAGYAKA,P,2026-04-20T00:00:00.000Z,-3.5797000681663254
0a49da56-2ca0-48a8-8d54-9aa909d08c79,KONYAKZY,154,KNYAOSB1,P,2026-04-20T00:00:00.000Z,3.014038199181446
c4b98ef2-d744-425f-93b2-1dcb04fb104c,KIZILIRM,154,ATAKALE,P,2026-04-20T00:00:00.000Z,-11.017606779661017
7f5d756e-c079-4ebf-aca5-e3bd7edf8f3f,KAZANDG,154,swPRTR7,P,2026-04-20T00:00:00.000Z,16.391730205278595
409fd207-50ca-4456-9eb7-1b4db285c2b5,KALECIK,154,YAKINKEN,P,2026-04-20T00:00:00.000Z,-7.269819819819821
d24ce31e-2abd-423d-8a74-63feb8dc88d5,KAZANDG,154,swPRTR8,P,2026-04-20T00:00:00.000Z,16.247278368794323
f452b8c1-ad90-406b-823a-f2e88be9e70a,KONYAOSB,154,KONYAKZ2,P,2026-04-20T00:00:00.000Z,-2.5088586956521732
6fb1efd1-3862-425f-9618-1c50db2a6d6a,POLATLI,154,DDYKOCAH,P,2026-04-20T00:00:00.000Z,-30.939027872195773
9788f5bc-345c-46d9-9f2d-6d74156e7c38,KAZANDG,154,swPRTR4,P,2026-04-20T00:00:00.000Z,16.04684426229508
86f18091-dbca-4b45-86b8-061cdc1c7a3c,SORGUN,154,BEYYURDU,P,2026-04-20T00:00:00.000Z,-28.017519271198314
91cd017b-5034-4eb2-9856-fb728f6a5671,MENEKSER,154,WINDFARM,P,2026-04-19T23:10:00.000Z,11.336041666666667
bbb24868-ca72-4bad-adf0-f98eb5736eb1,AKYEL-2,154,WINDFARM,P,2026-04-20T00:00:00.000Z,9.114761904761906
f9570166-51e2-4ca6-b100-b08e77fd0fb3,AKDAGMDN,154,ARTOVACM,P,2026-04-19T23:59:00.000Z,-9.4546625
f5edd006-21f9-40eb-b396-26ad3bee559d,KAZANDG,154,swPRTR3,P,2026-04-20T00:00:00.000Z,15.661499999999998
8334cacb-afa6-4028-b6ee-c54906dfc437,KALECIK,154,DDYIZZET,P,2026-04-19T21:43:00.000Z,4.304315068493151
e79dde70-a633-4524-8873-548e8ed0b154,KAZAN,154,KIZILCAH,P,2026-04-19T23:55:00.000Z,9.54490625
a29cab1d-5038-494f-afb9-a0da8b2a11b5,MACUNKOY,154,ANKARASA,P,2026-04-20T00:00:00.000Z,-3.423118206521739
e0373d07-fe5b-46fc-b038-4a38fc1fab4c,KONYAOSB,154,KONYAKZ1,P,2026-04-20T00:00:00.000Z,-2.135186693822132
992b337a-fe4d-4886-9fd9-b23f07d7dfdb,SARKISLA,154,PINARBAS,P,2026-04-20T00:00:00.000Z,-6.676337644656229
1485ad5f-369f-4400-80ae-349d102a2322,EMIRLER,154,ASELSANM,P,2026-04-20T00:00:00.000Z,11.612905866302867
136a9f87-5adc-4e1f-a47a-c7f099fa5dc6,KUYULUKO,154,WINDFARM,P,2026-04-20T00:00:00.000Z,2.943049019607843
8edaba4a-d0e3-42f4-bde7-0830c629a796,CIMPOR,154,KAYAS,P,2026-04-20T00:00:00.000Z,-16.042394557823126
87d17289-9c3f-45dc-9699-5bf492964a4e,KONYAKZY,154,LADIK1,P,2026-04-20T00:00:00.000Z,1.2941381818181823
f7699aa1-c6ca-416e-85d9-e1b3d5325f61,KONYAKZY,154,LADIK2,P,2026-04-20T00:00:00.000Z,0.91218727139722
2a3dcae8-5151-4659-890b-1e8163095054,NIGDE,154,NIGDECIM,P,2026-04-20T00:00:00.000Z,11.765758645024702
97acd3cf-bf35-457a-b812-95044200809a,ETI-SODA,154,CAYIRHAN,P,2026-04-20T00:00:00.000Z,-13.454628214037525
c3645fc6-4e5e-4bec-be2c-4b525964571c,KUYULUKO,154,Plnt_avP,P,2026-04-20T00:00:00.000Z,2.5290020366598776
4d2a7dfc-89d0-4627-ba3e-52284a18281b,R3ANKARA,154,KUTUKLU,P,2026-04-19T23:57:00.000Z,-6.404407894736842
189a6770-a56c-4330-ad0b-cf0c1be3ab83,BEYLIKKO,154,DDYBEYLI,P,2026-04-19T23:44:00.000Z,1.078153846153846
47bc10da-0571-4128-a374-a85e7819ec86,OSTIMOSB,154,ANKARASA,P,2026-04-20T00:00:00.000Z,-7.145067934782608
074ffd10-363e-45f8-98ae-20e6dc2c17f4,YAZIR,154,MERAMGIS,P,2026-04-20T00:00:00.000Z,0.870482993197279
48dd4202-e8fc-48a6-89b5-bc654963c038,CINKUR,154,KAYSERI2,P,2026-04-20T00:00:00.000Z,-6.104639455782313
1e7d7775-11fb-42ef-ab93-20e1bce153da,KALABA,154,DDYPASAL,P,2026-04-19T23:57:00.000Z,1.658844936708861
49477405-e7f0-421e-a3f9-aa8f730ed65a,NIGDEOSB,154,BOR,P,2026-04-20T00:00:00.000Z,-23.38572010869565
749ef585-a36c-4064-a58d-bdbbf2ed94d8,YIBITAS,154,YOZGAT,P,2026-04-20T00:00:00.000Z,-44.240144196106705
ce1b72a5-47f3-404a-a9ad-d8c40afd0593,MERAMGIS,154,YAZIR,P,2026-04-20T00:00:00.000Z,1.6695948987246814
479754c5-676e-4b47-afa0-187cf0fc79d1,MUTLU5R,154,RGKYKTOP,P,2026-04-19T19:31:00.000Z,3.125991525423729
a9f8756c-18d1-4444-8f41-33f653e177e9,TEKSINGE,154,GES,P,2026-04-19T23:57:00.000Z,2.1684406779661014
ed3dc295-17b9-4e10-9bcb-2f0564e56ffd,BOGAZLYN,154,KALABA,P,2026-04-20T00:00:00.000Z,-5.378020408163264
793992b6-a182-4b67-9b44-6bf8d8e1d119,YAYSUNGE,154,EREGLI,P,2026-04-20T00:00:00.000Z,-14.194433129667347
4eaa703d-4f12-4e97-9ec8-91af9f91a7ca,BOZOKTM,154,TR-B,P,2026-04-19T23:45:00.000Z,6.01061224489796
b8bb7948-cd8e-40ed-84cf-171d0bf3c8a8,G4BOR-1,154,YAYSUNGE,P,2026-04-20T00:00:00.000Z,-15.78257301808067
fb827e66-f30e-4ef6-90b6-a28891a8e5a4,KAYACIK,154,BAGLAR,P,2026-04-19T23:58:00.000Z,-22.05776859504132
2d3ebbe3-5707-4b5a-9258-40e2108398da,NIGDE,154,MISLIOVA,P,2026-04-20T00:00:00.000Z,-12.899904826648537
9a8d3df8-54c8-42f9-9b49-7d34a18af544,URGUPTM,154,CINKUR2,P,2026-04-20T00:00:00.000Z,-7.704323589394971
11b30b78-2094-4b92-8508-bbd1967d44c6,LADIK,154,KONYAKZ2,P,2026-04-20T00:00:00.000Z,-0.7817241379310346
2d9e22f7-cc64-4faf-9e4a-e8b48b936301,G4_BOR-2,154,G4_BOR-1,P,2026-04-20T00:00:00.000Z,-21.41974706413731
3da760d5-2bad-4040-97bc-6258194f62ee,HASKOY,154,BAGLUM-2,P,2026-04-20T00:00:00.000Z,-10.764284741144415
cefa976a-add5-4442-84ff-01c27b9b043b,YERKOY,154,CAYDOGAN,P,2026-04-19T23:59:00.000Z,0.10660416666666664
989f2013-b21f-4fea-85ec-45d1cbb23cab,URGUPTM,154,CINKUR1,P,2026-04-20T00:00:00.000Z,-11.255495923913044
cf5bb48e-749f-4ee4-b65f-52a31adadb24,ADATOPRK,154,DDYCAYIR,P,2026-04-19T23:59:00.000Z,-23.74893939393939
cd3a08e8-6aaa-443d-91fa-aabc9a78fd6c,KAYSER3,154,ERKILET,P,2026-04-20T00:00:00.000Z,-14.63908905506458
c4afe802-a494-475a-9c86-42f1e10c1fb4,YESILHIS,154,SENDIREM,P,2026-04-20T00:00:00.000Z,-13.807562797012897
ba4a95d3-934e-4431-b674-47185978647f,YERKOY,154,YIBITAS,P,2026-04-20T00:00:00.000Z,-31.369835025380713
7c48d582-ba36-45df-9ad6-0402551153a5,KONYAOSB,154,BUSAN2,P,2026-04-20T00:00:00.000Z,-7.3357862491490815
50600a5c-72f0-4784-8007-328e7a5a2602,LADIK,154,KONYAKZ1,P,2026-04-19T23:59:00.000Z,-1.83890243902439
92351449-ac99-428a-807c-211c83ea9cef,KIZILIRM,154,SKOCHISA,P,2026-04-20T00:00:00.000Z,-10.405865580448067
c8c5d27f-afbd-47e8-8c1a-aa695ebe491f,DEL51,154,GenSumP,P,2026-04-19T19:17:00.000Z,1.35
3dde8451-bee4-4516-9e2b-2f26c9d8163f,KAYSERI4,154,URGUP,P,2026-04-20T00:00:00.000Z,-7.394707112970711
95720a48-dde5-432c-8173-b8542accb10a,KIRIKKAL,154,KIZILIRM,P,2026-04-20T00:00:00.000Z,-14.681257647858597
afe10a70-46a7-45ec-9994-668183f57993,CIGDEM,154,UMITKOY,P,2026-04-20T00:00:00.000Z,-13.800006807351936
6d5221de-194f-4b76-aaa2-644743ada0e1,KONYAOSB,154,BUSAN1,P,2026-04-20T00:00:00.000Z,-7.457523809523811
da272915-d3df-4987-ad7c-fce319a2b88e,CIGDEM,154,BALGAT,P,2026-04-20T00:00:00.000Z,-23.99513698630137
83e234d3-bb38-4da5-9954-e2e77abd1ceb,KIZOREN,154,KARATAY,P,2026-04-20T00:00:00.000Z,-26.991820652173907
a63c9630-d012-481c-a6ae-827c41b8e51e,SARKISLA,154,VOTORANT,P,2026-04-20T00:00:00.000Z,-22.316936691626957
d13de74a-dc4a-41cf-a7a8-339952ed65da,KIRSEHIR,154,YERKOY,P,2026-04-19T23:59:00.000Z,-23.177173913043475
d9bd8154-7dfa-4f1c-87d3-92f9ad22ce8d,KULU,154,CIHANBEY,P,2026-04-20T00:00:00.000Z,-21.252654867256634
e2399714-87dc-415c-b4cb-f1b7469b61ef,BILKENTG,154,CIGDEM,P,2026-04-19T19:55:00.000Z,-16.414545454545454
e9ba9a06-d349-4d68-bc8f-bbe61b3b72fc,KAYSERI,380,KEBAN-2G,P,2026-04-20T00:00:00.000Z,-558.4469342359769
49de0a3b-d055-4ede-8c1f-a58c7d311bc5,TAKSAN,154,SENDIREM,P,2026-04-20T00:00:00.000Z,-12.398858695652173
c4c01d6e-51a4-4cdc-88ef-fc8c1c4f04a6,DIANAGES,154,Plnt_avP,P,2026-04-19T19:27:00.000Z,1.6763043478260868
f33a3459-c53e-4eaf-9f7c-1f4e5976abe7,ALTINOVA,154,KOLUKISA,P,2026-04-20T00:00:00.000Z,-29.200955631399314
721b79a8-3b4a-4ab5-a3e1-438077494044,DIANAGES,154,GES,P,2026-04-19T17:53:00.000Z,2.4217857142857144
efb9b7b7-321a-40ca-a419-5e29e117757e,KONYAKZY,154,swOTR1.2,P,2026-04-20T00:00:00.000Z,-23.360884353741497
fb8fa8a8-cbdc-4beb-a4d7-65affc5ce3e7,ANK-DGKC,154,swGenGT2,P,2026-04-19T19:17:00.000Z,0.6983333333333334
44d09007-1cbc-43b6-8d5e-ad65e12080d4,A.HOYUGU,154,CUMRA,P,2026-04-20T00:00:00.000Z,-30.10258368200837
6b02021c-73ab-42ab-b282-7837eeaf5e6a,MAMAK,154,KAYAS-1,P,2026-04-20T00:00:00.000Z,-25.487798227675523
8ffb57c9-1efa-4301-b928-2d94fc84aabd,KARATAY,154,TR_A,P,2026-04-20T00:00:00.000Z,-2.9630541871921183
7a9bf0f1-4473-4d9d-a9fa-b89c1adf80f0,KONYAKZY,154,swOTR3.4,P,2026-04-20T00:00:00.000Z,-20.425044187627464
1ac733cc-c23b-472f-9dcc-7627fa5dff77,CINKUR,154,YAMULA,P,2026-04-20T00:00:00.000Z,-74.14413080895007
bf67e654-0ce8-4172-8d35-c4b4276f0bea,YUNUSEMR,380,swTR1,P,2026-04-19T11:36:00.000Z,2.59
1a48bfaf-5ff2-4f94-b630-a35f7bb8ea87,YAMULAHS,154,swGTR2,P,2026-04-19T23:49:00.000Z,-39.41921052631578
69fc1bfc-befe-4c75-b925-cfe5a8a1a5aa,ANK-DGKC,154,swGenGT1,P,2026-04-19T19:17:00.000Z,-0.41875
0d8385a8-bda0-46d0-95d2-c2e01c6aeec8,KOLUKISA,154,DDYGOZLU,P,2026-04-20T00:00:00.000Z,-37.85613394216134
de857bde-90ba-49ed-a9bc-7a262ffef22c,OYAK1GES,154,RGKTOP,P,2026-04-19T18:58:00.000Z,-8.973737373737375
fe5d6b03-8fa1-4068-9979-0825b8a05e1c,S.KOCHIS,154,ATARES,P,2026-04-20T00:00:00.000Z,-15.457186648501361
93fc3ebc-78ae-4966-b768-cff457a881e6,K.PINARG,380,RGKTOP,P,2026-04-20T00:00:00.000Z,-45.665627674750354
5cf69399-fa69-45ac-8e6d-893c2693840f,KONYAKZY,154,sOTR_2,P,2026-04-20T00:00:00.000Z,-11.680367346938775
88c05e86-5680-486e-a84f-c9098455c06f,KONYAKZY,154,sOTR_1,P,2026-04-20T00:00:00.000Z,-11.683738953093133
21650183-fc0d-4828-b1db-d1b0f45538f9,KARATAY,154,BOSHAT,P,2026-04-20T00:00:00.000Z,1.5263855421686745
7626a510-3d75-49d7-82cc-d3acef11199c,BOROSB,154,BOR,P,2026-04-20T00:00:00.000Z,-39.741060830860526
35e45bbd-8da0-4d76-91c9-ac92987c1049,KARAPINA,154,EREGLI,P,2026-04-20T00:00:00.000Z,-43.256433423913045
cc4fc0a5-ca94-46d9-b10f-0de97255783e,KIZILIRM,154,HIRFANL1,P,2026-04-20T00:00:00.000Z,-7.757566265060241
f74299bb-cde7-4e6f-8200-ca95ad958439,YAHYALI,154,YESILHSR,P,2026-04-20T00:00:00.000Z,1.5064274809160303
cb9f90fa-4ae0-42fd-a803-155328c2a055,KONYAKZY,154,sOTR_3,P,2026-04-20T00:00:00.000Z,-10.212868796736915
cfff098d-9b8f-4a3d-9c05-88016239fb87,KONYAKZY,154,sOTR_4,P,2026-04-20T00:00:00.000Z,-10.212746430999323
7688dc36-66ed-4f3f-8a68-9649e13bb125,CEKERKHV,154,KARALIK,P,2026-04-20T00:00:00.000Z,-18.45660140955364
ad24945c-e93a-4acc-a523-c1e952373737,KARALIKR,154,RGKTOP,P,2026-04-20T00:00:00.000Z,-17.678426395939084
d75a2825-852a-4024-8aeb-ecba8d458b28,KARALIKR,154,swTR-A,P,2026-04-20T00:00:00.000Z,-17.678426395939088
d780a641-32ce-4d89-8a24-31034c917510,KUYULUKO,154,CAMINBAS,P,2026-04-20T00:00:00.000Z,-4.424877717391304
4607bfe0-a10f-4877-8031-7f5bc238579b,CAMINBAS,154,swTRA,P,2026-04-20T00:00:00.000Z,-4.400522033898305
25e32d5d-c71d-4beb-8c37-26be8ae5619f,ICANADOL,380,swGTR1,P,2026-04-19T23:19:00.000Z,0.7716666666666666
b3a56953-07cb-485a-8df4-390926ff8837,KEPEZKAY,154,AYBASTI,P,2026-04-20T00:00:00.000Z,-33.11908339076499
f1357ef9-f4c4-436a-8516-d2926ae5106b,YAHYALBE,154,RGKTOP,P,2026-04-20T00:00:00.000Z,-39.026989830508484
e41fe909-7799-4490-926a-7af511b6a60d,ANK-DGKC,154,swGenST,P,2026-04-19T14:48:00.000Z,1.11
4ed9bbb3-fe69-42f0-b235-e40bdda415c0,CAYIRHAN,154,BEYPAZAR,P,2026-04-20T00:00:00.000Z,-11.198199532346065
73bc3d53-1d56-42da-a365-8424740407ff,AVANOS-2,154,B.HACILI,P,2026-04-19T20:49:00.000Z,-19.246538461538464
86cd9d0d-e5c9-48b4-b3bd-92bff3f9a74c,ICANADOL,380,swGTR2,P,2026-04-19T23:19:00.000Z,0.5005128205128205
014c76b0-4515-4bab-b50f-1c198cd5a42d,CAMLICA,154,CAMLICA3,P,2026-04-20T00:00:00.000Z,-13.758915254237282
012cb66d-f2ae-417a-8ce3-de73ac25c252,TEMELLI,154,ANKDG-G1,P,2026-04-19T23:58:00.000Z,0.7109375000000001
6be64983-3768-4878-8fa3-007f59afd46d,KARATAY,380,MERSIN,P,2026-04-19T06:20:00.000Z,0.36
d157028e-cc8b-4e9e-8d03-de55d785bf15,K.PINARG,154,RGKTOP,P,2026-04-19T19:13:00.000Z,-20.093624823695347
f5ad9011-e8aa-48db-b91b-4140ebc1d722,K.PINARG,154,swTR_A,P,2026-04-19T19:13:00.000Z,-10.276487341772151
13bd0a22-1695-453a-a818-c61708ffac6f,KARAPINA,154,K.A.GES1,P,2026-04-19T23:51:00.000Z,-7.731407588739289
e0e9cad9-f148-4bc7-aad4-baea96b5f583,DERINKUY,154,URGUP1,P,2026-04-20T00:00:00.000Z,-22.9782053025153
e689bf6f-2b3d-49fe-a4a9-f8e7eddb430c,KARAPINA,154,K.A.GES2,P,2026-04-20T00:00:00.000Z,-6.451528878822198
e89de3e6-9772-4608-94d8-c83002e195eb,LADIK,154,KUYULUKO,P,2026-04-20T00:00:00.000Z,-7.80736059479554
7e4e9290-288f-4661-8f15-d7e6ffdf95bb,YUNUSEMR,380,swTR2,P,2026-04-19T08:49:00.000Z,0.65
dece3563-3a4c-406d-8a67-55bf4a3f07d8,G4_BOR-3,154,RGKTOP,P,2026-04-20T00:00:00.000Z,-5.52884584980237
8b70a68c-42f6-45b5-a368-a84925da9ae7,YAHYALBE,154,swTRA,P,2026-04-20T00:00:00.000Z,-18.149348710990502
19b153eb-6e05-450f-8130-f73663a291f0,CAYIRHAN,380,swGTR_1,P,2026-04-20T00:00:00.000Z,-96.7126462395543
4907bed6-e360-4b92-8881-23fcf564cd10,YAHYALBE,154,swTRB,P,2026-04-20T00:00:00.000Z,-20.836976271186444
433ac9e4-119f-4b93-b1b9-a8eb79923410,KAPULUKA,154,swTR3,P,2026-04-20T00:00:00.000Z,0.18512542372881355
bd6da6ca-db47-4d12-a94c-35d5ccbf7823,KAPULUKA,154,swTR2,P,2026-04-20T00:00:00.000Z,-1.7614169491525429
476fc96b-62f5-40b6-85bb-6b67bcc63586,K.PINARG,380,swGTR_3,P,2026-04-19T23:59:00.000Z,-14.868872727272725
ebd7d412-fb69-4c43-9be3-611e8d21f91e,K.PINARG,380,swGTR_1,P,2026-04-19T23:58:00.000Z,-11.46330985915493
472f5afd-f7e7-4efb-aa8f-cacf6d235b78,TUMOSAN,154,YEDEK,P,2026-04-20T00:00:00.000Z,0.4612840466926069
a1fc1792-22df-4bc1-a1d1-b246c13d91fa,G4_BOR-3,154,swTR-A,P,2026-04-20T00:00:00.000Z,-3.2247703842549202
a8877c91-567a-462c-86ba-515a21f49df8,KAPULUKA,154,swTR1,P,2026-04-20T00:00:00.000Z,0.14065718157181573
c140c5f5-5b4e-4520-8d4f-9ec1cdff2892,ERCIYESR,154,RGKTOP,P,2026-04-20T00:00:00.000Z,-17.25066712049013
691de3a9-1373-4cc6-88c2-bf74d3dd7d7b,K.PINARG,380,swGTR_2,P,2026-04-20T00:00:00.000Z,-15.106910714285712
d4db714f-285b-4057-a192-d94e927a9f89,GEYCEK,154,swTR2,P,2026-04-20T00:00:00.000Z,-17.46830612244898
def8c6e7-9da1-45ff-8d3d-8d5f2823a400,K.PINARG,380,swGTR_4,P,2026-04-19T23:57:00.000Z,-16.965550755939525
f7eb94f5-dfec-419d-9d4f-a701d17a0137,YENICE,154,swGTR2,P,2026-04-19T23:50:00.000Z,-2.831156773211567
df2a8209-e58d-449c-a665-e7fc323b191e,KIZILIRM,154,HIRFANL2,P,2026-04-20T00:00:00.000Z,-6.841380846325168
4ba93890-d444-482f-89b8-6729327fac29,ERCIYESR,154,swTR-B,P,2026-04-20T00:00:00.000Z,-3.707666666666667
c3cbeb6a-0604-4bd8-9c94-0c7eb1997fd6,K.PINARG,154,swTR_B,P,2026-04-19T19:13:00.000Z,-10.78205501618123
ea9c8341-6ef8-4c25-9b7b-ad0b411a4279,MAVIHES,154,GUNEYSIN,P,2026-04-20T00:00:00.000Z,0.07815
d9bfdfac-d666-4e8a-b5a0-e2cd889ba37c,IGAGES,400,swTRA,P,2026-04-19T21:17:00.000Z,-12.094756756756755
0fbb8bac-96a4-43ca-a1e8-d00333dc42fb,G4_BOR-2,154,RGKTOP,P,2026-04-20T00:00:00.000Z,-5.936120584652862
50c83aa6-099f-4b16-8236-14b55d77375f,AVANOS-2,154,GEYCEK-2,P,2026-04-20T00:00:00.000Z,-49.13210995542348
d5bb028a-8167-4384-bf28-f803f81b0e70,GEYCEK,154,RGKTOP,P,2026-04-20T00:00:00.000Z,-35.167620338983056
eeedd74d-83d9-42f9-9ecb-69da8c2ae393,G4BOR-1,154,RGKTOP,P,2026-04-19T23:52:00.000Z,-10.404848024316108
16494384-22e9-4ba5-b5f7-1ba3915b02c2,B.HACILI,154,swTR_A,P,2026-04-20T00:00:00.000Z,-17.686383307573415
42e94846-3784-4acd-9e55-e954be65285a,KURTKAYA,154,swTR-A,P,2026-04-20T00:00:00.000Z,-24.58926713947991
4b21c2bd-3b82-401c-abb8-db6eb792c5ce,YAHYALBE,154,YAHYALI,P,2026-04-20T00:00:00.000Z,-14.136123557365918
fd5b471b-3f31-4550-bb09-302f87143786,IGAGES,400,swTRB,P,2026-04-19T22:05:00.000Z,-11.09579268292683
ff675594-1fcb-4c83-a0e8-7889ac039586,YAHYALBE,154,KURTKAYA,P,2026-04-20T00:00:00.000Z,-19.480211604095565
401cff12-55bb-4ecf-9c19-ddf0fd7bc5ce,KESIKKOP,154,KIZ-KIRI,P,2026-04-19T23:39:00.000Z,0.21296875
43d5b36b-f2e0-4cee-a3e0-a157460d2e4e,G4_BOR-2,154,swTR-A,P,2026-04-20T00:00:00.000Z,-4.251401401401401
e7ce25b7-2ece-4a1c-9c61-9f8d1781079b,ERCIYESR,154,swTR-A,P,2026-04-20T00:00:00.000Z,-13.41064713896458
cbab4d90-3ef9-4ee6-988d-4b48a20178c5,G4_BOR-3,154,swTR-B,P,2026-04-20T00:00:00.000Z,-3.3546562786434464
1d84d809-691a-46b9-a6a6-c92f92f3281a,B.HACILI,154,swTR_B,P,2026-04-19T23:59:00.000Z,-18.575274914089345
914877e7-09d1-4e02-969a-8c014328c904,TEKSINGE,154,swTR-1,P,2026-04-20T00:00:00.000Z,-1.308715251690458
0f48ccc6-4d69-4957-ace6-496d19d3490a,BEYYURDU,154,RGKTOP,P,2026-04-19T22:59:00.000Z,-14.02824074074074
3b0c7606-0c63-4445-b705-45d1304bb6aa,KUYULUKO,154,swTR-A,P,2026-04-20T00:00:00.000Z,-2.000719619823489
4a013965-ff69-4383-8745-bf896a4b0fb0,SARIYAR,154,YEDEK-1,P,2026-04-19T15:10:00.000Z,0.16
8d8bd25e-4123-420b-b429-dcf3ec7de7bb,BEYYURDU,154,swTR-A,P,2026-04-19T22:59:00.000Z,-14.02824074074074
15f7ccbd-9a14-4a2b-a8bf-a3ca99cf1717,G4_BOR-2,154,swTR-B,P,2026-04-20T00:00:00.000Z,-2.7818474457662696
235415ba-e096-4ab2-b7a5-c7adc59ac490,G4BOR-1,154,swTR-A,P,2026-04-19T23:18:00.000Z,-5.419524752475248
d6d3b844-7e6c-4b9a-ab9d-2ea1608def07,BEYYURDU,154,MNKSERES,P,2026-04-19T22:59:00.000Z,-11.18586956521739
e389b1e0-ad73-48dc-a646-bfb38ac29276,G4BOR-1,154,swTR-B,P,2026-04-19T23:52:00.000Z,-5.981148514851485
31ff26ce-b9d4-48c2-a238-d0780fccab74,YAHYALI,154,RGKTOP,P,2026-04-20T00:00:00.000Z,-15.774226277372263
3e190728-d112-4f4e-ae50-e0f7da232bc6,MENEKSER,154,swTR,P,2026-04-19T22:59:00.000Z,-10.187010309278351
6f89c0aa-6c8a-438c-a485-1be5a241a478,YAHYALI,154,swTRB,P,2026-04-20T00:00:00.000Z,-15.772476260043828
bc98162e-8d08-4062-b7ad-9e10e7d2e304,CAMLICA3,154,swTR,P,2026-04-20T00:00:00.000Z,-14.36501842751843
65353f8f-2377-4c2c-aa10-7828551cf058,R3KRMN1R,154,swTR-A,P,2026-04-20T00:00:00.000Z,-48.55620202020202
0aad3d56-109c-4146-873c-d31d385e7822,DIANAGES,154,swTR-A,P,2026-04-19T19:20:00.000Z,-2.2494
6db1c272-4950-45e0-af82-3315bf3557c9,YENICE,154,swGTR1,P,2026-04-19T23:00:00.000Z,-7.264541832669323
02a453bd-e21e-4182-b3a0-81671c929051,AVANOS-2,154,KAYSERI,P,2026-04-20T00:00:00.000Z,-31.08549375709421
03ba28a5-663c-4713-b8f0-fca8d1067f5f,KIRIKDG,380,swSTR,P,2026-04-19T23:26:00.000Z,-1.1286486486486487
06ac7257-92aa-4ca6-9f4c-23730fcdc1d5,KAYAS,154,MAMAK2,P,2026-04-19T21:59:00.000Z,0.0
07a25fbf-d437-4a22-b99c-f68a24f567e2,POLATCMT,154,YEDEK2,P,2026-04-19T22:22:00.000Z,-274.9701234567901
07caeeef-a70e-44a0-889c-97292d69e646,KARGIHS,154,YEDEK-2,P,2026-04-19T14:48:00.000Z,0.0
085b8249-e3b5-4eb3-a878-8f6089cb8cde,B.HACILI,154,YEDEK2,P,2026-04-19T23:36:00.000Z,0.0
096bc8ac-2239-41a0-b934-52eed11760ed,YAHYALBE,154,YEDEK1,P,2026-04-19T14:49:00.000Z,0.0
09a5262b-7eae-4857-8bee-6a0b0b8b6652,OYAK1GES,154,swTR-B,P,2026-04-19T19:02:00.000Z,-9.319876543209878
09be7bfb-d7eb-459b-9cad-f2226ff35ae3,OYAK1GES,154,swTR-A,P,2026-04-19T18:58:00.000Z,-10.452974683544301
0ca480d6-2e7e-4dba-93cc-a4c965f3eae7,DEL5,154,TR_B,P,2026-04-19T14:37:00.000Z,0.0
13e32871-8d29-4608-bced-7d04c022a4c2,BUSAN,154,HOTAMIS,P,2026-04-20T00:00:00.000Z,-20.91223961878829
23628797-fc51-4504-9316-20de316e7736,AVANOS-2,154,URGUP,P,2026-04-19T15:21:00.000Z,-219.52285714285716
2770ff8a-89eb-4d5a-9432-cc102c8add52,BILKENTG,154,UMITKOY,P,2026-04-19T22:56:00.000Z,-38.0855
2ce14d5b-cf09-4eba-b4a4-6718f78ba3db,GOLBASI,154,BOSHAT1,P,2026-04-19T14:48:00.000Z,-204.888
30728d8e-19d0-4780-b549-c9179796476a,NIGDECIM,154,NIGDETM,P,2026-04-19T23:48:00.000Z,-9.293047337278106
453ae384-bb73-4176-810e-fe83039d10e7,GOLBASI,154,swTR_MBL,P,2026-04-19T14:49:00.000Z,-41.85
48d87d71-7ed7-4ae5-88a0-e324067272f8,ICANADOL,380,BOZOK,P,2026-04-20T00:00:00.000Z,-337.1334359961502
4e286c6b-b217-4783-a98c-758d0d0495af,KIRIKDG,380,swGTR_2,P,2026-04-19T23:26:00.000Z,-0.7294736842105264
4e2e44e2-03bd-4ebc-be6f-d08959f88a5a,GOLBASI,400,ICANADOL,P,2026-04-20T00:00:00.000Z,-135.92331747110808
57b86190-e33c-49a9-9548-d73c8eb40f09,ICANADOL,380,swSTR,P,2026-04-19T23:49:00.000Z,-1.327142857142857
58b4d0e9-eb7f-4209-85ad-68766c0bbf6b,AVANOS-2,154,YEDEK-2,P,2026-04-19T15:21:00.000Z,-219.52285714285716
5ee118b3-261c-4bbb-be42-af7a861bdb3f,GOLBASI,154,swOTR_4,P,2026-04-19T14:48:00.000Z,-192.00799999999998
60b4260a-658a-4b0a-96a7-0472d45a34ea,K.HAMAM,154,KAZAN,P,2026-04-19T23:20:00.000Z,-2.3180132450331126
613df61e-4e0b-4bc0-a78f-c60d51f078dd,GOLBASI,154,EMIRLER2,P,2026-04-19T14:48:00.000Z,-153.648
64bdf9df-6941-4895-9d9b-f81c56e12514,KIRIKDG,380,swGTR_1,P,2026-04-19T23:26:00.000Z,-1.4972222222222225
71303b53-60d8-4102-af32-98502cf2a076,YAMULAHS,154,swGTR1,P,2026-04-19T23:57:00.000Z,-39.11381742738588
75d433bc-4076-4003-8718-8a5c3ecfef79,HOTAMIS,154,KARAPINA,P,2026-04-20T00:00:00.000Z,-20.420646698434307
771b84d0-2a37-49a1-9627-2643eb56eff6,KIRIKDG,380,KAYABASI,P,2026-04-20T00:00:00.000Z,-309.08508025682187
77fc04bd-dc2c-4c89-8401-d7e0f065d6bd,DEL5,154,Tran_B,P,2026-04-19T14:37:00.000Z,0.0
79635a0c-887c-48f6-bfa4-0555560ff340,AKKOPGIS,154,MACUNKO1,P,2026-04-20T00:00:00.000Z,-25.17705325443787
7ac1c0da-9fa9-4250-92a7-e66ef6922dd2,GOLBASI,154,swOTR_3,P,2026-04-19T14:48:00.000Z,-192.00799999999998
7b5f9c93-71dd-4f59-a859-b1977221740e,MAMAK,154,KAYAS-2,P,2026-04-19T23:14:00.000Z,0.0
7e7cf896-0809-448c-81fc-c8ca9b21b0ae,KONYAKZY,380,YEDEK,P,2026-04-19T22:50:00.000Z,-0.10103448275862069
7ecddb2b-c4e3-45dd-8c41-f52edf18732c,MAVIHES,154,swTRA,P,2026-04-19T16:40:00.000Z,-0.5463779527559055
8437775c-10d7-4e24-80ec-48605d7b502f,GOLBASI,400,G.KAYSER,P,2026-04-20T00:00:00.000Z,-514.0616157501697
8e502489-ad06-410b-a16a-32d997901f3f,GOLBASI,154,BOSHAT3,P,2026-04-19T14:48:00.000Z,-288.7575
9457e46c-ac20-4975-8eed-97d71eb890e4,KAYAS,380,YEDEK,P,2026-04-19T21:59:00.000Z,0.0
9726946d-5027-43b7-895f-f6fe1555388b,KURTKAYA,154,YEDEK-2,P,2026-04-19T14:48:00.000Z,0.0
97a1da87-aacf-4666-8918-d8f44c758996,BILKENTG,154,SINCAN,P,2026-04-19T09:55:00.000Z,0.0
996e4935-e681-4af3-a9cc-c0c4ef05a116,DEL5,154,YAHYALI,P,2026-04-19T14:37:00.000Z,0.0
999a1ca1-044d-4481-b973-66e6eff7d37e,DEL5,154,TR_A,P,2026-04-19T14:37:00.000Z,0.0
9c485c4f-28ec-40d4-8053-f713fd611c18,KPZKAYHS,154,swTR1,P,2026-04-20T00:00:00.000Z,-13.422200836820084
a113e68a-2a12-42b8-a9ad-309584fb7bf2,ICANADOL,380,YEDEK,P,2026-04-19T14:48:00.000Z,0.0
a3ebcec3-9574-404c-b401-ebfbf08c7655,GOLBASI,400,SINCAN-2,P,2026-04-19T14:48:00.000Z,0.0
a4933ca3-22b4-4185-b7d5-c6120a937bb0,MERAMGIS,154,SEYDISEH,P,2026-04-20T00:00:00.000Z,-25.548295994568907
a5f1edc4-e547-465c-970a-ef9ed389470d,KAYAS,380,GOLBASI2,P,2026-04-19T21:59:00.000Z,0.0
a8d27d6e-ec04-41d7-86da-ae278a230dae,KIRIKDG,380,RGKTOP,P,2026-04-19T23:26:00.000Z,-3.373653846153846
aafc7e9b-fbd4-4f28-831b-3e458e00dee9,B.HACILI,154,YEDEK1,P,2026-04-19T23:36:00.000Z,0.0
ac473194-c2d2-4ca6-aef9-37cf07792698,POLATCMT,154,YEDEK1,P,2026-04-19T22:22:00.000Z,-274.97012345679013
afb5aed8-4cb0-472a-b282-064ea7f315ca,AVANOS-2,154,GEYCEK-1,P,2026-04-19T15:21:00.000Z,-0.13714285714285715
b0f95830-07f8-4541-b3d2-ccaeb5f37f77,DEL5,154,swTRA,P,2026-04-19T14:37:00.000Z,0.0
b24dada5-d918-4106-9236-c8deba6dcf0a,ADATOPRK,154,YEDEK-1,P,2026-04-19T19:20:00.000Z,0.0
b34ea654-fa18-4cd2-b5e4-9691caa9afa2,GOLBASI,154,BOSHAT4,P,2026-04-19T14:48:00.000Z,-192.0825
b55a3335-882b-4923-bcdf-dd3f91676b64,GOLBASI,400,K.KAYSER,P,2026-04-20T00:00:00.000Z,-514.6772097759674
b61ec865-84c6-4be6-a3d0-ac48fa297251,CAMLICA3,154,YEDEK-2,P,2026-04-19T23:48:00.000Z,0.0
ba50b595-6dad-4a1a-9543-758d7c0aabe3,CAMLICA3,154,YEDEK-1,P,2026-04-19T23:48:00.000Z,0.0
be31dbb5-2543-4a5e-8b69-0020496b3830,NALLIHAN,154,SARIYAR2,P,2026-04-19T18:34:00.000Z,-19.104
c6380ab1-0999-4755-b5ca-d2283bffcf5e,DEL5,154,Tran_A,P,2026-04-19T14:37:00.000Z,0.0
c6fe398e-facf-4348-ac13-59b84faaf38d,GOLBASI,154,BOSHAT2,P,2026-04-19T14:48:00.000Z,-288.7575
c77849df-26a9-4342-a836-cb65c3fc1c41,DEL5,154,Plnt_avP,P,2026-04-19T14:37:00.000Z,0.0
c9de1f4e-13bc-4dca-90d5-a6cb5891419e,KIRIKDG,380,ICANADOL,P,2026-04-19T23:59:00.000Z,-204.53151515151512
cc1f8260-52f1-4cd1-9169-1f520e040b82,KURTKAYA,154,YEDEK-1,P,2026-04-19T14:48:00.000Z,0.0
cf6c235a-de30-4bb8-8cdf-720a7fbc604e,KPZKAYHS,154,swTR2,P,2026-04-20T00:00:00.000Z,-12.219040000000001
d27f165f-07dc-446f-8576-6ff7bdbf2803,GOLBASI,154,sOTR_1,P,2026-04-19T14:48:00.000Z,-480.135
d8bebd4e-e073-43d6-8b78-21740f69e388,GOLBASI,154,swOTR1.2,P,2026-04-19T14:48:00.000Z,-480.135
da07432c-b037-43e0-a895-9ca385d6c5a8,GOLBASI,154,EMIRLER1,P,2026-04-19T14:48:00.000Z,-144.04500000000002
dd31a7c8-cd8c-4bb1-bbb5-d2dc9aa219ca,GEYCEK,154,Plnt_avP,P,2026-04-19T14:48:00.000Z,0.0
dd51a93a-57d8-49f7-a872-58b708ccf770,GOLBASI,154,BOSHAT,P,2026-04-19T14:48:00.000Z,-308.008
e07c7742-25df-4510-a7a7-610aff718882,YAHYALI,154,swTRA,P,2026-04-19T14:48:00.000Z,0.0
e50c53dc-ded4-4ce0-a369-aef0f45b5af3,ADATOPRK,154,YEDEK-2,P,2026-04-19T19:20:00.000Z,0.0
e791cef4-465d-49d8-b5fc-f7213fe56107,GOLBASI,400,YEDEK,P,2026-04-19T14:48:00.000Z,0.0
ebee59ea-62d4-4cb2-a14c-e7abea4f7e8d,GOKCEKAY,380,GOLBASI,P,2026-04-20T00:00:00.000Z,-518.7168043331077
eda59a30-7091-4d64-8888-5322eb219d0b,KARGIHS,154,GURSOGUT,P,2026-04-20T00:00:00.000Z,-20.706
eec14ca8-fcbb-4ee3-8e58-6f3a442aa550,CAMLICA3,154,YEDEK-3,P,2026-04-19T23:48:00.000Z,0.0
f7d1de39-fba8-4c60-b1af-3763f1a495d4,AVANOS-2,154,YEDEK-1,P,2026-04-19T15:21:00.000Z,-219.52285714285716
f9b2153e-cca9-4fc5-a8b9-341f22c2c7a2,NALLIHAN,154,SARIYAR1,P,2026-04-19T18:38:00.000Z,-21.904285714285713
fadb28db-0f04-43a7-8e62-4b223ccf43dc,KURTKAYA,154,swYEDTRB,P,2026-04-19T14:48:00.000Z,0.0
fb896e67-e5d2-47db-a01c-9575c67d17c1,GOLBASI,400,G.KAYA-2,P,2026-04-19T14:48:00.000Z,0.0
fbdb8c3f-6588-447c-b3b9-89a4de6b3664,BILKENTG,154,BALGAT,P,2026-04-19T09:55:00.000Z,0.0
2ba1f424-0765-4c27-bd43-eb34e93065e8,CAMLICA,154,RGKTOP,P,2026-04-20T00:00:00.000Z,-82.49769953051644
3ffbe598-8d3e-4fed-a316-325ce5b76aac,K.EREGLI,400,ADA-SEYD,P,2026-04-20T00:00:00.000Z,-43.70203890489913
419cb7cc-247e-4466-a0c5-85e69979b0aa,CAMLICAH,154,swTR_1,P,2026-04-20T00:00:00.000Z,-27.72349854227405
48bfe37a-5fee-4469-bb34-1ff2c35faf8c,AKSURES,154,swTRB,P,2026-04-20T00:00:00.000Z,-14.018900709219862
5301ae13-b799-4229-93e2-0f7d3febea23,AKSURES,154,RGKTOP,P,2026-04-20T00:00:00.000Z,-24.752555910543133
76abfc04-665c-4b3a-a85d-18cbadc4d8a3,CAMLICAH,154,swTR_2,P,2026-04-20T00:00:00.000Z,-27.766884816753922
7fc03334-63b4-46e3-a862-494f60fb7a48,AKSURES,154,swTRA,P,2026-04-20T00:00:00.000Z,-12.010963636363634
b19678ea-4f76-4cbc-b3cc-3297ad627ce9,CAMLICAH,154,swTR_3,P,2026-04-20T00:00:00.000Z,-26.669142091152814
31461d1e-508c-4def-ad8d-5ecd65fddcaa,YAYSUNGE,154,swTR-A,P,2026-04-19T17:39:00.000Z,-1.180473372781065
deaffdb3-5c6c-47e0-9b6a-a949e669e31e,YAYSUNGE,154,swTR-B,P,2026-04-19T17:38:00.000Z,-1.3408333333333333
76be9275-161a-41df-bcec-2092cbe97520,GEYCEK,154,swTR1,P,2026-04-20T00:00:00.000Z,-17.624833446634945
69791b20-585e-40eb-ac4a-b43e513233da,KAZANDG,154,swSUTR,P,2026-04-19T20:21:00.000Z,-0.064
587737b4-8096-4911-adf3-3871a6a20cd2,CAYIRHAN,154,swTR1,P,2026-04-19T19:41:00.000Z,-4.7681124497991965
88ae4ec7-20cc-4995-b1cd-152001ffbe07,R3ANKARA,154,swTR-1,P,2026-04-19T23:59:00.000Z,-21.579539473684207
8343ab0d-cd5b-4a30-bb8e-9767fa108c1d,YOZGAT,154,BOZOK-2,P,2026-04-20T00:00:00.000Z,-23.056319727891157
8d3661d5-0749-4d88-94d9-efa84fa24178,GEYCEK,154,AVANOS-1,P,2026-04-20T00:00:00.000Z,-0.47040531097134863
dbbcbec0-2d26-4c32-9ed3-2bb6a2f2cec2,YOZGAT,154,BOZOK-1,P,2026-04-20T00:00:00.000Z,-34.868429639700885
878de531-229a-433b-a6fd-756ab32adcb0,SARIYAR,154,YEDEK-2,P,2026-04-19T15:10:00.000Z,-0.16
33d877d5-ce4e-4176-a3e0-f4e1b8d7b5f0,PETLAS,154,AVANOS-2,P,2026-04-19T23:59:00.000Z,-51.53074436090227
a161af43-7e4a-430a-9a08-b994cb0e058d,KULU,154,KIZILIRM,P,2026-04-20T00:00:00.000Z,-39.41647418478261
de3354f1-f427-4adb-99c9-5fc97eca7030,TAKSAN,154,CINKUR,P,2026-04-19T23:59:00.000Z,-0.2428000000000001
9ad38e04-9655-4862-b838-6d8160cdaad1,KEPEZKAY,154,KEPEZHES,P,2026-04-19T23:57:00.000Z,-15.655940298507462
f8aff3fb-57b2-446a-8a24-aca17de206e1,ANKARASA,154,ERYAMAN,P,2026-04-20T00:00:00.000Z,-21.48482664853841
92ceb326-6f30-4730-9310-dc3fa4dbb5c0,K.EREGLI,154,sOTR-1,P,2026-04-20T00:00:00.000Z,-21.845622025832764
aa02ca1b-e4da-4f63-a781-7af0d22cc8c2,CIGDEM,154,IMRAHOR,P,2026-04-20T00:00:00.000Z,-25.20897418478261
d296fc33-e633-4e90-b078-6d426017e275,K.EREGLI,154,sOTR-2,P,2026-04-20T00:00:00.000Z,-21.845622025832764
ec3f61c7-6cb2-469c-ad0a-5a34e37dd907,KIRDEMIR,154,HACILAR,P,2026-04-20T00:00:00.000Z,-10.995641791044775
0228b255-d3fc-4808-bd05-a3bb0c742d96,DERINKUY,154,URGUP2,P,2026-04-20T00:00:00.000Z,-21.382455782312924
921e3feb-a969-42d0-bb6c-a985ebfa0197,YENICE,154,swGTR3,P,2026-04-19T23:56:00.000Z,-2.7534210526315794
7d9d71ec-d4b6-42d6-ad74-13cd06c07509,KAYSERI,154,sOTR_2,P,2026-04-20T00:00:00.000Z,-71.69734219269102
95f024c2-bec9-415e-8d86-4903871383ed,KAYSERI,154,sOTR_1,P,2026-04-20T00:00:00.000Z,-71.69734219269101
16153966-ca85-4103-b086-0e631e48ee4a,K.EREGLI,154,swOTR1.2,P,2026-04-20T00:00:00.000Z,-43.69080217539089
a188ae2c-51ec-4a87-82bd-65364cf60f2e,ERENKOY,154,MERAMGIS,P,2026-04-20T00:00:00.000Z,-12.82224642614023
7d88f129-c757-4ef9-a959-1f6d8ed017d3,CAYIRHAN,380,swGTR_3,P,2026-04-19T23:57:00.000Z,-112.36807212205271
9c90613c-ea5b-4bac-b4a5-1421304537e5,UZAYOSB,154,KAZAN,P,2026-04-20T00:00:00.000Z,-10.73400900900901
184f4c2c-c54a-489b-8986-4d4ec16f1874,GUNEYSNR,154,MAVIHES,P,2026-04-20T00:00:00.000Z,-1.2771904266389182
c215304b-739f-417b-9918-42ecc0b21ae0,KAYSERI,154,swOTR1.2,P,2026-04-20T00:00:00.000Z,-40.85193697868396
1509ee9a-550c-4461-b18d-f4bd91482503,KAYACIK,154,KARATAY1,P,2026-04-20T00:00:00.000Z,-17.131292875989445
91bd5d9e-a7e9-4e63-87d9-d9b3b314f1ff,HACILAR,154,KAPULUKA,P,2026-04-19T23:36:00.000Z,-6.414157303370786
f9fd468e-f96d-4ebf-bad2-b64ac92f59c8,EMIRLER,154,GOLBASI2,P,2026-04-19T19:23:00.000Z,-1.25
874796a7-2e8f-456b-8613-70141a30abba,TEMELLI,154,ANKDG-ST,P,2026-04-19T20:29:00.000Z,-1.56
b6a23955-c263-4245-80e4-5f4b1637439c,TEMELLI,154,ANKDG-G2,P,2026-04-19T22:09:00.000Z,-1.5747833935018052
5db01c3c-01c2-4749-910b-1ecb9096411a,KAYACIK,154,KARATAY2,P,2026-04-20T00:00:00.000Z,-17.410689655172412
a0f0bcbd-f5f6-42ba-9ca1-461b8bcd91e8,YUNUSEMR,380,RGKTOP,P,2026-04-19T11:37:00.000Z,-1.61
72f86d49-58c0-4956-944a-3ba528a3d07b,KARATAY,154,sOTR_1,P,2026-04-20T00:00:00.000Z,-11.354654088050316
9daa9622-0dcc-42b2-af3b-afb27245abec,KARATAY,154,sOTR_2,P,2026-04-20T00:00:00.000Z,-11.354654088050316
59d6d7e0-49c8-4893-a0d5-2d82ce985a00,DAGYAKA,154,BAGLUM,P,2026-04-20T00:00:00.000Z,-19.09865470852018
2d5107b8-9dc7-41af-b852-5b3a3e7b0448,URGUPTM,154,sOTR_1,P,2026-04-20T00:00:00.000Z,-16.099871011541072
6a56ca7b-4e22-48fe-83b1-b5eb4fc1d73a,URGUPTM,154,sOTR_2,P,2026-04-20T00:00:00.000Z,-16.09744233378562
3862e5fc-a2f3-4f6c-ae89-fa1d88cba6b1,AKYEL-2,154,swTR-C,P,2026-04-20T00:00:00.000Z,-8.177518745739604
87a18967-ed24-4996-93ed-ff1c7f884d69,KARATAY,154,sOTR_3,P,2026-04-20T00:00:00.000Z,-11.99073394495413
d1c7f9a4-f4e0-4de9-bddb-b659c55f6c83,KARATAY,154,sOTR_4,P,2026-04-20T00:00:00.000Z,-11.990733944954126
6c629b49-bd8f-477b-86a5-ac2d1f157b6b,ANKARASA,154,KAZANDGK,P,2026-04-20T00:00:00.000Z,-20.14118286879674
6d0dd116-bcab-4573-a260-0c620ee468ba,SENDIRMK,154,OKSUTMDN,P,2026-04-20T00:00:00.000Z,-53.87531250000001
2eb76242-a671-4cc8-8ed4-e365a35fd558,ATAKALE,154,swTR-B,P,2026-04-19T23:59:00.000Z,-27.572939579090292
aea3006d-169c-41ce-8628-b0be975778ce,ATAKALE,154,swTR-A,P,2026-04-20T00:00:00.000Z,-28.734161575016977
b06c1431-90ac-43a5-9a83-918e1129f76e,KARATAY,154,swOTR1.2,P,2026-04-20T00:00:00.000Z,-22.70938364779874
8938cfb0-4332-4587-ade4-76d5f3af0a9c,UZAYOSB,154,SINCAN,P,2026-04-20T00:00:00.000Z,-21.576519337016574
e1de9eec-c369-49e0-8783-708f802fb767,HACILAR,154,ATAKALE,P,2026-04-20T00:00:00.000Z,-48.04445578231292
a2c8c9a2-7ce0-43dc-a0a0-caebca817caa,KUTUKLU,154,ORTAKOY,P,2026-04-20T00:00:00.000Z,-9.985837874659403
b3eb4f2b-93ef-488c-8be8-d9d914114fc0,ORTAKOY,154,TUMOSAN,P,2026-04-20T00:00:00.000Z,-20.041024590163932
3f09cdcd-adb8-493d-8ecf-21c89d3f5e91,KALABA,154,URGUP,P,2026-04-20T00:00:00.000Z,-19.367121034077552
d0437626-8af3-45ca-bd96-338268ae753b,URGUPTM,154,swOTR1.2,P,2026-04-20T00:00:00.000Z,-32.20005431093008
2bf5b4d7-820c-47a3-a5ef-2f3fbe91e59c,KARATAY,154,swOTR3.4,P,2026-04-20T00:00:00.000Z,-23.981349934469208
5da26dd9-6200-4b55-975e-1c88efc24e45,AKYURT,154,KALECIK,P,2026-04-19T23:55:00.000Z,-15.079218009478673
6daad511-95a3-42e8-bfe6-cb3141a2520b,OKSUTTM,154,YAHYARBE,P,2026-04-20T00:00:00.000Z,-61.733676731793956
c1a72474-0193-4b43-98b1-e01d46da9a29,BOZOKTM,154,sOTR_1,P,2026-04-20T00:00:00.000Z,-31.63634262406526
c85d819f-0237-465c-8d48-91cc0a3330ae,BOZOKTM,154,sOTR_2,P,2026-04-20T00:00:00.000Z,-31.63632222977566
00b3785a-fee0-46ff-b9fd-11f273011bc6,BALGAT,154,TEMELLI,P,2026-04-20T00:00:00.000Z,-24.186539768864716
1da9aa8d-a26c-482e-ad99-1ee9019c3fc3,KARATAY,154,KARAPINA,P,2026-04-20T00:00:00.000Z,-17.629109518935515
7f6fe720-6e2e-47b1-8f55-205c176462ad,ERCIYESR,154,CAMLICA1,P,2026-04-20T00:00:00.000Z,-40.25581521739131
648e94d0-0439-4493-92b4-c52b7c5f8146,TUMOSAN,154,AKSRYOSB,P,2026-04-20T00:00:00.000Z,-25.632396187882907
b7709e26-2dae-49b4-8856-279795e60d35,ESENBOGA,154,BAGLUM-2,P,2026-04-20T00:00:00.000Z,-28.623984962406016
d41c7fc4-ee3c-4b3f-ab17-f58793f47f0c,KARAMANR,154,swTR-A,P,2026-04-20T00:00:00.000Z,-20.690390025575446
ed482a3a-e4bd-4728-97f6-1d63f0e04f8c,AKYEL-1,154,KARAMANR,P,2026-04-20T00:00:00.000Z,-18.88840273037543
3b99f063-0071-455e-b035-1fa31c41e431,UMITKOY,154,BAGLICAG,P,2026-04-20T00:00:00.000Z,-18.68221694915254
7b85588b-9582-44a2-82ba-4cc71affcd03,URGUPTM,154,sOTR_4,P,2026-04-20T00:00:00.000Z,-18.27140625
a169258f-b846-454f-a6fb-aae7911578d9,URGUPTM,154,sOTR_3,P,2026-04-20T00:00:00.000Z,-18.273065941536366
7a16a290-8642-4911-8a79-a270d48e0dcc,DEL5,154,swTRB,P,2026-04-19T14:37:00.000Z,-6.83
eb67e5a2-4e7b-4ff6-bfd2-7272d4e79288,ARDICLI,154,swTRB,P,2026-04-20T00:00:00.000Z,-25.711944255608433
45655c46-2d9f-4a3b-9b0b-ee470a99b238,KAYSERI1,154,KAYSERI3,P,2026-04-20T00:00:00.000Z,-31.273199728260874
bffb2054-4b36-41dc-821c-be9477073204,KARMNBES,154,KARAMANO,P,2026-04-19T23:40:00.000Z,-32.82159763313609
0f545cf8-98a0-489c-9786-c1f8ee9e6c33,CAYIRHAN,154,KARGIHES,P,2026-04-20T00:00:00.000Z,-75.0601215805471
2e951cc7-2098-4a8f-8a07-039fdf4affe0,AKYEL-1,154,swTR-A,P,2026-04-20T00:00:00.000Z,-28.76787175989086
f87655d3-1c53-417d-9e63-ab529fd54ded,AKYEL-1,154,RGKTOP,P,2026-04-20T00:00:00.000Z,-28.766680299931835
cb556423-87f5-4bb7-891f-436e886f00f9,ARDICLI,154,swTRA,P,2026-04-20T00:00:00.000Z,-33.560095044127635
3f414930-c159-467a-b017-e2c8e0471e05,BAGLARRE,154,swTRA,P,2026-04-20T00:00:00.000Z,-37.64864498644987
aca9b6ac-ca71-42c3-90d9-571ede93478e,ATAKALE,154,RGKTOP,P,2026-04-20T00:00:00.000Z,-56.76336271186439
98739da5-5f69-41f0-bb89-99cd5cfda82d,YESILHIS,154,ERCIYESR,P,2026-04-20T00:00:00.000Z,-57.86050561797753
d84e984d-3784-4f61-8aeb-18843e081187,BASTAS,154,KAYAS,P,2026-04-20T00:00:00.000Z,-42.926800271739125
e0497c90-a4a4-4a98-9c2c-1702a0e87c3f,TALAS,154,KAYS_KP2,P,2026-04-20T00:00:00.000Z,-19.483826405867973
a6523df2-4845-4b71-8bed-6f0b1b8d76f9,BOROSB,154,G4_BOR-2,P,2026-04-20T00:00:00.000Z,-25.312447478991597
2a74ec7d-c294-48e8-8bb2-34454e557d95,CIHANBEY,154,ALTNEKIN,P,2026-04-20T00:00:00.000Z,-33.980163043478264
52008e65-2738-4721-b50f-720446565ae1,BAGLARRE,154,swTRB,P,2026-04-20T00:00:00.000Z,-37.303617886178856
faef8388-46f6-4766-b8e3-f52a72fbb795,TALAS,154,KAYS_KP1,P,2026-04-20T00:00:00.000Z,-21.21148325358851
ccb9020c-0ea5-4365-ad77-f7a021be2308,BOZOKTM,154,swOTR1.2,P,2026-04-20T00:00:00.000Z,-63.272658055744394
d92cd58d-fc73-4c20-8382-72c5ab718cce,YESILHIS,154,CAMLICA1,P,2026-04-20T00:00:00.000Z,-59.77090717299578
619d0180-93e6-4539-9fbd-a5cc3622966f,AKKOPGIS,154,SINCAN,P,2026-04-19T23:05:00.000Z,-21.136470588235298
11e03afc-3d75-4029-ac2c-bac2ab1782b7,KONYAKZY,154,KAYACIK,P,2026-04-20T00:00:00.000Z,-20.587752732240435
fafe93b5-c069-4096-8f97-566531fae4cb,ANKARASA,154,ANKAR2-1,P,2026-04-20T00:00:00.000Z,-30.62980298913044
ca0a8aa6-30e6-4a63-8fcc-65f1ea2fb522,TUZGOLGC,154,ESMEKAYA,P,2026-04-19T23:41:00.000Z,-15.823248677248671
c9d382d1-f8f3-4233-a1d6-76f72e1cdb6d,KIZILIRM,154,KIRSEHIR,P,2026-04-20T00:00:00.000Z,-46.491768707483
990f41c7-725f-4625-a1de-98c499d29d70,URGUPTM,154,swOTR3.4,P,2026-04-20T00:00:00.000Z,-36.549346938775514
bad5a267-7788-4854-b828-603bc8607cf8,ESENBOGA,154,BAGLUM-1,P,2026-04-20T00:00:00.000Z,-31.135411284840245
95c5530d-a2a4-40b8-9de4-e6990879c5ed,EMIRLER,154,KULU,P,2026-04-20T00:00:00.000Z,-54.81412654745529
3e5a9171-94d5-4bf2-8793-230ed4f8ff27,HASKOY,154,MAMAK,P,2026-04-20T00:00:00.000Z,-36.23139266304347
070b6362-ad41-46f2-9a99-bfab98091062,HADIM,154,KEPEZKAY,P,2026-04-19T23:58:00.000Z,-54.29509138381202
82012318-9b93-4e5c-9c29-d9607b83d26d,INCEK,154,TEMELLI,P,2026-04-19T23:59:00.000Z,-39.56283410138249
97adb5ba-13ad-4c3c-97cb-d02dd34d25cb,BOR,154,TOROSLAR,P,2026-04-20T00:00:00.000Z,-64.06873641304348
1ef7ac1f-566f-413e-a65f-d3ee8e9e6c54,ANKARA-2,154,KAZANDG,P,2026-04-20T00:00:00.000Z,-24.043353699932112
b7a9d149-1993-4ebd-9508-7db25f2729db,ARDICLI,154,RGKTOP,P,2026-04-20T00:00:00.000Z,-59.491740312712444
e04c4190-72ee-43ac-88a5-e27d2d866a9a,DERINKUY,154,YESILHIS,P,2026-04-20T00:00:00.000Z,-50.9016700610998
0e052abc-3508-4942-bfc6-a2257ca3472a,ALTINEKN,154,KONYAKZY,P,2026-04-20T00:00:00.000Z,-36.929456521739134
3c224e88-6952-4236-8700-5ba238495dd0,OVACIK,154,BAGLUM-1,P,2026-04-20T00:00:00.000Z,-31.99256528417819
183e24ee-2fc9-43cc-8279-e67d48880d04,KIRSEHIR,154,PETLAS,P,2026-04-20T00:00:00.000Z,-45.66834509803922
fb8cc1a3-8b89-4fac-a5b1-0e19aea734e0,GUNEYSNR,154,HADIM,P,2026-04-20T00:00:00.000Z,-57.81987066031315
874ebb8c-e3eb-4cd1-b512-c318ef8d1281,OVACIK,154,BAGLUM-2,P,2026-04-20T00:00:00.000Z,-32.68034743202417
74665387-d1c4-48aa-8324-df15ed35ff9d,TEKSINGE,154,AKYELRES,P,2026-04-20T00:00:00.000Z,-56.14379850238258
1b1ce649-2a80-4ae3-ab45-b50a8216a40d,KAYSER3,154,KAYSER2,P,2026-04-20T00:00:00.000Z,-39.49696125084977
d98c5c93-dc6c-499f-80ce-0ea0da341db6,BAGLARRE,154,ARDICLI,P,2026-04-19T23:50:00.000Z,-51.04571428571429
c326c55f-a7c8-43fa-b461-72004bef4045,KARAMANO,154,TEKSINGE,P,2026-04-20T00:00:00.000Z,-57.754478527607354
0108b0d5-c97a-4163-b8da-c57716f06a83,KAYSER3,154,CINKUR,P,2026-04-20T00:00:00.000Z,-61.96289687924017
3771a174-2d4e-4a07-9668-12d6bc262ebe,CUMRA,154,GUNEYSIN,P,2026-04-20T00:00:00.000Z,-53.793476482617585
6d9c2997-2dbb-4059-b0b0-4d78d77fc11c,KONYACIM,154,YAZIR,P,2026-04-20T00:00:00.000Z,-24.473601637107777
824b9bb1-d50a-43a9-8f22-dd4270331daf,BAGLARRE,154,RGKTOP,P,2026-04-20T00:00:00.000Z,-75.43188474576272
d76a8341-a4ee-460c-8012-7289e954a749,MERAMGIS,154,ALAKOVA,P,2026-04-20T00:00:00.000Z,-33.432530529172325
203725e2-8d63-4eaa-92cd-219c48583b6c,BALGAT,154,SINCAN,P,2026-04-20T00:00:00.000Z,-34.639762066621344
05e66a74-3d94-46e3-93fa-d1348f1fbecc,MUTLU5R,154,RGKTOP,P,2026-04-20T00:00:00.000Z,-67.6896875
dad4abd5-5634-48cc-ab0e-922c09a32004,MUTLU5R,154,swTRA,P,2026-04-20T00:00:00.000Z,-67.68462686567165
5a643cab-236e-4e34-8bf4-aae7948d1166,UMITKOY,154,TEMELLI2,P,2026-04-20T00:00:00.000Z,-54.15794297352342
132bae33-8983-44e8-a8d0-dc7746fb8c77,KARMNBES,154,swTRA,P,2026-04-20T00:00:00.000Z,-31.349371877230546
ff93e4c2-c041-40cd-8cd4-2256eb6dc83a,AKKOPGIS,154,MACUNKO2,P,2026-04-19T23:50:00.000Z,-31.49114882506527
afb04ab4-0d95-49c7-924d-6d37b7c3906f,AKKOPGIS,154,HASKOY,P,2026-04-19T23:07:00.000Z,-39.926
5c4a56b5-41e1-4693-a497-7a0b630dc09b,BUSAN,154,KARATAY,P,2026-04-20T00:00:00.000Z,-45.36541184479237
8a521155-6d5d-46ff-929f-81a7028da385,KAYSERI1,154,KAYSERI2,P,2026-04-20T00:00:00.000Z,-39.800899795501024
6278526d-951f-42ef-a5f6-3b5f7f3d196f,BALGAT,154,MALTEPE,P,2026-04-20T00:00:00.000Z,-50.02054310930075
40a46a78-d796-4360-98c8-f58cfa60bd36,OYAK1GES,154,SINCAN,P,2026-04-20T00:00:00.000Z,-65.62644429160936
ba422e9e-b552-4bb0-b874-5ced8f8c4030,TUMOSAN,154,BOROSB,P,2026-04-20T00:00:00.000Z,-45.70330842391304
31824126-11c6-4e15-a322-af89bb4b3a30,ERENKOY,154,SELCUKLU,P,2026-04-20T00:00:00.000Z,-44.75392784206944
6f98c2f9-6bbf-40ab-8510-40167a68e99c,KARAMAN,154,GEZENDE,P,2026-04-20T00:00:00.000Z,-45.16876702997275
2b0d7ddd-3706-4d89-a167-6753568da96e,SIZIR,154,SARKISLA,P,2026-04-20T00:00:00.000Z,-42.339843537414964
c7361b8b-f46b-489b-94fa-178974ca3f02,NIGDE,154,YESILHIS,P,2026-04-20T00:00:00.000Z,-65.51424304141209
f177430b-cd7b-4880-9614-d775a267cb01,KARAMAN,154,MUTRES,P,2026-04-20T00:00:00.000Z,-52.74698910081743
24edfdae-73c8-4a9c-b1c3-ac314a4dc0d4,TEMELLI,154,sOTR2,P,2026-04-20T00:00:00.000Z,-51.34658735554045
f90e1ecd-9e24-4e77-aa96-eac4a52b0c93,TEMELLI,154,sOTR1,P,2026-04-20T00:00:00.000Z,-51.345656016315424
8fea57ce-946c-447b-9dce-b1ca0baf4c04,ERKILET,154,KAYSERI2,P,2026-04-20T00:00:00.000Z,-51.639435757987755
a3d02a48-9657-4372-b6b5-0c1f4b45535a,KAZAN,154,KAZANDG,P,2026-04-20T00:00:00.000Z,-39.67761241970021
80d5594f-b9b2-4a5a-9dea-a0d0328ea88c,ERYAMAN,154,SINCAN,P,2026-04-20T00:00:00.000Z,-66.49609905020353
e161309a-e3a4-4d76-bb71-394082c792cb,ETI-SODA,154,BEYPAZAR,P,2026-04-20T00:00:00.000Z,-48.09885538039754
c5cbc7a4-96fe-4258-b2ac-e626d612a3c0,AKSRYOSB,154,DERINKUY,P,2026-04-20T00:00:00.000Z,-67.18879158180583
c06515d7-6141-45cb-85cf-11da62b9fe80,KAYSERI,154,SIZIR,P,2026-04-20T00:00:00.000Z,-59.20068660774982
44deb723-0e5e-466c-b21d-dd850af07751,BEYPAZAR,154,OYAK1GES,P,2026-04-20T00:00:00.000Z,-68.55646408839779
151f9a67-9196-4488-b063-eba4ea41bbc4,K.EREGLI,154,KARAMANB,P,2026-04-20T00:00:00.000Z,-64.5543635125936
d9533788-8fe1-4fbf-abcf-ff45ef4ca5e3,KAZANDG,154,swGTR2,P,2026-04-20T00:00:00.000Z,-40.04651020408164
17bed5dd-a29c-4df2-a549-dad0764400b0,ALAKOVA,154,KARATAY,P,2026-04-20T00:00:00.000Z,-61.42455782312926
29abcd2d-f1f7-492e-ae51-909fcf3eba98,KARATAY,154,CUMRA,P,2026-04-20T00:00:00.000Z,-97.32626778242677
6aacbfd4-c849-4e9b-b3f1-348a33ad56bd,KAYSERI2,154,KAPAS-H3,P,2026-04-20T00:00:00.000Z,-58.567839127471025
037b899d-594c-4207-80ec-723b5eb4b532,KAYSERI2,154,KAPAS-H1,P,2026-04-20T00:00:00.000Z,-59.447792119565214
893e64ae-e5ab-40b1-9b7e-455d31b94cc2,TEMELLI,154,sOTR4,P,2026-04-20T00:00:00.000Z,-65.72849864130436
f9ac5848-8282-4ac7-b93d-33be3f342641,TEMELLI,154,sOTR3,P,2026-04-20T00:00:00.000Z,-65.73573759347383
57fdc314-f966-4d9f-a269-de5388863215,CUMRA,154,DIANAGES,P,2026-04-20T00:00:00.000Z,-84.98566961250849
215afd26-360e-456a-b15f-1dbdde991b1c,KAYSERI2,154,KAPAS-H2,P,2026-04-20T00:00:00.000Z,-60.709380530973455
880116b4-4b01-43cf-a09b-286b6ebab445,BAGLICAG,154,SINCAN,P,2026-04-19T23:40:00.000Z,-56.54842105263157
41c6c2cb-64ea-42a6-94ed-f18c44cdc04d,DIANAGES,154,KARAMAN,P,2026-04-20T00:00:00.000Z,-87.69446001648805
8aa60543-031e-4279-b7a6-dd2110d2620e,UMITKOY,154,ANKARA2,P,2026-04-20T00:00:00.000Z,-55.85266621438263
0a12cbd9-b16d-4974-a486-6bae07996382,SELCUKLU,154,KONYAKZY,P,2026-04-20T00:00:00.000Z,-67.58383253914226
56a20782-c553-4afe-8448-25c7aa5d2053,MACUNKOY,154,BAGLUM1,P,2026-04-20T00:00:00.000Z,-59.634669843430906
c977bea4-20e5-4a41-9a75-5e61cae11209,MAMAK,154,KAYAS-3,P,2026-04-20T00:00:00.000Z,-59.219244897959186
7ed90811-ca99-498d-a02d-630ca4d984fd,YAZIR,154,KONYAKZY,P,2026-04-20T00:00:00.000Z,-62.460829931972796
1b77e196-18fa-46b1-be1d-d1ff3b0514a5,MACUNKOY,154,BAGLUM2,P,2026-04-20T00:00:00.000Z,-70.37401087695446
071d0d66-3fb1-468f-8390-7573636745a5,HASKOY,154,BAGLUM-1,P,2026-04-20T00:00:00.000Z,-72.4990788555478
a0822b11-39b7-49e5-9067-fedb20db1252,CAYIRHAN,154,swOTR_1,P,2026-04-20T00:00:00.000Z,-95.68538310412573
a4cab8a8-384a-45f2-bd73-cabd0499e8a0,KONYAKZY,154,BAGLARRS,P,2026-04-20T00:00:00.000Z,-112.52542974079128
11563972-9534-4183-8f5f-ba633d23b375,ANKARA-2,154,sOTR_3,P,2026-04-20T00:00:00.000Z,-81.35232858112697
abc4e632-af36-46f4-9e62-560039922e97,ANKARA-2,154,sOTR_4,P,2026-04-20T00:00:00.000Z,-81.35259334691108
ac436d98-714b-4eb7-a877-c3800e18f3c2,TEMELLI,154,swOTR1.2,P,2026-04-20T00:00:00.000Z,-102.69161114887832
1d630793-d2bd-4fba-bfc4-3d20509cf606,KAYSERI,154,sOTR_4,P,2026-04-20T00:00:00.000Z,-103.51278911564626
5e6bac62-25ff-4481-86f7-f2c715d6a25a,KAYSERI,154,sOTR_3,P,2026-04-20T00:00:00.000Z,-103.53456092579985
731283f3-8779-47ae-aa7e-712138d28634,BAGLUM,154,sOTR_4,P,2026-04-20T00:00:00.000Z,-91.95753052917233
9f071bb5-18df-4ed5-a16b-afb6ce647868,BAGLUM,154,sOTR_3,P,2026-04-20T00:00:00.000Z,-91.9426883910387
867043af-570d-43da-a48d-89a49f35f1fe,AKKOPGIS,154,KAYAS,P,2026-04-19T23:59:00.000Z,-91.52744623655916
396ab932-835c-4534-9117-ec600b4db61c,BAGLUM,154,sOTR_2,P,2026-04-20T00:00:00.000Z,-99.05099117447385
5dcd76f7-db5c-465f-b25a-7a0be8b72550,BAGLUM,154,sOTR_1,P,2026-04-20T00:00:00.000Z,-99.0339198369565
16b76a2c-5ba4-463c-8eb6-649374757232,YILDIZ,154,IMRAHOR,P,2026-04-20T00:00:00.000Z,-91.11430319510536
3bf2ad88-58ed-4018-ac79-61838aad49db,ANKARA-2,154,sOTR_2,P,2026-04-20T00:00:00.000Z,-101.07595658073271
673c05e8-722d-45d0-a16e-6d2a4a1ebdcf,ANKARA-2,154,sOTR_1,P,2026-04-20T00:00:00.000Z,-101.07595658073271
20080de2-ebe4-4d04-be77-48b394292077,IMRAH101,154,KAYAS-1,P,2026-04-20T00:00:00.000Z,-92.7602522154056
56cbe1e3-b6f0-416a-aac8-08924361f354,IMRAHOR,154,KAYAS-1,P,2026-04-20T00:00:00.000Z,-92.76057259713703
921de96a-fa4d-48f4-9bc9-9e518680ae55,KARATAY,380,K.PINARG,P,2026-04-20T00:00:00.000Z,-264.3947659063626
afadf5a2-364a-459e-8f9e-94bc2d1ae274,NALLIHAN,154,CAYIRHAN,P,2026-04-20T00:00:00.000Z,-113.8743245125348
85069447-93f1-46be-9bcf-55bd5d3ecbfc,IMRAHOR,154,KAYAS-2,P,2026-04-20T00:00:00.000Z,-114.69057901907358
9a367f0a-023b-4c47-923d-dd7804576458,IMRAH101,154,KAYAS-2,P,2026-04-20T00:00:00.000Z,-114.69067438692099
848f8cbc-806a-47be-b071-ba5af9cc7af3,MALTEPE,154,AKKOPRU,P,2026-04-20T00:00:00.000Z,-112.37279891304344
bde71065-9e13-4d6b-8510-d32c9e885479,TEMELLI,154,swOTR3.4,P,2026-04-20T00:00:00.000Z,-131.456875
0c7ac670-b3db-4a41-aea2-b5cbab38f81a,ANKARA-2,400,KIRIKKAL,P,2026-04-20T00:00:00.000Z,-151.56472146739128
6f40e0d8-9060-4ca3-bd44-5fefb1f4b90f,YESILHIS,380,KOZAN1,P,2026-04-20T00:00:00.000Z,-214.0606385869565
0daec74f-3a18-4364-bda9-db7b6437792d,KAYAS,154,sOTR_4,P,2026-04-19T23:59:00.000Z,-111.45867513611614
0dcb54d9-a7a9-40ee-8694-c2b911928071,KAYAS,154,sOTR_3,P,2026-04-19T23:59:00.000Z,-111.47399999999999
61a48f35-f77f-4191-8d6e-8d07e1fc9d01,KAYAS1TM,154,sOTR_3,P,2026-04-19T23:59:00.000Z,-111.89853773584905
ca60fee0-5f20-4056-b9d8-1f351d93173b,KAYAS1TM,154,sOTR_4,P,2026-04-19T23:59:00.000Z,-111.89853773584905
c00d01a1-2630-48f5-a318-4500a8befc6c,YESILHIS,380,KOZAN2,P,2026-04-20T00:00:00.000Z,-216.36712635869563
a9b190a5-a0a6-471d-8f93-051e2aced9a1,CAYIRHAN,380,swGTR_2,P,2026-04-20T00:00:00.000Z,-98.89492818671455
7ee64927-e03f-42a8-9b27-e2e543a9531b,KAYSERI,380,ELBISTAN,P,2026-04-20T00:00:00.000Z,-152.2955504587156
7e2637c9-bb09-45d3-9e0a-31367ef1f923,KAYAS,154,sOTR_1,P,2026-04-19T23:59:00.000Z,-116.52173333333336
8633a881-32af-40a2-9272-b0eade436be8,KAYAS,154,sOTR_2,P,2026-04-19T23:59:00.000Z,-116.52173333333337
5bd2e197-a403-4c2c-92ea-a0823bbe4d70,KAYAS1TM,154,sOTR_1,P,2026-04-19T23:59:00.000Z,-116.49535779816514
f2652f02-6290-4f9a-b63b-1ae49b81996e,KAYAS1TM,154,sOTR_2,P,2026-04-19T23:59:00.000Z,-116.49535779816514
32000831-f18d-4fac-934d-b83d58e3a9f7,KONYAKZY,380,KARATAY,P,2026-04-20T00:00:00.000Z,-221.8963086335826
39501565-2110-4fdc-a592-4c6d7877ff73,ANKARA-2,154,swOTR3.4,P,2026-04-20T00:00:00.000Z,-162.7059972862958
42b84995-543a-4c25-93c0-078d4006bebf,KAYAS,380,KIRIKDG1,P,2026-04-19T23:59:00.000Z,-179.87147268408552
97a9bf21-cc7c-4eee-b9a5-e6b90df17af2,KAYAS1TM,380,KIRIKDG1,P,2026-04-19T23:59:00.000Z,-175.8595238095238
9248e1dd-5ee5-46f7-b5c8-0902db5acdab,KAYAS1TM,380,KIRIKDG2,P,2026-04-20T00:00:00.000Z,-181.24736842105264
b176765a-2d77-41ba-a6dc-04b60c2872ce,KAYAS,380,KIRIKDG2,P,2026-04-20T00:00:00.000Z,-183.363233256351
54a5bb76-a643-43c2-99cb-38b9f9965171,KAYSERI,154,swOTR3.4,P,2026-04-20T00:00:00.000Z,-206.98051665533652
52248945-9685-4c26-a1a1-66c63f020719,BAGLUM,154,swOTR3.4,P,2026-04-20T00:00:00.000Z,-183.94276306856756
f8367f77-a5d2-40af-95ed-fe519c655c96,CAYIRHAN,380,swGTR_4,P,2026-04-19T23:58:00.000Z,-137.0461295971979
c1422600-10b8-4e65-a924-d6e856516864,ANKARA-2,154,swOTR1.2,P,2026-04-20T00:00:00.000Z,-202.12885345997285
32510f50-b623-4e0d-874e-dbfb4a8461b8,KAYAS,154,swOTR3.4,P,2026-04-19T23:59:00.000Z,-223.72357933579337
b3e5c3c5-a995-4679-840f-59d50437d428,KAYAS1TM,154,swOTR3.4,P,2026-04-19T23:59:00.000Z,-223.79724056603774
4978ac31-8673-425a-910a-eff223443523,KAZANDG,154,swGTR1,P,2026-04-20T00:00:00.000Z,-191.75187202178353
1b491843-61a4-4e98-bfea-b49ee73b8a28,KAYAS,154,swOTR1.2,P,2026-04-19T23:59:00.000Z,-233.51470149253737
5e088af4-9dc2-4f41-b4d8-935961fa0f09,KAYAS1TM,154,swOTR1.2,P,2026-04-19T23:59:00.000Z,-232.9898715596331
3f84fa61-8f12-4fde-9d8f-b27ca57b56e9,KAZANDG,154,RGKTOP,P,2026-04-20T00:00:00.000Z,-231.8971942934783
fb82c106-3d46-4314-a393-c60cd3687e75,BOZOKTM,380,RESADIYE,P,2026-04-20T00:00:00.000Z,-408.6831917808219
a6aed9fc-6229-442d-a889-d54fd4dd54d9,YESILHIS,380,TUFANTES,P,2026-04-20T00:00:00.000Z,-377.09612508497617
314adf7b-ddbb-400b-bd3a-3e3ddf293f57,CAYIRHAN,380,RGKTOP,P,2026-04-20T00:00:00.000Z,-391.68243262411346
a07864c8-8935-40b4-8c07-db0ef1507d96,CAYIRHAN,380,ANKARA-2,P,2026-04-20T00:00:00.000Z,-515.8957947976879
1665f084-81de-418c-ad22-29708aac5433,BAGLUM,380,KAYABASI,P,2026-04-20T00:00:00.000Z,-559.4919221604448
e2ea0920-f2ad-45eb-aadd-b70d1168cfe0,YESILHIS,380,GOKSUNK,P,2026-04-20T00:00:00.000Z,-478.8201835486064
a95265e7-80a2-43c1-b730-136b67d3aa6f,YESILHIS,380,GOKSUNG,P,2026-04-20T00:00:00.000Z,-486.5766327223354
95963c3b-0f13-48c2-a368-0d045d37d93a,ANKARA-2,400,GOLBASI,P,2026-04-20T00:00:00.000Z,-517.6376047024247
76eca8a5-2dc0-46a9-9bcb-61a2fb383b0d,KAYSERI,380,KEBAN-2K,P,2026-04-20T00:00:00.000Z,-558.7466240157481
13210e6a-a236-4a5e-a7ce-e7863946aa41,ANKARA-2,400,URGUP1,P,2026-04-20T00:00:00.000Z,-598.7365175498968
fb4a00fe-b41a-4323-bcb5-24e48bdabf83,ANKARA-2,400,URGUP2,P,2026-04-20T00:00:00.000Z,-585.4439431739432
0c5f0c91-d279-48b4-9fce-16babd4b30ae,URGUPTM,400,ELBISTAN,P,2026-04-20T00:00:00.000Z,-619.7200681663259
f5795324-3d9a-4d05-bd5e-1abd8ee2d807,URGUPTM,400,COBANBEY,P,2026-04-20T00:00:00.000Z,-684.4198294679398
a8c26e66-c04f-48b6-8b10-5f032b1ac190,YUNUSEMR,380,TEMELLI,P,2026-04-20T00:00:00.000Z,-691.5155
6a3bb442-e105-48ff-812e-3137afbc41c4,TEMELLI,380,YESILH-K,P,2026-04-20T00:00:00.000Z,-765.9031535836178
eed09e0b-4cc9-4f8f-88df-37331c436282,TEMELLI,380,YESILH-G,P,2026-04-20T00:00:00.000Z,-767.2589319727892
