"Hat ID";"Hat Adi";"YTM";"kV";"Baslangic TM";"Bitis TM";"SCADA ID";"Durum";"Neden";"Kaynak Zaman";"Aktif Guc (MW)";"Yuklenme (%)";"Kapasite (MVA)";"Stale Durumu";"Kaynak TM";"Kaynak Uzak Uc"
"4200";"154kV BALGAT - ÇİĞDEM EİH";"Orta Anadolu YTM";"154";"BALGAT";"ÇİĞDEM";"da272915-d3df-4987-ad7c-fce319a2b88e";"matched-live";"Kaynak satir tekil olarak hatta eslesti.";"20.04.2026 00:39:00";"-25,02";"10,01";"250";"live";"CIGDEM";"BALGAT"
"4221";"154kV NİĞDE - NİĞDE ÇİMSA EİH";"Orta Anadolu YTM";"154";"NİĞDE";"NİĞDE ÇİMSA";"30728d8e-19d0-4780-b549-c9179796476a";"matched-live";"Kaynak satir tekil olarak hatta eslesti.";"20.04.2026 00:39:00";"-9,32";"2,74";"340";"live";"NIGDECIM";"NIGDETM"
"4243";"154kV POLATLI - DDY KOCAHACILI EİH";"Orta Anadolu YTM";"154";"POLATLI";"DDY KOCAHACILI";"6fb1efd1-3862-425f-9618-1c50db2a6d6a";"matched-live";"Kaynak satir tekil olarak hatta eslesti.";"20.04.2026 00:39:00";"-30,85";"9,07";"340";"live";"POLATLI";"DDYKOCAH"
"4293";"154kV KAYSERİ3 - KAYSERİ1 EİH";"Orta Anadolu YTM";"154";"KAYSERİ3";"KAYSERİ1";"68111e02-ae43-4b3b-bf01-9dfe3bb206d6";"matched-live";"Kaynak satir tekil olarak hatta eslesti.";"20.04.2026 00:39:00";"32,78";"13,11";"250";"live";"KAYSER3";"KAYSERI1"
"4294";"154kV KAYSERİ2 - KAYSERİ1 EİH";"Orta Anadolu YTM";"154";"KAYSERİ2";"KAYSERİ1";"b8b2be55-ef3e-4d03-81cf-23f1c1c8b5ce";"matched-live";"Kaynak satir tekil olarak hatta eslesti.";"20.04.2026 00:39:00";"40,46";"22,48";"180";"live";"KAYSERI2";"KAYSERI1"
"4295";"400kV KIRIKKALE DGKÇ - KAYABAŞI EİH";"Orta Anadolu YTM / Orta Karadeniz YTM";"400";"KIRIKKALE DGKÇ";"KAYABAŞI";"771b84d0-2a37-49a1-9627-2643eb56eff6";"matched-stale";"Kaynak satir bulundu ancak veri stale durumunda.";"20.04.2026 00:38:00";"-312,05";"11,87";"2630";"warn";"KIRIKDG";"KAYABASI"
"4297";"154kV TÜMOSAN - ORTAKÖY EİH";"Orta Anadolu YTM";"154";"TÜMOSAN";"ORTAKÖY";"96ed450d-a88a-4e1e-9ad1-fdca024853e4";"matched-live";"Kaynak satir tekil olarak hatta eslesti.";"20.04.2026 00:39:00";"23,00";"6,76";"340";"live";"TUMOSAN";"ORTAKOY"
"4317";"154kV BAĞLUM - MACUNKÖY - I EİH";"Orta Anadolu YTM";"154";"BAĞLUM";"MACUNKÖY";"56a20782-c553-4afe-8448-25c7aa5d2053";"matched-live";"Kaynak satir tekil olarak hatta eslesti.";"20.04.2026 00:39:00";"-59,65";"17,54";"340";"live";"MACUNKOY";"BAGLUM1"
"4318";"154kV BAĞLUM - OVACIK - I EİH";"Orta Anadolu YTM";"154";"BAĞLUM";"OVACIK";"3c224e88-6952-4236-8700-5ba238495dd0";"matched-live";"Kaynak satir tekil olarak hatta eslesti.";"20.04.2026 00:39:00";"-31,98";"9,41";"340";"live";"OVACIK";"BAGLUM-1"
"4320";"154kV BAĞLUM - OVACIK - II EİH";"Orta Anadolu YTM";"154";"BAĞLUM";"OVACIK";"874ebb8c-e3eb-4cd1-b512-c318ef8d1281";"matched-live";"Kaynak satir tekil olarak hatta eslesti.";"20.04.2026 00:39:00";"-32,65";"9,60";"340";"live";"OVACIK";"BAGLUM-2"
"4321";"154kV ESENBOĞA - AKYURT EİH";"Orta Anadolu YTM";"154";"ESENBOĞA";"AKYURT";"129be331-395d-4b83-a2e9-0832fdee5b0a";"matched-live";"Kaynak satir tekil olarak hatta eslesti.";"20.04.2026 00:39:00";"8,76";"3,50";"250";"live";"ESENBOGA";"AKYURT"
"4322";"154kV KALECİK - AKYURT EİH";"Orta Anadolu YTM";"154";"KALECİK";"AKYURT";"42c17057-c20a-4a39-ba79-c7e12fb1866f";"matched-stale";"Kaynak satir bulundu ancak veri stale durumunda.";"20.04.2026 00:38:00";"14,87";"5,95";"250";"warn";"KALECIK";"AKYURT"
"4357";"154kV KIRŞEHİR - YERKÖY EİH";"Orta Anadolu YTM";"154";"KIRŞEHİR";"YERKÖY";"beba1faa-d52b-48ef-82ce-b394e23b63cb";"matched-live";"Kaynak satir tekil olarak hatta eslesti.";"20.04.2026 00:39:00";"26,84";"14,91";"180";"live";"YERKOY";"KIRSEHIR"
"4358";"154kV YİBİTAŞ - YERKÖY EİH";"Orta Anadolu YTM";"154";"YİBİTAŞ";"YERKÖY";"4bdf1924-361d-4626-9611-ca4305d49cce";"matched-live";"Kaynak satir tekil olarak hatta eslesti.";"20.04.2026 00:39:00";"33,59";"18,66";"180";"live";"YIBITAS";"YERKOY"
"4365";"154kV KAYSERİ KAPASİTÖR - TALAS - I EİH";"Orta Anadolu YTM";"154";"KAYSERİ KAPASİTÖR";"TALAS";"faef8388-46f6-4766-b8e3-f52a72fbb795";"matched-live";"Kaynak satir tekil olarak hatta eslesti.";"20.04.2026 00:39:00";"-21,15";"6,22";"340";"live";"TALAS";"KAYS_KP1"
"4366";"154kV KAYSERİ KAPASİTÖR - TALAS - II EİH";"Orta Anadolu YTM";"154";"KAYSERİ KAPASİTÖR";"TALAS";"e0497c90-a4a4-4a98-9c2c-1702a0e87c3f";"matched-live";"Kaynak satir tekil olarak hatta eslesti.";"20.04.2026 00:39:00";"-19,50";"5,74";"340";"live";"TALAS";"KAYS_KP2"
"4424";"154kV KAYSERİ3 - ERKİLET EİH";"Orta Anadolu YTM";"154";"KAYSERİ3";"ERKİLET";"cd3a08e8-6aaa-443d-91fa-aabc9a78fd6c";"matched-live";"Kaynak satir tekil olarak hatta eslesti.";"20.04.2026 00:39:00";"-14,81";"5,92";"250";"live";"KAYSER3";"ERKILET"
"4425";"154kV KAYSERİ2 - ERKİLET EİH";"Orta Anadolu YTM";"154";"KAYSERİ2";"ERKİLET";"8742a840-5e81-4cde-a96f-909dfc3f0b41";"matched-live";"Kaynak satir tekil olarak hatta eslesti.";"20.04.2026 00:39:00";"53,54";"21,42";"250";"live";"KAYSERI2";"ERKILET"
"4446";"154kV HACILAR - KIRIKKALE EİH";"Orta Anadolu YTM";"154";"HACILAR";"KIRIKKALE";"ce636122-c576-481d-8e7b-b193a846e1c8";"matched-live";"Kaynak satir tekil olarak hatta eslesti.";"20.04.2026 00:39:00";"-33,70";"13,48";"250";"live";"KIRIKKAL";"HACILAR"
"4447";"154kV HACILAR - KIRDEMİR EİH";"Orta Anadolu YTM";"154";"HACILAR";"KIRDEMİR";"ec3f61c7-6cb2-469c-ad0a-5a34e37dd907";"matched-live";"Kaynak satir tekil olarak hatta eslesti.";"20.04.2026 00:39:00";"-11,24";"1,68";"670";"live";"KIRDEMIR";"HACILAR"
"4468";"400kV GÖLBAŞI - İÇ ANADOLU DGKÇ EİH";"Orta Anadolu YTM";"400";"GÖLBAŞI";"İÇ ANADOLU DGKÇ";"6d272e1f-3b34-49c7-961c-d2a18eff136f";"matched-live";"Kaynak satir tekil olarak hatta eslesti.";"20.04.2026 00:39:00";"140,97";"5,36";"2630";"live";"ICANADOL";"GOLBASI"
"4469";"400kV GÖKÇEKAYA HES - GÖLBAŞI EİH";"Orta Anadolu YTM";"400";"GÖKÇEKAYA HES";"GÖLBAŞI";"312b6d76-8e96-44e9-98e9-986a3b495d62";"matched-live";"Kaynak satir tekil olarak hatta eslesti.";"20.04.2026 00:39:00";"537,70";"37,34";"1440";"live";"GOLBASI";"G.KAYA-1"
"4470";"400kV SİNCAN - TEMELLİ EİH";"Orta Anadolu YTM";"400";"SİNCAN";"TEMELLİ";"ddcd0f8c-c0df-48cb-b925-7c9366aee45b";"matched-live";"Kaynak satir tekil olarak hatta eslesti.";"20.04.2026 00:39:00";"-315,66";"12,00";"2630";"live";"TEMELLI";"SINCAN"
"4471";"154kV ÇAYIRHAN TES - KARGI HES EİH";"Orta Anadolu YTM";"154";"ÇAYIRHAN TES";"KARGI HES";"e8f68226-3b4a-4ecb-96d2-98d631ace25a";"matched-stale";"Kaynak satir bulundu ancak veri stale durumunda.";"20.04.2026 00:35:00";"59,68";"17,55";"340";"dead";"KARGIHS";"CAYIRHAN"
"4492";"400kV YEŞİLHİSAR - KOZAN HAVZA - I EİH";"Orta Anadolu YTM / Doğu Akdeniz YTM";"400";"YEŞİLHİSAR";"KOZAN HAVZA";"6f40e0d8-9060-4ca3-bd44-5fefb1f4b90f";"matched-live";"Kaynak satir tekil olarak hatta eslesti.";"20.04.2026 00:39:00";"-216,37";"8,23";"2630";"live";"YESILHIS";"KOZAN1"
"4493";"154kV YAZIR - KONYA ÇİMENTO EİH";"Orta Anadolu YTM";"154";"YAZIR";"KONYA ÇİMENTO";"6cf3554d-b0cd-42d5-86f6-cd05d8373526";"matched-live";"Kaynak satir tekil olarak hatta eslesti.";"20.04.2026 00:39:00";"25,30";"7,03";"360";"live";"YAZIR";"KONYACIM"
"4495";"154kV SİNCAN - ANKARA SANAYİ EİH";"Orta Anadolu YTM";"154";"SİNCAN";"ANKARA SANAYİ";"2010557e-bfd7-4678-91be-b6f43d00b9da";"matched-live";"Kaynak satir tekil olarak hatta eslesti.";"20.04.2026 00:39:00";"35,12";"10,33";"340";"live";"ANKARA-2";"ANK-SAN"
"4496";"154kV SİNCAN - KAZAN DGKÇ EİH";"Orta Anadolu YTM";"154";"SİNCAN";"KAZAN DGKÇ";"1ef7ac1f-566f-413e-a65f-d3ee8e9e6c54";"matched-live";"Kaynak satir tekil olarak hatta eslesti.";"20.04.2026 00:39:00";"-24,14";"7,10";"340";"live";"ANKARA-2";"KAZANDG"
"4497";"154kV ANKARA SANAYİ - KAZAN DGKÇ EİH";"Orta Anadolu YTM";"154";"ANKARA SANAYİ";"KAZAN DGKÇ";"d6561edc-4303-4929-b0c3-c2ec8632112e";"matched-live";"Kaynak satir tekil olarak hatta eslesti.";"20.04.2026 00:39:00";"29,46";"8,67";"340";"live";"KAZANDG";"SANAYITM"
"4521";"154kV BOR - BOR OSB EİH";"Orta Anadolu YTM";"154";"BOR";"BOR OSB";"7626a510-3d75-49d7-82cc-d3acef11199c";"matched-live";"Kaynak satir tekil olarak hatta eslesti.";"20.04.2026 00:39:00";"-40,11";"11,80";"340";"live";"BOROSB";"BOR"
"4522";"154kV TÜMOSAN - BOR OSB EİH";"Orta Anadolu YTM";"154";"TÜMOSAN";"BOR OSB";"ba422e9e-b552-4bb0-b874-5ced8f8c4030";"matched-live";"Kaynak satir tekil olarak hatta eslesti.";"20.04.2026 00:39:00";"-45,94";"25,52";"180";"live";"TUMOSAN";"BOROSB"
"4524";"154kV YAHYALI BAK RES - AKSU RES EİH";"Orta Anadolu YTM";"154";"YAHYALI BAK RES";"AKSU RES";"febc2bc3-6156-444b-a47a-7743788a6249";"matched-live";"Kaynak satir tekil olarak hatta eslesti.";"20.04.2026 00:39:00";"19,09";"5,62";"340";"live";"YAHYALBE";"AKSURES"
"4526";"154kV YAHYALI BAK RES - KURTKAYASI RES EİH";"Orta Anadolu YTM";"154";"YAHYALI BAK RES";"KURTKAYASI RES";"ff675594-1fcb-4c83-a0e8-7889ac039586";"matched-live";"Kaynak satir tekil olarak hatta eslesti.";"20.04.2026 00:39:00";"-19,93";"5,86";"340";"live";"YAHYALBE";"KURTKAYA"
"4536";"154kV PINARBAŞI - ELBİSTAN TES EİH";"Orta Anadolu YTM / Güney Doğu Anadolu YTM";"154";"PINARBAŞI";"ELBİSTAN TES";"ca383e05-1f22-4bde-ab1a-6887cc98d3c0";"matched-live";"Kaynak satir tekil olarak hatta eslesti.";"20.04.2026 00:39:00";"-0,28";"0,11";"250";"live";"PINARBAS";"ELBIST-A"
"4537";"154kV ŞARKIŞLA - PINARBAŞI EİH";"Orta Anadolu YTM";"154";"ŞARKIŞLA";"PINARBAŞI";"992b337a-fe4d-4886-9fd9-b23f07d7dfdb";"matched-live";"Kaynak satir tekil olarak hatta eslesti.";"20.04.2026 00:39:00";"-6,39";"2,55";"250";"live";"SARKISLA";"PINARBAS"
"4599";"400kV BAĞLUM - KURŞUNLU - I EİH";"Orta Anadolu YTM / Orta Karadeniz YTM";"400";"BAĞLUM";"KURŞUNLU";"b9adedf9-cdc5-4289-ab71-bbc0b9d72aab";"matched-live";"Kaynak satir tekil olarak hatta eslesti.";"20.04.2026 00:39:00";"-36,75";"1,40";"2630";"live";"BAGLUM";"KURSUNL1"
"4600";"400kV BAĞLUM - KURŞUNLU - II EİH";"Orta Anadolu YTM / Orta Karadeniz YTM";"400";"BAĞLUM";"KURŞUNLU";"4df527b9-7a36-4c56-b03c-97009670b795";"matched-live";"Kaynak satir tekil olarak hatta eslesti.";"20.04.2026 00:39:00";"-22,55";"0,86";"2630";"live";"BAGLUM";"KURSUNL2"
"4601";"400kV SİNCAN - KIRIKKALE DGKÇ EİH";"Orta Anadolu YTM";"400";"SİNCAN";"KIRIKKALE DGKÇ";"0c7ac670-b3db-4a41-aea2-b5cbab38f81a";"matched-live";"Kaynak satir tekil olarak hatta eslesti.";"20.04.2026 00:39:00";"-152,50";"5,80";"2630";"live";"ANKARA-2";"KIRIKKAL"
"4605";"400kV KIRIKKALE DGKÇ - İÇ ANADOLU DGKÇ EİH";"Orta Anadolu YTM";"400";"KIRIKKALE DGKÇ";"İÇ ANADOLU DGKÇ";"c9de1f4e-13bc-4dca-90d5-a6cb5891419e";"matched-stale";"Kaynak satir bulundu ancak veri stale durumunda.";"20.04.2026 00:37:00";"-205,61";"7,82";"2630";"dead";"KIRIKDG";"ICANADOL"
"4637";"400kV GÖLBAŞI - KAYAŞ EİH";"Orta Anadolu YTM";"400";"GÖLBAŞI";"KAYAŞ";"89958ea6-dd7a-4c28-bf0c-dbbf9a6baec8";"matched-live";"Kaynak satir tekil olarak hatta eslesti.";"20.04.2026 00:39:00";"-73,44";"2,79";"2630";"live";"KAYAS";"GOLBASI1"
"4638";"154kV BAŞTAŞ - KAYAŞ EİH";"Orta Anadolu YTM";"154";"BAŞTAŞ";"KAYAŞ";"1df77157-6f24-4ab4-8cfc-a9a6a2efdec4";"matched-live";"Kaynak satir tekil olarak hatta eslesti.";"20.04.2026 00:39:00";"44,52";"17,81";"250";"live";"KAYAS";"BASTAS"
"4639";"154kV ÇİMPOR - KAYAŞ EİH";"Orta Anadolu YTM";"154";"ÇİMPOR";"KAYAŞ";"809a2c78-fcb7-4044-a0a3-fa8b664222c3";"matched-live";"Kaynak satir tekil olarak hatta eslesti.";"20.04.2026 00:39:00";"16,02";"6,41";"250";"live";"KAYAS";"CIMPOR"
"4641";"154kV MAMAK - KAYAŞ - II EİH";"Orta Anadolu YTM";"154";"MAMAK";"KAYAŞ";"7b5f9c93-71dd-4f59-a859-b1977221740e";"matched-stale";"Kaynak satir bulundu ancak veri stale durumunda.";"20.04.2026 00:14:00";"0,00";"0,00";"250";"dead";"MAMAK";"KAYAS-2"
"4642";"154kV İMRAHOR - KAYAŞ - I EİH";"Orta Anadolu YTM";"154";"İMRAHOR";"KAYAŞ";"6f8cded7-5c7f-42f6-a067-0a0c4f220a26";"matched-live";"Kaynak satir tekil olarak hatta eslesti.";"20.04.2026 00:39:00";"92,84";"37,14";"250";"live";"KAYAS";"IMRAHOR1"
"4643";"154kV İMRAHOR - KAYAŞ - II EİH";"Orta Anadolu YTM";"154";"İMRAHOR";"KAYAŞ";"e654cf77-35bb-4023-9f83-db65e354ba69";"matched-live";"Kaynak satir tekil olarak hatta eslesti.";"20.04.2026 00:39:00";"119,82";"47,93";"250";"live";"KAYAS";"IMRAHOR2"
"4648";"400kV KIRIKKALE DGKÇ - KAYAŞ - I EİH";"Orta Anadolu YTM";"400";"KIRIKKALE DGKÇ";"KAYAŞ";"32f0ead6-3ffc-423e-8b8a-7d2774429f38";"matched-live";"Kaynak satir tekil olarak hatta eslesti.";"20.04.2026 00:39:00";"187,73";"7,14";"2630";"live";"KIRIKDG";"KAYAS-1"
"4649";"400kV KIRIKKALE DGKÇ - KAYAŞ - II EİH";"Orta Anadolu YTM";"400";"KIRIKKALE DGKÇ";"KAYAŞ";"809e5f03-d036-4c57-8743-af8e3fb4bcf5";"matched-stale";"Kaynak satir bulundu ancak veri stale durumunda.";"20.04.2026 00:38:00";"190,48";"7,24";"2630";"warn";"KIRIKDG";"KAYAS-2"
"4653";"154kV TEMELLİ - POLATLI EİH";"Orta Anadolu YTM";"154";"TEMELLİ";"POLATLI";"2ce004bc-298b-4d77-a278-6679a0ea802d";"matched-live";"Kaynak satir tekil olarak hatta eslesti.";"20.04.2026 00:39:00";"13,88";"4,08";"340";"live";"TEMELLI";"POLATLI1"
"4654";"154kV TEMELLİ - POLATLI ÇİMENTO EİH";"Orta Anadolu YTM";"154";"TEMELLİ";"POLATLI ÇİMENTO";"f5908a54-7ee8-426f-bbd2-e249bb0e1dd0";"matched-live";"Kaynak satir tekil olarak hatta eslesti.";"20.04.2026 00:39:00";"10,84";"3,19";"340";"live";"TEMELLI";"POLATCMT"
"4655";"154kV POLATLI - POLATLI ÇİMENTO EİH";"Orta Anadolu YTM";"154";"POLATLI";"POLATLI ÇİMENTO";"9ade1822-a6d8-49ef-a25c-c723bc9231fd";"matched-live";"Kaynak satir tekil olarak hatta eslesti.";"20.04.2026 00:39:00";"-3,69";"1,09";"340";"live";"POLATCMT";"POLATLI"
"4687";"400kV YEŞİLHİSAR - KOZAN HAVZA - II EİH";"Orta Anadolu YTM / Doğu Akdeniz YTM";"400";"YEŞİLHİSAR";"KOZAN HAVZA";"c00d01a1-2630-48f5-a318-4500a8befc6c";"matched-live";"Kaynak satir tekil olarak hatta eslesti.";"20.04.2026 00:39:00";"-218,65";"8,31";"2630";"live";"YESILHIS";"KOZAN2"
"4740";"154kV BÜSAN - KARATAY EİH";"Orta Anadolu YTM";"154";"BÜSAN";"KARATAY";"ad33e263-6009-47ae-b850-20ae108be5e7";"matched-live";"Kaynak satir tekil olarak hatta eslesti.";"20.04.2026 00:39:00";"45,63";"13,42";"340";"live";"KARATAY";"BUSAN"
"4834";"154kV CİHANBEYLİ - ALTINEKİN EİH";"Orta Anadolu YTM";"154";"CİHANBEYLİ";"ALTINEKİN";"2a74ec7d-c294-48e8-8bb2-34454e557d95";"matched-live";"Kaynak satir tekil olarak hatta eslesti.";"20.04.2026 00:39:00";"-33,65";"9,90";"340";"live";"CIHANBEY";"ALTNEKIN"
"4838";"154kV BÜSAN - KONYA OSB - I EİH";"Orta Anadolu YTM";"154";"BÜSAN";"KONYA OSB";"6d5221de-194f-4b76-aaa2-644743ada0e1";"matched-live";"Kaynak satir tekil olarak hatta eslesti.";"20.04.2026 00:39:00";"-7,77";"2,29";"340";"live";"KONYAOSB";"BUSAN1"
"4839";"154kV BÜSAN - KONYA OSB - II EİH";"Orta Anadolu YTM";"154";"BÜSAN";"KONYA OSB";"7c48d582-ba36-45df-9ad6-0402551153a5";"matched-live";"Kaynak satir tekil olarak hatta eslesti.";"20.04.2026 00:39:00";"-7,66";"2,25";"340";"live";"KONYAOSB";"BUSAN2"
"4840";"154kV KAYACIK - BAĞLAR RES EİH";"Orta Anadolu YTM";"154";"KAYACIK";"BAĞLAR RES";"fb827e66-f30e-4ef6-90b6-a28891a8e5a4";"matched-stale";"Kaynak satir bulundu ancak veri stale durumunda.";"20.04.2026 00:35:00";"-21,06";"6,19";"340";"dead";"KAYACIK";"BAGLAR"
"4841";"154kV BAĞLAR RES - ARDIÇLI RES EİH";"Orta Anadolu YTM";"154";"BAĞLAR RES";"ARDIÇLI RES";"d98c5c93-dc6c-499f-80ce-0ea0da341db6";"matched-live";"Kaynak satir tekil olarak hatta eslesti.";"20.04.2026 00:50:00";"-51,05";"15,01";"340";"live";"BAGLARRE";"ARDICLI"
"4909";"154kV NEVŞEHİR - AVANOS2 EİH";"Orta Anadolu YTM";"154";"NEVŞEHİR";"AVANOS2";"9785c3ad-899e-4ffc-9226-968fc41d14ad";"matched-live";"Kaynak satir tekil olarak hatta eslesti.";"20.04.2026 00:39:00";"-14,31";"5,72";"250";"live";"NEVSEHIR";"AVANOS-2"
"4921";"154kV KAZAN - KAZAN DGKÇ EİH";"Orta Anadolu YTM";"154";"KAZAN";"KAZAN DGKÇ";"688ec87b-611a-48af-944e-fcecc71d21ce";"matched-live";"Kaynak satir tekil olarak hatta eslesti.";"20.04.2026 00:39:00";"38,72";"11,39";"340";"live";"KAZANDG";"KAZANTM"
"4957";"154kV YAYSUN GES - EREĞLİ KONYA EİH";"Orta Anadolu YTM";"154";"YAYSUN GES";"EREĞLİ KONYA";"793992b6-a182-4b67-9b44-6bf8d8e1d119";"matched-live";"Kaynak satir tekil olarak hatta eslesti.";"20.04.2026 00:39:00";"-13,91";"4,09";"340";"live";"YAYSUNGE";"EREGLI"
"5004";"154kV KARATAY - KARAPINAR EİH";"Orta Anadolu YTM";"154";"KARATAY";"KARAPINAR";"1da9aa8d-a26c-482e-ad99-1ee9019c3fc3";"matched-live";"Kaynak satir tekil olarak hatta eslesti.";"20.04.2026 00:39:00";"-18,21";"6,50";"280";"live";"KARATAY";"KARAPINA"
"5046";"154kV EŞMEKAYA - TÜMOSAN EİH";"Orta Anadolu YTM";"154";"EŞMEKAYA";"TÜMOSAN";"c948f4c5-c81f-47fc-bbc3-0f64f9862833";"matched-live";"Kaynak satir tekil olarak hatta eslesti.";"20.04.2026 00:39:00";"10,06";"2,96";"340";"live";"TUMOSAN";"ESMEKAYA"
"5047";"154kV EŞMEKAYA - KIZÖREN EİH";"Orta Anadolu YTM";"154";"EŞMEKAYA";"KIZÖREN";"188b89bc-fbf4-410f-a4e5-ce99f2b21392";"matched-live";"Kaynak satir tekil olarak hatta eslesti.";"20.04.2026 00:39:00";"17,32";"5,09";"340";"live";"KIZOREN";"ESMEKAYA"
"5067";"400kV GÖLBAŞI - SİNCAN EİH";"Orta Anadolu YTM";"400";"GÖLBAŞI";"SİNCAN";"95963c3b-0f13-48c2-a368-0d045d37d93a";"matched-live";"Kaynak satir tekil olarak hatta eslesti.";"20.04.2026 00:39:00";"-518,72";"19,72";"2630";"live";"ANKARA-2";"GOLBASI"
"5084";"154kV HOTAMIŞ - KARAPINAR EİH";"Orta Anadolu YTM";"154";"HOTAMIŞ";"KARAPINAR";"63932786-6733-47b8-8985-9ab9cdbad837";"matched-live";"Kaynak satir tekil olarak hatta eslesti.";"20.04.2026 00:39:00";"21,03";"6,19";"340";"live";"KARAPINA";"HOTAMIS"
"5133";"400kV KARATAY - KONYA KUZEY EİH";"Orta Anadolu YTM";"400";"KARATAY";"KONYA KUZEY";"32000831-f18d-4fac-934d-b83d58e3a9f7";"matched-live";"Kaynak satir tekil olarak hatta eslesti.";"20.04.2026 00:39:00";"-225,84";"8,59";"2630";"live";"KONYAKZY";"KARATAY"
"5137";"154kV LADİK - KONYA KUZEY - II EİH";"Orta Anadolu YTM";"154";"LADİK";"KONYA KUZEY";"11b30b78-2094-4b92-8508-bbd1967d44c6";"matched-live";"Kaynak satir tekil olarak hatta eslesti.";"20.04.2026 00:39:00";"-1,06";"0,59";"180";"live";"LADIK";"KONYAKZ2"
"5138";"154kV ALTINEKİN - KONYA KUZEY EİH";"Orta Anadolu YTM";"154";"ALTINEKİN";"KONYA KUZEY";"f632da58-aebb-4121-835a-ff8e68a161a2";"matched-live";"Kaynak satir tekil olarak hatta eslesti.";"20.04.2026 00:39:00";"38,94";"11,45";"340";"live";"KONYAKZY";"ALTINEKI"
"5147";"154kV LADİK - KONYA KUZEY - I EİH";"Orta Anadolu YTM";"154";"LADİK";"KONYA KUZEY";"50600a5c-72f0-4784-8007-328e7a5a2602";"matched-live";"Kaynak satir tekil olarak hatta eslesti.";"20.04.2026 00:39:00";"-2,11";"1,17";"180";"live";"LADIK";"KONYAKZ1"
"5148";"154kV KONYA KUZEY - KONYA OSB - I EİH";"Orta Anadolu YTM";"154";"KONYA KUZEY";"KONYA OSB";"e0373d07-fe5b-46fc-b038-4a38fc1fab4c";"matched-live";"Kaynak satir tekil olarak hatta eslesti.";"20.04.2026 00:39:00";"-1,72";"0,50";"340";"live";"KONYAOSB";"KONYAKZ1"
"5154";"154kV KONYA KUZEY - SELÇUKLU EİH";"Orta Anadolu YTM";"154";"KONYA KUZEY";"SELÇUKLU";"0a12cbd9-b16d-4974-a486-6bae07996382";"matched-live";"Kaynak satir tekil olarak hatta eslesti.";"20.04.2026 00:39:00";"-67,36";"19,81";"340";"live";"SELCUKLU";"KONYAKZY"
"5155";"154kV KONYA KUZEY - KONYA OSB - II EİH";"Orta Anadolu YTM";"154";"KONYA KUZEY";"KONYA OSB";"f452b8c1-ad90-406b-823a-f2e88be9e70a";"matched-live";"Kaynak satir tekil olarak hatta eslesti.";"20.04.2026 00:39:00";"-2,04";"0,60";"340";"live";"KONYAOSB";"KONYAKZ2"
"5156";"154kV KAYACIK - KONYA KUZEY EİH";"Orta Anadolu YTM";"154";"KAYACIK";"KONYA KUZEY";"11e03afc-3d75-4029-ac2c-bac2ab1782b7";"matched-live";"Kaynak satir tekil olarak hatta eslesti.";"20.04.2026 00:39:00";"-20,76";"6,11";"340";"live";"KONYAKZY";"KAYACIK"
"5160";"154kV SENDİREMEKE - ÖKSÜT MADENCİLİK EİH";"Orta Anadolu YTM";"154";"SENDİREMEKE";"ÖKSÜT MADENCİLİK";"6d0dd116-bcab-4573-a260-0c620ee468ba";"matched-live";"Kaynak satir tekil olarak hatta eslesti.";"20.04.2026 00:39:00";"-54,29";"15,97";"340";"live";"SENDIRMK";"OKSUTMDN"
"5164";"154kV YAZIR - KONYA KUZEY EİH";"Orta Anadolu YTM";"154";"YAZIR";"KONYA KUZEY";"7ed90811-ca99-498d-a02d-630ca4d984fd";"matched-live";"Kaynak satir tekil olarak hatta eslesti.";"20.04.2026 00:39:00";"-62,28";"18,32";"340";"live";"YAZIR";"KONYAKZY"
"5171";"154kV ERENKÖY - SELÇUKLU EİH";"Orta Anadolu YTM";"154";"ERENKÖY";"SELÇUKLU";"4d1c3d6a-5836-47b7-a3f5-57f399a0835d";"matched-live";"Kaynak satir tekil olarak hatta eslesti.";"20.04.2026 00:39:00";"45,35";"13,34";"340";"live";"SELCUKLU";"ERENKOY"
"5258";"154kV DDY ÇAYIRBAŞI - ADATOPRAKPINAR EİH";"Orta Anadolu YTM";"154";"DDY ÇAYIRBAŞI";"ADATOPRAKPINAR";"0dac5cfb-d6e8-42f8-8654-3afddaa87b82";"missing-source-row";"Aktif SCADA ID kaynak sorguda bulunmadi.";"-";"";"";"";"";"";""
"5259";"154kV KOCAHACILI - ADATOPRAKPINAR EİH";"Orta Anadolu YTM";"154";"DDY KOCAHACILI";"ADATOPRAKPINAR";"7465d1c7-caf7-4d5c-9332-a026638738ca";"missing-source-row";"Aktif SCADA ID kaynak sorguda bulunmadi.";"-";"";"";"";"";"";""
"5286";"154kV YAHYALI BAK RES - YAHYALI SANCAK RES EİH";"Orta Anadolu YTM";"154";"YAHYALI BAK RES";"YAHYALI RES";"f05e58a1-1177-4f64-ac8a-30929934d4b2";"matched-stale";"Kaynak satir bulundu ancak veri stale durumunda.";"20.04.2026 00:37:00";"18,07";"5,31";"340";"dead";"YAHYALI";"BAKENERJ"
"5288";"154kV YAHYALI BAK RES - ÖKSÜT MADENCİLİK EİH";"Orta Anadolu YTM";"154";"YAHYALI BAK RES";"ÖKSÜT MADENCİLİK";"30c63a39-0580-4197-9d53-1c826d5d71ac";"matched-live";"Kaynak satir tekil olarak hatta eslesti.";"20.04.2026 00:39:00";"56,95";"16,75";"340";"live";"YAHYALBE";"OKSUT"
"5327";"154kV KIZILIRMAK -> KIRIKKALE - KESİKKÖPRÜ HES EİH";"Orta Anadolu YTM";"154";"KIZILIRMAK";"KESİKKÖPRÜ SANAL";"98255ef8-64a2-400f-a712-7b1159a9fc95";"matched-live";"Kaynak satir tekil olarak hatta eslesti.";"20.04.2026 00:39:00";"15,19";"6,08";"250";"live";"KIZILIRM";"KIRIKKAL"
"5335";"154kV KIZILIRMAK - ŞEREFLİKOÇHİSAR EİH";"Orta Anadolu YTM";"154";"KIZILIRMAK";"ŞEREFLİKOÇHİSAR";"024ef306-29eb-4430-b10f-55a019b21fe9";"matched-live";"Kaynak satir tekil olarak hatta eslesti.";"20.04.2026 00:39:00";"10,91";"3,21";"340";"live";"S.KOCHIS";"KIZILIRM"
"5336";"154kV KIZILIRMAK - KULU EİH";"Orta Anadolu YTM";"154";"KIZILIRMAK";"KULU";"a161af43-7e4a-430a-9a08-b994cb0e058d";"matched-live";"Kaynak satir tekil olarak hatta eslesti.";"20.04.2026 00:39:00";"-39,58";"11,64";"340";"live";"KULU";"KIZILIRM"
"5337";"154kV HİRFANLI HES - KIZILIRMAK - I EİH";"Orta Anadolu YTM";"154";"HİRFANLI HES";"KIZILIRMAK";"cc4fc0a5-ca94-46d9-b10f-0de97255783e";"matched-live";"Kaynak satir tekil olarak hatta eslesti.";"20.04.2026 00:39:00";"-8,19";"2,41";"340";"live";"KIZILIRM";"HIRFANL1"
"5338";"154kV HİRFANLI HES - KIZILIRMAK - II EİH";"Orta Anadolu YTM";"154";"HİRFANLI HES";"KIZILIRMAK";"df2a8209-e58d-449c-a665-e7fc323b191e";"matched-live";"Kaynak satir tekil olarak hatta eslesti.";"20.04.2026 00:39:00";"-7,28";"2,14";"340";"live";"KIZILIRM";"HIRFANL2"
"5341";"154kV KIZILIRMAK - KIRŞEHİR EİH";"Orta Anadolu YTM";"154";"KIZILIRMAK";"KIRŞEHİR";"c9d382d1-f8f3-4233-a1d6-76f72e1cdb6d";"matched-live";"Kaynak satir tekil olarak hatta eslesti.";"20.04.2026 00:39:00";"-47,14";"26,19";"180";"live";"KIZILIRM";"KIRSEHIR"
"5358";"154kV DDY A.PINARBAŞI - MUTLU5 RES EİH";"Orta Anadolu YTM";"154";"DDY A.PINARBAŞI";"MUTLU5 RES";"1584cc8c-8360-4cde-8eeb-ebe775f492f3";"matched-live";"Kaynak satir tekil olarak hatta eslesti.";"20.04.2026 00:39:00";"31,85";"9,37";"340";"live";"MUTLU5R";"DDYPINAR"
"5359";"154kV DDY GÖZLÜ - MUTLU5 RES EİH";"Orta Anadolu YTM";"154";"DDY GÖZLÜ";"MUTLU5 RES";"affaac70-d139-465f-a7db-dca288d04560";"matched-live";"Kaynak satir tekil olarak hatta eslesti.";"20.04.2026 00:39:00";"41,96";"12,34";"340";"live";"MUTLU5R";"DDYGOZLU"
"5398";"154kV KARAPINAR - KARAPINAR ACIGÖL GES - I EİH";"Orta Anadolu YTM";"154";"KARAPINAR";"KARAPINAR ACIGÖL GES";"1e466f0d-2d3b-4772-b583-6d9bf6b304c5";"matched-stale";"Kaynak satir bulundu ancak veri stale durumunda.";"19.04.2026 22:06:00";"11,67";"3,43";"340";"dead";"K.PINARG";"KARAPIN1"
"5399";"154kV KARAPINAR - KARAPINAR ACIGÖL GES - II EİH";"Orta Anadolu YTM";"154";"KARAPINAR";"KARAPINAR ACIGÖL GES";"ede75dde-197d-4837-9eba-67ce832e4d72";"matched-stale";"Kaynak satir bulundu ancak veri stale durumunda.";"19.04.2026 22:05:00";"11,94";"3,51";"340";"dead";"K.PINARG";"KARAPIN2"
"5400";"154kV KARAMAN OSB - TEKSİN GES EİH";"Orta Anadolu YTM";"154";"KARAMAN OSB";"TEKSİN GES";"feb2268a-b3f1-4a2d-ae7a-671f238a62b5";"matched-live";"Kaynak satir tekil olarak hatta eslesti.";"20.04.2026 00:39:00";"60,09";"17,67";"340";"live";"TEKSINGE";"KARAMANO"
"5405";"154kV AKYEL 1 RES - TEKSİN GES EİH";"Orta Anadolu YTM";"154";"AKYEL 1 RES";"TEKSİN GES";"74665387-d1c4-48aa-8324-df15ed35ff9d";"matched-live";"Kaynak satir tekil olarak hatta eslesti.";"20.04.2026 00:39:00";"-57,23";"16,83";"340";"live";"TEKSINGE";"AKYELRES"
"5419";"154kV KUYULUKOYAK RES - LADİK EİH";"Orta Anadolu YTM";"154";"KUYULUKOYAK RES";"LADİK";"e89de3e6-9772-4608-94d8-c83002e195eb";"matched-stale";"Kaynak satir bulundu ancak veri stale durumunda.";"20.04.2026 00:38:00";"-7,32";"2,15";"340";"warn";"LADIK";"KUYULUKO"
"5436";"154kV ÇAMINBAŞI RES - KUYULUKOYAK RES EİH";"Orta Anadolu YTM";"154";"ÇAMINBAŞI RES";"KUYULUKOYAK RES";"d780a641-32ce-4d89-8a24-31034c917510";"matched-live";"Kaynak satir tekil olarak hatta eslesti.";"20.04.2026 00:39:00";"-4,17";"1,23";"340";"live";"KUYULUKO";"CAMINBAS"
"5474";"154kV KARGI HES - GÜRSÖĞÜT HES EİH";"Orta Anadolu YTM";"154";"KARGI HES";"GÜRSÖĞÜT HES";"eda59a30-7091-4d64-8888-5322eb219d0b";"matched-stale";"Kaynak satir bulundu ancak veri stale durumunda.";"20.04.2026 00:31:00";"-20,26";"5,96";"340";"dead";"KARGIHS";"GURSOGUT"
"5479";"154kV HACILAR - ATAKALE RES EİH";"Orta Anadolu YTM";"154";"HACILAR";"ATAKALE RES";"e1de9eec-c369-49e0-8783-708f802fb767";"matched-live";"Kaynak satir tekil olarak hatta eslesti.";"20.04.2026 00:39:00";"-46,71";"18,68";"250";"live";"HACILAR";"ATAKALE"
"5493";"154kV DDY ÇAYIRBAŞI - ALTINOVA EİH";"Orta Anadolu YTM";"154";"DDY ÇAYIRBAŞI";"ALTINOVA";"937ad0fd-dd9f-4330-ab93-aeed1bb1668a";"missing-source-row";"Aktif SCADA ID kaynak sorguda bulunmadi.";"-";"";"";"";"";"";""
"5495";"154kV ALTINOVA - YUNAK EİH";"Orta Anadolu YTM / Batı Akdeniz YTM";"154";"ALTINOVA";"YUNAK";"99688e3e-b3aa-4853-8884-957fd79eaabc";"matched-live";"Kaynak satir tekil olarak hatta eslesti.";"20.04.2026 00:39:00";"7,28";"2,14";"340";"live";"ALTINOVA";"YUNAK"
"5517";"154kV KIZILIRMAK -> ATAKALE RES - KESİKKÖPRÜ HES EİH";"Orta Anadolu YTM";"154";"KIZILIRMAK";"KESİKKÖPRÜ SANAL";"c4b98ef2-d744-425f-93b2-1dcb04fb104c";"matched-live";"Kaynak satir tekil olarak hatta eslesti.";"20.04.2026 00:39:00";"-10,21";"3,65";"280";"live";"KIZILIRM";"ATAKALE"
"5518";"154kV ATAKALE RES -> KESİKKÖPRÜ HES - KIZILIRMAK EİH";"Orta Anadolu YTM";"154";"ATAKALE RES";"KESİKKÖPRÜ SANAL";"f6b5fe96-51d6-43be-946d-b03b1cf1c1d5";"matched-stale";"Kaynak satir bulundu ancak veri stale durumunda.";"20.04.2026 00:29:00";"14,25";"5,70";"250";"dead";"ATAKALE";"KESIKKOP"
"5531";"154kV GÜNEYSINIR - MAVİ HES EİH";"Orta Anadolu YTM";"154";"GÜNEYSINIR";"MAVİ HES";"ea9c8341-6ef8-4c25-9b7b-ad0b411a4279";"matched-stale";"Kaynak satir bulundu ancak veri stale durumunda.";"20.04.2026 00:19:00";"0,08";"0,02";"340";"dead";"MAVIHES";"GUNEYSIN"
"5580";"154kV EMİRLER - KULU EİH";"Orta Anadolu YTM";"154";"EMİRLER";"KULU";"d861c028-13c2-4c33-8c79-1d1fb2b061f3";"matched-live";"Kaynak satir tekil olarak hatta eslesti.";"20.04.2026 00:39:00";"57,96";"17,05";"340";"live";"KULU";"EMIRLER"
"5600";"154kV EŞMEKAYA - TUZGÖLÜ GEÇİCİ EİH";"Orta Anadolu YTM";"154";"EŞMEKAYA";"TUZGÖLÜ GEÇİCİ";"012b7e6d-2c68-42d2-933b-15f512d0f202";"matched-live";"Kaynak satir tekil olarak hatta eslesti.";"20.04.2026 00:39:00";"16,16";"4,75";"340";"live";"ESMEKAYA";"TUZGOLU"
"5607";"154kV KALECİK - DDY İZZETTİN EİH";"Orta Anadolu YTM";"154";"KALECİK";"DDY İZZETTİN";"8334cacb-afa6-4028-b6ee-c54906dfc437";"matched-live";"Kaynak satir tekil olarak hatta eslesti.";"20.04.2026 00:43:00";"4,30";"1,27";"340";"live";"KALECIK";"DDYIZZET"
"5627";"400kV KARAPINAR MEKE GÖLÜ GES - KARATAY EİH";"Orta Anadolu YTM";"400";"KARAPINAR MEKE GÖLÜ GES";"KARATAY";"921de96a-fa4d-48f4-9bc9-9e518680ae55";"matched-stale";"Kaynak satir bulundu ancak veri stale durumunda.";"20.04.2026 00:37:00";"-268,57";"12,32";"2180";"dead";"KARATAY";"K.PINARG"
"5628";"400kV KARAPINAR MEKE GÖLÜ GES - YEŞİLHİSAR EİH";"Orta Anadolu YTM";"400";"KARAPINAR MEKE GÖLÜ GES";"YEŞİLHİSAR";"d2813ebf-f6b0-424d-98d2-50c926aff5be";"matched-live";"Kaynak satir tekil olarak hatta eslesti.";"20.04.2026 00:39:00";"239,66";"10,99";"2180";"live";"YESILHIS";"K.PINARG"
"5648";"154kV AKKÖPRÜ - HASKÖY EİH";"Orta Anadolu YTM";"154";"AKKÖPRÜ";"HASKÖY";"a4214ab4-f563-4ca0-a641-f2aa0f543456";"matched-live";"Kaynak satir tekil olarak hatta eslesti.";"20.04.2026 00:39:00";"39,13";"15,65";"250";"live";"HASKOY";"AKKOPRU"
"5649";"154kV AKKÖPRÜ - MACUNKÖY - II EİH";"Orta Anadolu YTM";"154";"AKKÖPRÜ";"MACUNKÖY";"bc46f783-3edb-4fbb-8713-03d71fda7e58";"matched-live";"Kaynak satir tekil olarak hatta eslesti.";"20.04.2026 00:39:00";"35,50";"10,44";"340";"live";"MACUNKOY";"AKKOPGI2"
"5653";"154kV ÜMİTKÖY - ÇİĞDEM EİH";"Orta Anadolu YTM";"154";"ÜMİTKÖY";"ÇİĞDEM";"2ca5aae5-0d37-4088-b10e-a14eed4ed639";"matched-live";"Kaynak satir tekil olarak hatta eslesti.";"20.04.2026 00:39:00";"16,35";"6,54";"250";"live";"UMITKOY";"CIGDEM"
"5654";"154kV ÜMİTKÖY - BİLKENT EİH";"Orta Anadolu YTM";"154";"ÜMİTKÖY";"BİLKENT";"eb21484c-8c8a-473a-84ea-30541a788801";"matched-live";"Kaynak satir tekil olarak hatta eslesti.";"20.04.2026 00:39:00";"39,17";"15,67";"250";"live";"UMITKOY";"BILKENT"
"5655";"154kV ÇİĞDEM - BİLKENT EİH";"Orta Anadolu YTM";"154";"ÇİĞDEM";"BİLKENT";"02f95310-1def-47f0-81a6-3ba7dd318979";"matched-live";"Kaynak satir tekil olarak hatta eslesti.";"20.04.2026 00:39:00";"18,73";"7,49";"250";"live";"CIGDEM";"BILKENT"
"5677";"400kV İÇ ANADOLU DGKÇ - BOZOK EİH";"Orta Anadolu YTM";"400";"İÇ ANADOLU DGKÇ";"BOZOK";"48d87d71-7ed7-4ae5-88a0-e324067272f8";"matched-stale";"Kaynak satir bulundu ancak veri stale durumunda.";"20.04.2026 00:38:00";"-340,78";"12,96";"2630";"warn";"ICANADOL";"BOZOK"
"5686";"154kV AKKÖPRÜ - MALTEPE EİH";"Orta Anadolu YTM";"154";"AKKÖPRÜ";"MALTEPE ANKARA";"848f8cbc-806a-47be-b071-ba5af9cc7af3";"matched-live";"Kaynak satir tekil olarak hatta eslesti.";"20.04.2026 00:39:00";"-113,15";"45,26";"250";"live";"MALTEPE";"AKKOPRU"
"5687";"154kV SİNCAN - AKKÖPRÜ EİH";"Orta Anadolu YTM";"154";"SİNCAN";"AKKÖPRÜ";"cc42e7a8-b53b-4aec-9f06-30d594677381";"matched-live";"Kaynak satir tekil olarak hatta eslesti.";"20.04.2026 00:39:00";"22,36";"8,94";"250";"live";"ANKARA-2";"AKKOPRU"
"5689";"154kV BOZOK - YOZGAT - II EİH";"Orta Anadolu YTM";"154";"BOZOK";"YOZGAT";"8343ab0d-cd5b-4a30-bb8e-9767fa108c1d";"matched-live";"Kaynak satir tekil olarak hatta eslesti.";"20.04.2026 00:39:00";"-23,16";"9,26";"250";"live";"YOZGAT";"BOZOK-2"
"5690";"154kV BOZOK - SORGUN EİH";"Orta Anadolu YTM";"154";"BOZOK";"SORGUN";"79766c45-b38a-4397-a2bf-6261c5ab5623";"matched-live";"Kaynak satir tekil olarak hatta eslesti.";"20.04.2026 00:39:00";"12,98";"5,19";"250";"live";"SORGUN";"BOZOK"
"5693";"154kV BOZOK - YOZGAT - I EİH";"Orta Anadolu YTM";"154";"BOZOK";"YOZGAT";"dbbcbec0-2d26-4c32-9ed3-2bb6a2f2cec2";"matched-live";"Kaynak satir tekil olarak hatta eslesti.";"20.04.2026 00:39:00";"-35,04";"19,47";"180";"live";"YOZGAT";"BOZOK-1"
"5694";"154kV BOZOK - ALACA EİH";"Orta Anadolu YTM / Orta Karadeniz YTM";"154";"BOZOK";"ALACA";"8f167ea1-ceb2-464a-8084-e7b898cc9cfc";"matched-live";"Kaynak satir tekil olarak hatta eslesti.";"20.04.2026 00:39:00";"10,46";"5,81";"180";"live";"BOZOKTM";"ALACA"
"5695";"400kV ÜRGÜP - ÇOBANBEYLİ EİH";"Orta Anadolu YTM / Güney Doğu Anadolu YTM";"400";"ÜRGÜP";"ÇOBANBEYLİ";"f5795324-3d9a-4d05-bd5e-1abd8ee2d807";"matched-live";"Kaynak satir tekil olarak hatta eslesti.";"20.04.2026 00:39:00";"-685,86";"48,30";"1420";"live";"URGUPTM";"COBANBEY"
"5702";"400kV SİNCAN - ÜRGÜP - II EİH";"Orta Anadolu YTM";"400";"SİNCAN";"ÜRGÜP";"575d5d0b-59cf-4994-bbd6-c3a56714d4e7";"matched-live";"Kaynak satir tekil olarak hatta eslesti.";"20.04.2026 00:39:00";"623,62";"28,61";"2180";"live";"URGUPTM";"SINCAN2"
"5704";"154kV DERİNKUYU - ÜRGÜP - I EİH";"Orta Anadolu YTM";"154";"DERİNKUYU";"ÜRGÜP";"748067ec-f937-47a9-b6d6-b5d64af41dca";"matched-live";"Kaynak satir tekil olarak hatta eslesti.";"20.04.2026 00:39:00";"25,90";"7,62";"340";"live";"URGUPTM";"DERINKU1"
"5705";"154kV DERİNKUYU - ÜRGÜP - II EİH";"Orta Anadolu YTM";"154";"DERİNKUYU";"ÜRGÜP";"f0ade9cd-ac49-457f-a998-298f803bb769";"matched-live";"Kaynak satir tekil olarak hatta eslesti.";"20.04.2026 00:39:00";"25,12";"7,39";"340";"live";"URGUPTM";"DERINKU2"
"5709";"154kV ÇİNKUR - ÜRGÜP - II EİH";"Orta Anadolu YTM";"154";"ÇİNKUR";"ÜRGÜP";"9a8d3df8-54c8-42f9-9b49-7d34a18af544";"matched-live";"Kaynak satir tekil olarak hatta eslesti.";"20.04.2026 00:39:00";"-8,24";"4,58";"180";"live";"URGUPTM";"CINKUR2"
"5710";"154kV ÇİNKUR - ÜRGÜP - I EİH";"Orta Anadolu YTM";"154";"ÇİNKUR";"ÜRGÜP";"989f2013-b21f-4fea-85ec-45d1cbb23cab";"matched-live";"Kaynak satir tekil olarak hatta eslesti.";"20.04.2026 00:39:00";"-11,82";"4,73";"250";"live";"URGUPTM";"CINKUR1"
"5711";"154kV KAYSERİ4 - ÜRGÜP EİH";"Orta Anadolu YTM";"154";"KAYSERİ4";"ÜRGÜP";"768ad1f9-5890-4e95-9900-8c156f62821e";"matched-live";"Kaynak satir tekil olarak hatta eslesti.";"20.04.2026 00:39:00";"9,21";"3,68";"250";"live";"URGUPTM";"KAYSERI4"
"5713";"400kV SİNCAN - ÜRGÜP - I EİH";"Orta Anadolu YTM";"400";"SİNCAN";"ÜRGÜP";"8e01efb1-3a41-4842-bddd-c1cbede5a301";"matched-live";"Kaynak satir tekil olarak hatta eslesti.";"20.04.2026 00:39:00";"636,11";"29,18";"2180";"live";"URGUPTM";"SINCAN1"
"5726";"154kV BAYRAMHACILI HES - AVANOS2 EİH";"Orta Anadolu YTM";"154";"BAYRAMHACILI HES";"AVANOS2";"75921b46-b829-4df8-86e4-7d5eae9f0034";"matched-live";"Kaynak satir tekil olarak hatta eslesti.";"20.04.2026 00:39:00";"32,84";"13,14";"250";"live";"B.HACILI";"AVANOS-2"
"5727";"154kV KALABA - ÜRGÜP EİH";"Orta Anadolu YTM";"154";"KALABA";"ÜRGÜP";"ff4e9e9b-5fcb-4676-9b53-6a91b9104276";"matched-live";"Kaynak satir tekil olarak hatta eslesti.";"20.04.2026 00:39:00";"22,30";"12,39";"180";"live";"URGUPTM";"KALABA"
"5728";"154kV DDY PAŞALI - KALABA EİH";"Orta Anadolu YTM";"154";"DDY PAŞALI";"KALABA";"1e7d7775-11fb-42ef-ab93-20e1bce153da";"matched-stale";"Kaynak satir bulundu ancak veri stale durumunda.";"20.04.2026 00:38:00";"1,66";"0,49";"340";"warn";"KALABA";"DDYPASAL"
"5741";"154kV KAYSERİ KAPASİTÖR - AVANOS2 EİH";"Orta Anadolu YTM";"154";"KAYSERİ KAPASİTÖR";"AVANOS2";"c6d8aa5c-53c2-4b20-9d41-99f525f452ae";"matched-live";"Kaynak satir tekil olarak hatta eslesti.";"20.04.2026 00:39:00";"33,85";"13,54";"250";"live";"KAYSERI";"AVANOS-2"
"5743";"154kV DERİNKUYU - NEVŞEHİR EİH";"Orta Anadolu YTM";"154";"DERİNKUYU";"NEVŞEHİR";"7b87a925-54a8-4212-ac46-a6a3b4a8205e";"matched-live";"Kaynak satir tekil olarak hatta eslesti.";"20.04.2026 00:39:00";"-10,09";"5,61";"180";"live";"NEVSEHIR";"DERINKUY"
"5753";"154kV KARAMAN OSB - KARAMAN BES EİH";"Orta Anadolu YTM";"154";"KARAMAN OSB";"KARAMAN BES";"d238d0a8-1183-4170-904d-fd0da5b1b4e7";"matched-live";"Kaynak satir tekil olarak hatta eslesti.";"20.04.2026 00:39:00";"37,69";"11,09";"340";"live";"KARAMANO";"KARAMANB"
"5758";"154kV HADİM - GÜNEYSINIR EİH";"Orta Anadolu YTM";"154";"HADİM";"GÜNEYSINIR";"3f6e7439-477d-4421-aee1-bc3472239c9e";"matched-stale";"Kaynak satir bulundu ancak veri stale durumunda.";"20.04.2026 00:34:00";"62,91";"18,50";"340";"dead";"HADIM";"GUNEYSIN"
"5759";"154kV HADİM - KEPEZKAYA HAVZA EİH";"Orta Anadolu YTM";"154";"HADİM";"KEPEZKAYA HAVZA";"f49e376b-05e6-4370-8fae-9acac97dffa0";"matched-live";"Kaynak satir tekil olarak hatta eslesti.";"20.04.2026 00:39:00";"54,42";"16,01";"340";"live";"KEPEZKAY";"HADIM"
"5779";"154kV AKKÖPRÜ - MACUNKÖY - I EİH";"Orta Anadolu YTM";"154";"AKKÖPRÜ";"MACUNKÖY";"f03cd452-d53d-4d3c-bbe7-3f2dc2446920";"matched-live";"Kaynak satir tekil olarak hatta eslesti.";"20.04.2026 00:39:00";"27,22";"8,01";"340";"live";"MACUNKOY";"AKKOPGI1"
"5782";"154kV KARAMAN - KARAMAN OSB EİH";"Orta Anadolu YTM";"154";"KARAMAN";"KARAMAN OSB";"51e36798-b1d9-47c2-9fad-852b7158534b";"matched-live";"Kaynak satir tekil olarak hatta eslesti.";"20.04.2026 00:39:00";"-4,90";"1,44";"340";"live";"KARAMANO";"KARAMAN"
"5810";"400kV BOZOK - REŞADİYE EİH";"Orta Anadolu YTM / Orta Karadeniz YTM";"400";"BOZOK";"REŞADİYE";"fb82c106-3d46-4314-a393-c60cd3687e75";"matched-live";"Kaynak satir tekil olarak hatta eslesti.";"20.04.2026 00:39:00";"-412,98";"15,70";"2630";"live";"BOZOKTM";"RESADIYE"
"5818";"154kV BAĞLAR RES - KONYA KUZEY EİH";"Orta Anadolu YTM";"154";"BAĞLAR RES";"KONYA KUZEY";"a4cab8a8-384a-45f2-bd73-cabd0499e8a0";"matched-live";"Kaynak satir tekil olarak hatta eslesti.";"20.04.2026 00:39:00";"-110,81";"32,59";"340";"live";"KONYAKZY";"BAGLARRS"
"5832";"154kV DDY ÇAYDOĞAN - YERKÖY EİH";"Orta Anadolu YTM";"154";"DDY ÇAYDOĞAN";"YERKÖY";"cefa976a-add5-4442-84ff-01c27b9b043b";"matched-live";"Kaynak satir tekil olarak hatta eslesti.";"20.04.2026 00:39:00";"0,11";"0,03";"340";"live";"YERKOY";"CAYDOGAN"
"5846";"400kV ÜRGÜP - ELBİSTAN TES EİH";"Orta Anadolu YTM / Güney Doğu Anadolu YTM";"400";"ÜRGÜP";"ELBİSTAN TES";"0c5f0c91-d279-48b4-9fce-16babd4b30ae";"matched-live";"Kaynak satir tekil olarak hatta eslesti.";"20.04.2026 00:39:00";"-621,02";"43,73";"1420";"live";"URGUPTM";"ELBISTAN"
"5847";"400kV GÖLBAŞI - KAYSERİ KAPASİTÖR KUZEY EİH";"Orta Anadolu YTM";"400";"GÖLBAŞI";"KAYSERİ KAPASİTÖR";"27190e4e-79a2-4526-9121-88a9b40c424b";"matched-live";"Kaynak satir tekil olarak hatta eslesti.";"20.04.2026 00:39:00";"535,48";"37,19";"1440";"live";"KAYSERI";"GOLBAS-K"
"5848";"400kV GÖLBAŞI - KAYSERİ KAPASİTÖR GÜNEY EİH";"Orta Anadolu YTM";"400";"GÖLBAŞI";"KAYSERİ KAPASİTÖR";"a9fe2bbb-d341-4f5a-9915-c081f4a95735";"matched-live";"Kaynak satir tekil olarak hatta eslesti.";"20.04.2026 00:39:00";"554,29";"38,49";"1440";"live";"KAYSERI";"GOLBAS-G"
"5857";"400kV KAYSERİ KAPASİTÖR - KEBAN ŞALT - I (KUZEY) EİH";"Orta Anadolu YTM / Güney Doğu Anadolu YTM";"400";"KAYSERİ KAPASİTÖR";"KEBAN ŞALT";"76eca8a5-2dc0-46a9-9bcb-61a2fb383b0d";"matched-live";"Kaynak satir tekil olarak hatta eslesti.";"20.04.2026 00:39:00";"-560,34";"38,91";"1440";"live";"KAYSERI";"KEBAN-2K"
"5858";"400kV KAYSERİ KAPASİTÖR - KEBAN ŞALT - II (GÜNEY) EİH";"Orta Anadolu YTM / Güney Doğu Anadolu YTM";"400";"KAYSERİ KAPASİTÖR";"KEBAN ŞALT";"e9ba9a06-d349-4d68-bc8f-bbe61b3b72fc";"matched-stale";"Kaynak satir bulundu ancak veri stale durumunda.";"20.04.2026 00:36:00";"-560,26";"38,91";"1440";"dead";"KAYSERI";"KEBAN-2G"
"5889";"154kV ERCİYES RES - YEŞİLHİSAR EİH";"Orta Anadolu YTM";"154";"ERCİYES RES";"YEŞİLHİSAR";"98739da5-5f69-41f0-bb89-99cd5cfda82d";"matched-live";"Kaynak satir tekil olarak hatta eslesti.";"20.04.2026 00:39:00";"-58,49";"17,20";"340";"live";"YESILHIS";"ERCIYESR"
"5890";"154kV ERCİYES RES - ÇAMLICA1 HES EİH";"Orta Anadolu YTM";"154";"ERCİYES RES";"ÇAMLICA1 HES";"7f6fe720-6e2e-47b1-8f55-205c176462ad";"matched-live";"Kaynak satir tekil olarak hatta eslesti.";"20.04.2026 00:39:00";"-40,26";"11,84";"340";"live";"ERCIYESR";"CAMLICA1"
"5902";"154kV SİNCAN - UZAY OSB EİH";"Orta Anadolu YTM";"154";"SİNCAN";"UZAY OSB";"2ad457c3-1f54-418b-b11a-25431c8ba5f5";"matched-live";"Kaynak satir tekil olarak hatta eslesti.";"20.04.2026 00:39:00";"25,00";"8,93";"280";"live";"ANKARA-2";"UZAYOSB"
"5903";"154kV UZAY OSB - KAZAN EİH";"Orta Anadolu YTM";"154";"KAZAN";"UZAY OSB";"1bad3be4-45c4-4555-90ad-8f542a4d9112";"matched-live";"Kaynak satir tekil olarak hatta eslesti.";"20.04.2026 00:39:00";"11,06";"3,95";"280";"live";"KAZAN";"UZAYOSB"
"5938";"154kV KAZAN - DAĞYAKA ÇİMENTO EİH";"Orta Anadolu YTM";"154";"KAZAN";"DAĞYAKA ÇİMENTO";"fd3f27cd-7cb7-4f4f-8423-2e8766c2f9be";"matched-live";"Kaynak satir tekil olarak hatta eslesti.";"20.04.2026 00:39:00";"-3,65";"1,07";"340";"live";"KAZAN";"DAGYAKA"
"5939";"154kV BAĞLUM - DAĞYAKA ÇİMENTO EİH";"Orta Anadolu YTM";"154";"BAĞLUM";"DAĞYAKA ÇİMENTO";"59d6d7e0-49c8-4893-a0d5-2d82ce985a00";"matched-stale";"Kaynak satir bulundu ancak veri stale durumunda.";"20.04.2026 00:37:00";"-19,29";"5,67";"340";"dead";"DAGYAKA";"BAGLUM"
"5959";"154kV ŞARKIŞLA - VOTORANTİM EİH";"Orta Anadolu YTM / Orta Karadeniz YTM";"154";"ŞARKIŞLA";"VOTORANTİM";"a63c9630-d012-481c-a6ae-827c41b8e51e";"matched-live";"Kaynak satir tekil olarak hatta eslesti.";"20.04.2026 00:39:00";"-22,62";"6,65";"340";"live";"SARKISLA";"VOTORANT"
"6014";"154kV BAĞLUM - MACUNKÖY - II EİH";"Orta Anadolu YTM";"154";"BAĞLUM";"MACUNKÖY";"1b77e196-18fa-46b1-be1d-d1ff3b0514a5";"matched-live";"Kaynak satir tekil olarak hatta eslesti.";"20.04.2026 00:39:00";"-70,62";"20,77";"340";"live";"MACUNKOY";"BAGLUM2"
"6015";"154kV MACUNKÖY - OSTİM OSB EİH";"Orta Anadolu YTM";"154";"MACUNKÖY";"OSTİM OSB";"ebda28a7-9e78-4fd1-b8bd-24eab6bb8fb5";"matched-live";"Kaynak satir tekil olarak hatta eslesti.";"20.04.2026 00:39:00";"-2,38";"0,70";"340";"live";"OSTIMOSB";"MACUNKOY"
"6043";"154kV SİNCAN - BAĞLICA EİH";"Orta Anadolu YTM";"154";"SİNCAN";"BAĞLICA";"3a8b70c0-ecdb-47b5-941d-b28d9d11c3b3";"matched-live";"Kaynak satir tekil olarak hatta eslesti.";"20.04.2026 00:39:00";"54,46";"21,78";"250";"live";"ANKARA-2";"BAGLICAG"
"6044";"154kV ÜMİTKÖY - BAĞLICA EİH";"Orta Anadolu YTM";"154";"ÜMİTKÖY";"BAĞLICA";"3b99f063-0071-455e-b035-1fa31c41e431";"matched-live";"Kaynak satir tekil olarak hatta eslesti.";"20.04.2026 00:39:00";"-18,94";"7,57";"250";"live";"UMITKOY";"BAGLICAG"
"6049";"154kV BOR OSB - UĞURLU GES EİH";"Orta Anadolu YTM";"154";"BOR OSB";"UĞURLU GES";"ef50e09c-9ed5-4707-a267-3cd77ba60bed";"matched-stale";"Kaynak satir bulundu ancak veri stale durumunda.";"20.04.2026 00:37:00";"25,18";"7,41";"340";"dead";"G4_BOR-2";"BOR_OSB"
"6058";"154kV UĞURLU GES - SÖNMEZ GES EİH";"Orta Anadolu YTM";"154";"UĞURLU GES";"SÖNMEZ GES";"f304753a-96de-4b56-b1ee-6f91d0f907a2";"matched-stale";"Kaynak satir bulundu ancak veri stale durumunda.";"20.04.2026 00:38:00";"2,56";"0,75";"340";"warn";"G4_BOR-2";"G4_BOR-3"
"6072";"154kV BOR - SÖNMEZ GES EİH";"Orta Anadolu YTM";"154";"BOR";"SÖNMEZ GES";"3483efaa-5e69-4077-b8d7-1102e15fec1e";"matched-stale";"Kaynak satir bulundu ancak veri stale durumunda.";"20.04.2026 00:38:00";"7,27";"2,14";"340";"warn";"G4_BOR-3";"BOR"
"6073";"154kV KOLUKISA - ALTINOVA EİH";"Orta Anadolu YTM";"154";"KOLUKISA";"ALTINOVA";"11136c38-18c0-4615-9cc1-28e2f422656e";"matched-stale";"Kaynak satir bulundu ancak veri stale durumunda.";"20.04.2026 00:31:00";"36,68";"10,79";"340";"dead";"KOLUKISA";"ALTINOVA"
"6074";"154kV DDY GÖZLÜ - KOLUKISA EİH";"Orta Anadolu YTM";"154";"DDY GÖZLÜ";"KOLUKISA";"0d8385a8-bda0-46d0-95d2-c2e01c6aeec8";"matched-stale";"Kaynak satir bulundu ancak veri stale durumunda.";"20.04.2026 00:31:00";"-37,93";"11,15";"340";"dead";"KOLUKISA";"DDYGOZLU"
"6096";"154kV KARAMAN RES - AKYEL 1 RES EİH";"Orta Anadolu YTM";"154";"KARAMAN RES";"AKYEL 1 RES";"ea12c2cb-71f7-4f37-a693-e2c7bb8d02ca";"matched-stale";"Kaynak satir bulundu ancak veri stale durumunda.";"20.04.2026 00:15:00";"20,51";"6,03";"340";"dead";"KARAMANR";"AKYEL-1"
"6098";"154kV AYRANCI GEÇİCİ -> EREĞLİ - KARAMAN BES EİH";"Orta Anadolu YTM";"154";"AYRANCI GEÇİCİ";"AYRANCI SANAL";"a58d7431-1213-4b23-8b70-d42e30643fc2";"missing-source-row";"Aktif SCADA ID kaynak sorguda bulunmadi.";"-";"";"";"";"";"";""
"6099";"154kV EREĞLİ -> KARAMAN BES - AYRANCI GEÇİCİ EİH";"Orta Anadolu YTM";"154";"EREĞLİ KONYA";"AYRANCI SANAL";"151f9a67-9196-4488-b063-eba4ea41bbc4";"matched-live";"Kaynak satir tekil olarak hatta eslesti.";"20.04.2026 00:39:00";"-65,19";"19,17";"340";"live";"K.EREGLI";"KARAMANB"
"6100";"154kV KARAMAN BES -> EREĞLİ - AYRANCI GEÇİCİ EİH";"Orta Anadolu YTM";"154";"KARAMAN BES";"AYRANCI SANAL";"03bf0499-0261-4a1e-b9db-15315cc1233f";"matched-stale";"Kaynak satir bulundu ancak veri stale durumunda.";"20.04.2026 00:14:00";"66,88";"19,67";"340";"dead";"KARMNBES";"AYRANCI"
"6134";"400kV AFYON2 - KONYA KUZEY EİH";"Orta Anadolu YTM / Batı Akdeniz YTM";"400";"KONYA KUZEY";"AFYON2";"8a7f5dbf-ae05-4ed3-8c40-fe8526dc472e";"matched-live";"Kaynak satir tekil olarak hatta eslesti.";"20.04.2026 00:39:00";"193,91";"7,37";"2630";"live";"KONYAKZY";"AFYON-2"
"6141";"154kV TEMELLİ - BALGAT EİH";"Orta Anadolu YTM";"154";"TEMELLİ";"BALGAT";"225a0248-b26a-4128-86e8-096d2a955fd5";"matched-live";"Kaynak satir tekil olarak hatta eslesti.";"20.04.2026 00:39:00";"25,34";"10,14";"250";"live";"TEMELLI";"BALGAT"
"6142";"154kV İMRAHOR - ÇİĞDEM EİH";"Orta Anadolu YTM";"154";"İMRAHOR";"ÇİĞDEM";"cd22d782-04c2-4cc0-b93f-dba5892553b1";"matched-live";"Kaynak satir tekil olarak hatta eslesti.";"20.04.2026 00:39:00";"27,40";"10,96";"250";"live";"IMRAHOR";"CIGDEMGI"
"6145";"154kV YILDIZ - İNCEK EİH";"Orta Anadolu YTM";"154";"YILDIZ";"İNCEK";"d8cee981-b906-4963-a92c-d5c173e32889";"matched-live";"Kaynak satir tekil olarak hatta eslesti.";"20.04.2026 00:39:00";"-0,79";"0,32";"250";"live";"YILDIZ";"INCEK"
"6165";"154kV KIZILCAHAMAM - KAZAN EİH";"Orta Anadolu YTM";"154";"KIZILCAHAMAM";"KAZAN";"e79dde70-a633-4524-8873-548e8ed0b154";"matched-live";"Kaynak satir tekil olarak hatta eslesti.";"20.04.2026 00:39:00";"9,51";"2,80";"340";"live";"KAZAN";"KIZILCAH"
"6202";"154kV ERENKÖY - MERAM GİS EİH";"Orta Anadolu YTM";"154";"ERENKÖY";"MERAM GİS";"55129094-c7ce-4584-ad8b-815f33b33a23";"matched-live";"Kaynak satir tekil olarak hatta eslesti.";"20.04.2026 00:39:00";"14,59";"4,29";"340";"live";"MERAMGIS";"ERENKOYG"
"6203";"154kV YAZIR - MERAM GİS EİH";"Orta Anadolu YTM";"154";"YAZIR";"MERAM GİS";"074ffd10-363e-45f8-98ae-20e6dc2c17f4";"matched-live";"Kaynak satir tekil olarak hatta eslesti.";"20.04.2026 00:39:00";"0,72";"0,21";"340";"live";"YAZIR";"MERAMGIS"
"6264";"154kV ÇEKEREK HAVZA - BEYYURDU RES EİH";"Orta Anadolu YTM";"154";"ÇEKEREK HAVZA";"BEYYURDU RES";"6cb65809-c585-4fb4-bcf5-0f5a90f82297";"matched-stale";"Kaynak satir bulundu ancak veri stale durumunda.";"20.04.2026 00:34:00";"34,25";"10,07";"340";"dead";"CEKERKHV";"SORGUN"
"6265";"154kV BEYYURDU RES - SORGUN EİH";"Orta Anadolu YTM";"154";"BEYYURDU RES";"SORGUN";"86f18091-dbca-4b45-86b8-061cdc1c7a3c";"matched-live";"Kaynak satir tekil olarak hatta eslesti.";"20.04.2026 00:39:00";"-27,33";"8,04";"340";"live";"SORGUN";"BEYYURDU"
"2179";"400kV ADA1 DGKÇ - TEMELLİ EİH";"Kuzey Batı Anadolu YTM / Orta Anadolu YTM";"400";"ADA1 DGKÇS";"TEMELLİ";"a58ac8fc-5b4e-45af-8aac-1840ce2efa0a";"matched-live";"Kaynak satir tekil olarak hatta eslesti.";"20.04.2026 00:39:00";"952,01";"36,20";"2630";"live";"TEMELLI";"GEBZE-DG"
"2182";"400kV ADAPAZARI - ÇAYIRHAN TES EİH";"Kuzey Batı Anadolu YTM / Orta Anadolu YTM";"400";"ADAPAZARI";"ÇAYIRHAN TES";"ff50afeb-aed7-4688-b07f-1d0414087907";"matched-live";"Kaynak satir tekil olarak hatta eslesti.";"20.04.2026 00:39:00";"820,20";"56,96";"1440";"live";"CAYIRHAN";"ADA-2"
"6284";"154kV ORTAKÖY -> ATA RES - KÜTÜKLÜ GEÇİCİ EİH";"Orta Anadolu YTM";"154";"KÜTÜKLÜ SANAL";"ORTAKÖY";"9101b59d-bfa0-4fcd-8f0f-a1069d4d7ce4";"matched-live";"Kaynak satir tekil olarak hatta eslesti.";"20.04.2026 00:39:00";"19,65";"5,78";"340";"live";"ORTAKOY";"KUT-ATA"
"6285";"154kV KÜTÜKLÜ GEÇİCİ -> ATA RES - ORTAKÖY EİH";"Orta Anadolu YTM";"154";"KÜTÜKLÜ SANAL";"KÜTÜKLÜ GEÇİCİ";"a2c8c9a2-7ce0-43dc-a0a0-caebca817caa";"matched-live";"Kaynak satir tekil olarak hatta eslesti.";"20.04.2026 00:39:00";"-9,98";"2,94";"340";"live";"KUTUKLU";"ORTAKOY"
"6286";"154kV ATA RES -> KÜTÜKLÜ GEÇİCİ - ORTAKÖY EİH";"Orta Anadolu YTM";"154";"KÜTÜKLÜ SANAL";"ATA RES";"4d2a7dfc-89d0-4627-ba3e-52284a18281b";"matched-stale";"Kaynak satir bulundu ancak veri stale durumunda.";"20.04.2026 00:38:00";"-7,10";"2,09";"340";"warn";"R3ANKARA";"KUTUKLU"
"6287";"154kV ŞEREFLİKOÇHİSAR - ATA RES EİH";"Orta Anadolu YTM";"154";"ŞEREFLİKOÇHİSAR";"ATA RES";"fe5d6b03-8fa1-4068-9979-0825b8a05e1c";"matched-live";"Kaynak satir tekil olarak hatta eslesti.";"20.04.2026 00:39:00";"-14,98";"4,40";"340";"live";"S.KOCHIS";"ATARES"
"2213";"154kV ÇAYIRHAN TES - BEYPAZARI EİH";"Orta Anadolu YTM";"154";"ÇAYIRHAN TES";"BEYPAZARI";"4ed9bbb3-fe69-42f0-b235-e40bdda415c0";"matched-live";"Kaynak satir tekil olarak hatta eslesti.";"20.04.2026 00:39:00";"-11,37";"6,32";"180";"live";"CAYIRHAN";"BEYPAZAR"
"6309";"154kV MENEKŞE RES - BEYYURDU RES EİH";"Orta Anadolu YTM";"154";"MENEKŞE RES";"BEYYURDU RES";"752192d9-54d6-44f1-bf12-6c86c23200a6";"matched-live";"Kaynak satir tekil olarak hatta eslesti.";"20.04.2026 00:59:00";"11,28";"3,32";"340";"live";"MENEKSER";"BEYYURDU"
"2224";"400kV SİNCAN - BAĞLUM EİH";"Orta Anadolu YTM";"400";"SİNCAN";"BAĞLUM";"1353d19a-b0b5-45a1-8741-7d03cc8bc984";"matched-live";"Kaynak satir tekil olarak hatta eslesti.";"20.04.2026 00:39:00";"-233,39";"10,71";"2180";"live";"ANKARA-2";"BAGLUM"
"2226";"154kV SİNCAN - BALGAT EİH";"Orta Anadolu YTM";"154";"SİNCAN";"BALGAT";"902e267d-5137-4b33-bb3f-387f2cb17971";"matched-live";"Kaynak satir tekil olarak hatta eslesti.";"20.04.2026 00:39:00";"37,94";"15,18";"250";"live";"ANKARA-2";"BALGAT"
"2227";"154kV SİNCAN - ÜMİTKÖY EİH";"Orta Anadolu YTM";"154";"SİNCAN";"ÜMİTKÖY";"8aa60543-031e-4279-b7a6-dd2110d2620e";"matched-live";"Kaynak satir tekil olarak hatta eslesti.";"20.04.2026 00:39:00";"-56,17";"22,47";"250";"live";"UMITKOY";"ANKARA2"
"2239";"154kV TEMELLİ - BAYMİNA DGKÇ - III EİH";"Orta Anadolu YTM";"154";"TEMELLİ";"BAYMİNA DGKÇ";"874796a7-2e8f-456b-8613-70141a30abba";"matched-stale";"Kaynak satir bulundu ancak veri stale durumunda.";"19.04.2026 23:29:00";"-1,56";"0,46";"340";"dead";"TEMELLI";"ANKDG-ST"
"2240";"154kV TEMELLİ - BAYMİNA DGKÇ - I EİH";"Orta Anadolu YTM";"154";"TEMELLİ";"BAYMİNA DGKÇ";"012cb66d-f2ae-417a-8ce3-de73ac25c252";"matched-live";"Kaynak satir tekil olarak hatta eslesti.";"20.04.2026 00:39:00";"0,70";"0,21";"340";"live";"TEMELLI";"ANKDG-G1"
"2242";"154kV TEMELLİ - ÜMİTKÖY  II EİH";"Orta Anadolu YTM";"154";"TEMELLİ";"ÜMİTKÖY";"5a643cab-236e-4e34-8bf4-aae7948d1166";"matched-live";"Kaynak satir tekil olarak hatta eslesti.";"20.04.2026 00:39:00";"-53,78";"9,60";"560";"live";"UMITKOY";"TEMELLI2"
"6338";"154kV ÇUMRA - DİANA OTEL GES EİH";"Orta Anadolu YTM";"154";"ÇUMRA";"DİANA OTEL GES";"f866e230-93ae-41fa-87da-3a79d088fb32";"matched-live";"Kaynak satir tekil olarak hatta eslesti.";"20.04.2026 00:39:00";"90,66";"50,36";"180";"live";"DIANAGES";"CUMRA"
"2243";"154kV TEMELLİ - BAYMİNA DGKÇ - II EİH";"Orta Anadolu YTM";"154";"TEMELLİ";"BAYMİNA DGKÇ";"b6a23955-c263-4245-80e4-5f4b1637439c";"matched-stale";"Kaynak satir bulundu ancak veri stale durumunda.";"20.04.2026 00:38:00";"-1,58";"0,46";"340";"warn";"TEMELLI";"ANKDG-G2"
"6339";"154kV KARAMAN - DİANA OTEL GES EİH";"Orta Anadolu YTM";"154";"KARAMAN";"DİANA OTEL GES";"e7eebe87-d7b9-4b2e-9a22-3b93c5fe3b29";"matched-live";"Kaynak satir tekil olarak hatta eslesti.";"20.04.2026 00:39:00";"93,07";"51,70";"180";"live";"KARAMAN";"DIANAGES"
"2245";"154kV BAĞLUM - HASKÖY - I EİH";"Orta Anadolu YTM";"154";"BAĞLUM";"HASKÖY";"071d0d66-3fb1-468f-8390-7573636745a5";"matched-live";"Kaynak satir tekil olarak hatta eslesti.";"20.04.2026 00:39:00";"-72,57";"29,03";"250";"live";"HASKOY";"BAGLUM-1"
"2247";"154kV BAĞLUM - ESENBOĞA - I EİH";"Orta Anadolu YTM";"154";"BAĞLUM";"ESENBOĞA";"bad5a267-7788-4854-b828-603bc8607cf8";"matched-live";"Kaynak satir tekil olarak hatta eslesti.";"20.04.2026 00:39:00";"-31,07";"9,14";"340";"live";"ESENBOGA";"BAGLUM-1"
"2248";"154kV BAĞLUM - ESENBOĞA - II EİH";"Orta Anadolu YTM";"154";"BAĞLUM";"ESENBOĞA";"b7709e26-2dae-49b4-8856-279795e60d35";"matched-live";"Kaynak satir tekil olarak hatta eslesti.";"20.04.2026 00:39:00";"-28,56";"8,40";"340";"live";"ESENBOGA";"BAGLUM-2"
"2249";"154kV BAĞLUM - HASKÖY - II EİH";"Orta Anadolu YTM";"154";"BAĞLUM";"HASKÖY";"3da760d5-2bad-4040-97bc-6258194f62ee";"matched-live";"Kaynak satir tekil olarak hatta eslesti.";"20.04.2026 00:39:00";"-11,18";"4,47";"250";"live";"HASKOY";"BAGLUM-2"
"2255";"154kV ANKARA SANAYİ - MACUNKÖY EİH";"Orta Anadolu YTM";"154";"ANKARA SANAYİ";"MACUNKÖY";"a29cab1d-5038-494f-afb9-a0da8b2a11b5";"matched-live";"Kaynak satir tekil olarak hatta eslesti.";"20.04.2026 00:39:00";"-3,17";"0,93";"340";"live";"MACUNKOY";"ANKARASA"
"2256";"154kV ANKARA SANAYİ - OSTİM OSB EİH";"Orta Anadolu YTM";"154";"ANKARA SANAYİ";"OSTİM OSB";"47bc10da-0571-4128-a374-a85e7819ec86";"matched-live";"Kaynak satir tekil olarak hatta eslesti.";"20.04.2026 00:39:00";"-6,88";"2,02";"340";"live";"OSTIMOSB";"ANKARASA"
"2257";"154kV BALGAT - MALTEPE EİH";"Orta Anadolu YTM";"154";"BALGAT";"MALTEPE ANKARA";"88862231-80ea-44d6-8680-5b29f44e40d0";"matched-live";"Kaynak satir tekil olarak hatta eslesti.";"20.04.2026 00:39:00";"53,28";"21,31";"250";"live";"MALTEPE";"BALGAT"
"2259";"154kV BAŞTAŞ - KIRIKKALE EİH";"Orta Anadolu YTM";"154";"BAŞTAŞ";"KIRIKKALE";"77b188e8-e917-437e-afe3-2d9c9ce0ab09";"matched-live";"Kaynak satir tekil olarak hatta eslesti.";"20.04.2026 00:39:00";"-3,07";"1,23";"250";"live";"KIRIKKAL";"BASTAS"
"2261";"154kV BEYLİKKÖPRÜ - POLATLI EİH";"Orta Anadolu YTM";"154";"BEYLİKKÖPRÜ";"POLATLI";"0fe20931-9c9f-4471-88be-cc99f43113bc";"matched-live";"Kaynak satir tekil olarak hatta eslesti.";"20.04.2026 00:39:00";"9,99";"5,55";"180";"live";"POLATLI";"BEYKOPRU"
"2262";"154kV BEYPAZARI - ETİ SODA EİH";"Orta Anadolu YTM";"154";"BEYPAZARI";"ETİ SODA";"e161309a-e3a4-4d76-bb71-394082c792cb";"matched-live";"Kaynak satir tekil olarak hatta eslesti.";"20.04.2026 00:39:00";"-48,29";"19,31";"250";"live";"ETI-SODA";"BEYPAZAR"
"2265";"154kV HACILAR - KAPULUKAYA HES EİH";"Orta Anadolu YTM";"154";"HACILAR";"KAPULUKAYA HES";"f8a64114-bd8a-4927-8b71-d02af4b786fe";"matched-live";"Kaynak satir tekil olarak hatta eslesti.";"20.04.2026 00:39:00";"2,42";"1,34";"180";"live";"KAPULUKA";"HACILAR"
"2268";"154kV KALECİK - KIRIKKALE EİH";"Orta Anadolu YTM";"154";"KALECİK";"KIRIKKALE";"5c629b1a-c36d-450d-b2be-df4420cce1f6";"matched-live";"Kaynak satir tekil olarak hatta eslesti.";"20.04.2026 00:39:00";"5,22";"2,90";"180";"live";"KIRIKKAL";"KALECIK"
"2270";"154kV KIRIKKALE - ÇİMPOR EİH";"Orta Anadolu YTM";"154";"KIRIKKALE";"ÇİMPOR";"22b85ff6-9006-411b-898d-ff3683fd0eee";"matched-live";"Kaynak satir tekil olarak hatta eslesti.";"20.04.2026 00:39:00";"-1,81";"0,72";"250";"live";"KIRIKKAL";"CIMPOR"
"6368";"154kV YAYSUN GES - ATAHAN GES EİH";"Orta Anadolu YTM";"154";"YAYSUN GES";"ATAHAN GES";"66361ce5-cdff-4208-9028-e0ed2a7e5fc0";"matched-live";"Kaynak satir tekil olarak hatta eslesti.";"20.04.2026 00:39:00";"16,68";"4,91";"340";"live";"YAYSUNGE";"ATAHANGS"
"6369";"154kV ATAHAN GES - UĞURLU GES EİH";"Orta Anadolu YTM";"154";"ATAHAN GES";"UĞURLU GES";"2d9e22f7-cc64-4faf-9e4a-e8b48b936301";"matched-stale";"Kaynak satir bulundu ancak veri stale durumunda.";"20.04.2026 00:37:00";"-21,13";"6,21";"340";"dead";"G4_BOR-2";"G4_BOR-1"
"2274";"154kV MAMAK - HASKÖY EİH";"Orta Anadolu YTM";"154";"MAMAK";"HASKÖY";"5c6d486d-df37-4b97-acb6-9668ef7fdec2";"matched-live";"Kaynak satir tekil olarak hatta eslesti.";"20.04.2026 00:39:00";"39,43";"15,77";"250";"live";"MAMAK";"HASKOY"
"2277";"154kV KIRIKKALE -> KIZILIRMAK - KESİKKÖPRÜ HES EİH";"Orta Anadolu YTM";"154";"KIRIKKALE";"KESİKKÖPRÜ SANAL";"95720a48-dde5-432c-8173-b8542accb10a";"matched-live";"Kaynak satir tekil olarak hatta eslesti.";"20.04.2026 00:39:00";"-14,47";"5,79";"250";"live";"KIRIKKAL";"KIZILIRM"
"6376";"154kV ALAKOVA - MERAM GİS EİH";"Orta Anadolu YTM";"154";"ALAKOVA";"MERAM GİS";"d76a8341-a4ee-460c-8012-7289e954a749";"matched-live";"Kaynak satir tekil olarak hatta eslesti.";"20.04.2026 00:39:00";"-33,67";"9,90";"340";"live";"MERAMGIS";"ALAKOVA"
"2283";"154kV KAYSERİ KAPASİTÖR - KAYSERİ2 - I EİH";"Orta Anadolu YTM";"154";"KAYSERİ KAPASİTÖR";"KAYSERİ2";"2e362cff-5fa5-437a-ab88-b6b87dc3e1a1";"matched-live";"Kaynak satir tekil olarak hatta eslesti.";"20.04.2026 00:39:00";"62,65";"25,06";"250";"live";"KAYSERI";"KAYSER21"
"2284";"154kV KAYSERİ KAPASİTÖR - KAYSERİ2 - II EİH";"Orta Anadolu YTM";"154";"KAYSERİ KAPASİTÖR";"KAYSERİ2";"c1ca444c-6610-4b7c-9a82-d8977580c408";"matched-live";"Kaynak satir tekil olarak hatta eslesti.";"20.04.2026 00:39:00";"59,96";"23,98";"250";"live";"KAYSERI";"KAYSER22"
"2285";"154kV KAYSERİ KAPASİTÖR - KAYSERİ2 - III EİH";"Orta Anadolu YTM";"154";"KAYSERİ KAPASİTÖR";"KAYSERİ2";"8ad1f19b-1a79-422e-87ee-1dbcf0f56d64";"matched-stale";"Kaynak satir bulundu ancak veri stale durumunda.";"20.04.2026 00:38:00";"61,22";"18,01";"340";"warn";"KAYSERI";"KAYSER23"
"2287";"154kV KAYSERİ KAPASİTÖR - SIZIR EİH";"Orta Anadolu YTM";"154";"KAYSERİ KAPASİTÖR";"SIZIR";"dbd700a7-3ea7-4b44-a0ea-19cd94bea97f";"matched-live";"Kaynak satir tekil olarak hatta eslesti.";"20.04.2026 00:39:00";"63,74";"35,41";"180";"live";"SIZIR";"KAYSRKAP"
"2290";"154kV KAYSERİ2 - KAYSERİ3 EİH";"Orta Anadolu YTM";"154";"KAYSERİ2";"KAYSERİ3";"1b1ce649-2a80-4ae3-ab45-b50a8216a40d";"matched-live";"Kaynak satir tekil olarak hatta eslesti.";"20.04.2026 00:39:00";"-39,66";"15,86";"250";"live";"KAYSER3";"KAYSER2"
"2291";"154kV KAYSERİ2 - ÇİNKUR EİH";"Orta Anadolu YTM";"154";"KAYSERİ2";"ÇİNKUR";"88a679a5-faa1-467b-babd-0e0dd3ecf949";"matched-live";"Kaynak satir tekil olarak hatta eslesti.";"20.04.2026 00:39:00";"8,04";"4,47";"180";"live";"KAYSERI2";"CINKUR"
"2295";"154kV KAYSERİ3 - ÇİNKUR EİH";"Orta Anadolu YTM";"154";"KAYSERİ3";"ÇİNKUR";"0108b0d5-c97a-4163-b8da-c57716f06a83";"matched-live";"Kaynak satir tekil olarak hatta eslesti.";"20.04.2026 00:39:00";"-61,24";"24,50";"250";"live";"KAYSER3";"CINKUR"
"6391";"154kV ÇAYIRHAN TES - NALLIHAN EİH";"Orta Anadolu YTM";"154";"ÇAYIRHAN TES";"NALLIHAN";"afadf5a2-364a-459e-8f9e-94bc2d1ae274";"matched-live";"Kaynak satir tekil olarak hatta eslesti.";"20.04.2026 00:39:00";"-114,20";"63,45";"180";"live";"NALLIHAN";"CAYIRHAN"
"6392";"154kV SARIYAR HES - NALLIHAN - II EİH";"Orta Anadolu YTM";"154";"SARIYAR HES";"NALLIHAN";"a5298c09-a570-44d2-877b-f5d2865b7f8b";"matched-live";"Kaynak satir tekil olarak hatta eslesti.";"20.04.2026 00:39:00";"14,80";"8,22";"180";"live";"SARIYAR";"NALLIHA2"
"2297";"154kV KARATAY - ÇUMRA EİH";"Orta Anadolu YTM";"154";"KARATAY";"ÇUMRA";"29abcd2d-f1f7-492e-ae51-909fcf3eba98";"matched-live";"Kaynak satir tekil olarak hatta eslesti.";"20.04.2026 00:39:00";"-98,41";"35,15";"280";"live";"KARATAY";"CUMRA"
"6393";"154kV BOLU1 - NALLIHAN EİH";"Kuzey Batı Anadolu YTM / Orta Anadolu YTM";"154";"BOLU1";"NALLIHAN";"bc9938b7-9dec-4477-84de-57848357784a";"matched-live";"Kaynak satir tekil olarak hatta eslesti.";"20.04.2026 00:39:00";"54,82";"30,46";"180";"live";"NALLIHAN";"BOLU-1"
"6394";"154kV SARIYAR HES - NALLIHAN - I EİH";"Orta Anadolu YTM";"154";"SARIYAR HES";"NALLIHAN";"a76b4a98-8f79-4298-9350-35f0a491cb56";"matched-live";"Kaynak satir tekil olarak hatta eslesti.";"20.04.2026 00:39:00";"12,33";"4,93";"250";"live";"SARIYAR";"NALLIHA1"
"6395";"154kV MUDURNU - NALLIHAN EİH";"Kuzey Batı Anadolu YTM / Orta Anadolu YTM";"154";"MUDURNU";"NALLIHAN";"f6d0b17a-d385-4da1-a256-27a7c623d07e";"matched-stale";"Kaynak satir bulundu ancak veri stale durumunda.";"20.04.2026 00:38:00";"45,79";"18,32";"250";"warn";"NALLIHAN";"MUDURNU"
"2300";"154kV KARATAY - KAYACIK - I EİH";"Orta Anadolu YTM";"154";"KARATAY";"KAYACIK";"1509ee9a-550c-4461-b18d-f4bd91482503";"matched-stale";"Kaynak satir bulundu ancak veri stale durumunda.";"20.04.2026 00:37:00";"-18,24";"6,51";"280";"dead";"KAYACIK";"KARATAY1"
"6396";"154kV MAV BİYOKÜTLE - NALLIHAN EİH";"Kuzey Batı Anadolu YTM / Orta Anadolu YTM";"154";"MAV BİYOKÜTLE";"NALLIHAN";"6d78ef3c-58bb-4cca-8c6a-ba05e7c628bb";"matched-live";"Kaynak satir tekil olarak hatta eslesti.";"20.04.2026 00:39:00";"33,28";"13,31";"250";"live";"NALLIHAN";"MAV-BIO"
"2301";"154kV KARATAY - KAYACIK - II EİH";"Orta Anadolu YTM";"154";"KARATAY";"KAYACIK";"5db01c3c-01c2-4749-910b-1ecb9096411a";"matched-stale";"Kaynak satir bulundu ancak veri stale durumunda.";"20.04.2026 00:37:00";"-18,45";"6,59";"280";"dead";"KAYACIK";"KARATAY2"
"2302";"154kV KARATAY - KIZÖREN EİH";"Orta Anadolu YTM";"154";"KARATAY";"KIZÖREN";"83e234d3-bb38-4da5-9954-e2e77abd1ceb";"matched-live";"Kaynak satir tekil olarak hatta eslesti.";"20.04.2026 00:39:00";"-26,26";"9,38";"280";"live";"KIZOREN";"KARATAY"
"2306";"154kV EREĞLİ - KARAPINAR EİH";"Orta Anadolu YTM";"154";"EREĞLİ KONYA";"KARAPINAR";"35e45bbd-8da0-4d76-91c9-ac92987c1049";"matched-live";"Kaynak satir tekil olarak hatta eslesti.";"20.04.2026 00:39:00";"-43,96";"17,58";"250";"live";"KARAPINA";"EREGLI"
"2308";"154kV ALİBEY HÖYÜĞÜ - ÇUMRA EİH";"Orta Anadolu YTM";"154";"ALİBEY HÖYÜĞÜ";"ÇUMRA";"fd212a25-759b-4219-83ed-2a2b322ee9d9";"matched-live";"Kaynak satir tekil olarak hatta eslesti.";"20.04.2026 00:39:00";"34,18";"18,99";"180";"live";"CUMRA";"ABHOYUGU"
"2310";"154kV ÇUMRA - GÜNEYSINIR EİH";"Orta Anadolu YTM";"154";"ÇUMRA";"GÜNEYSINIR";"d51a6a2e-e5bb-41f1-8ad9-45c86fd9dae6";"matched-live";"Kaynak satir tekil olarak hatta eslesti.";"20.04.2026 00:39:00";"57,04";"16,78";"340";"live";"GUNEYSNR";"CUMRA"
"6406";"400kV TEMELLİ - İGA GES EİH";"Orta Anadolu YTM";"400";"TEMELLİ";"İGA GES";"2ee7de58-a1a4-4c21-8e5b-6046ebe89bcc";"matched-live";"Kaynak satir tekil olarak hatta eslesti.";"20.04.2026 00:39:00";"26,12";"0,99";"2630";"live";"TEMELLI";"IGAGES"
"6407";"400kV İGA GES - AFYON2 EİH";"Orta Anadolu YTM / Batı Akdeniz YTM";"400";"İGA GES";"AFYON2";"147d5ba7-5e37-4b26-bb7b-58e2cc05fc94";"matched-live";"Kaynak satir tekil olarak hatta eslesti.";"20.04.2026 00:39:00";"34,88";"1,33";"2630";"live";"IGAGES";"AFYON-2"
"6408";"154kV MAMAK - KAYAŞ - I EİH";"Orta Anadolu YTM";"154";"MAMAK";"KAYAŞ";"6b02021c-73ab-42ab-b282-7837eeaf5e6a";"matched-live";"Kaynak satir tekil olarak hatta eslesti.";"20.04.2026 00:39:00";"-25,35";"10,14";"250";"live";"MAMAK";"KAYAS-1"
"6411";"154kV MAMAK - KAYAŞ - III EİH";"Orta Anadolu YTM";"154";"MAMAK";"KAYAŞ";"c977bea4-20e5-4a41-9a75-5e61cae11209";"matched-live";"Kaynak satir tekil olarak hatta eslesti.";"20.04.2026 00:39:00";"-58,90";"17,32";"340";"live";"MAMAK";"KAYAS-3"
"2317";"400kV YEŞİLHİSAR - TEMELLİ - GÜNEY EİH";"Orta Anadolu YTM";"400";"YEŞİLHİSAR";"AĞAÇÖREN SKM";"8eb54664-7d2d-4ede-a7e4-515e8ed3b231";"matched-live";"Kaynak satir tekil olarak hatta eslesti.";"20.04.2026 00:39:00";"814,50";"30,97";"2630";"live";"YESILHIS";"AGACOR.G"
"2318";"400kV YEŞİLHİSAR - TEMELLİ - KUZEY EİH";"Orta Anadolu YTM";"400";"YEŞİLHİSAR";"AĞAÇÖREN SKM";"f74f5067-e2eb-4de6-85df-61723d02980f";"matched-live";"Kaynak satir tekil olarak hatta eslesti.";"20.04.2026 00:39:00";"823,85";"31,33";"2630";"live";"YESILHIS";"AGACOR.K"
"2321";"154kV YEŞİLHİSAR - ÇAMLICA1 HES EİH";"Orta Anadolu YTM";"154";"YEŞİLHİSAR";"ÇAMLICA1 HES";"d92cd58d-fc73-4c20-8382-72c5ab718cce";"matched-live";"Kaynak satir tekil olarak hatta eslesti.";"20.04.2026 00:39:00";"-60,32";"17,74";"340";"live";"YESILHIS";"CAMLICA1"
"2322";"154kV YEŞİLHİSAR - DERİNKUYU EİH";"Orta Anadolu YTM";"154";"YEŞİLHİSAR";"DERİNKUYU";"fa01bb1a-2f9b-4d35-8ca8-136319988959";"matched-live";"Kaynak satir tekil olarak hatta eslesti.";"20.04.2026 00:39:00";"53,49";"15,73";"340";"live";"YESILHIS";"DERINKUY"
"2323";"154kV YEŞİLHİSAR - NİĞDE EİH";"Orta Anadolu YTM";"154";"YEŞİLHİSAR";"NİĞDE";"4c9c2e4a-fca1-43a2-a715-cb0052d3a1b3";"matched-live";"Kaynak satir tekil olarak hatta eslesti.";"20.04.2026 00:39:00";"66,63";"19,60";"340";"live";"YESILHIS";"NIGDE"
"2324";"154kV YEŞİLHİSAR - SENDİREMEKE EİH";"Orta Anadolu YTM";"154";"YEŞİLHİSAR";"SENDİREMEKE";"c4afe802-a494-475a-9c86-42f1e10c1fb4";"matched-live";"Kaynak satir tekil olarak hatta eslesti.";"20.04.2026 00:39:00";"-14,37";"5,75";"250";"live";"YESILHIS";"SENDIREM"
"2325";"154kV AKDAĞ MADENİ - SIZIR EİH";"Orta Anadolu YTM";"154";"AKDAĞ MADENİ";"SIZIR";"97f196aa-d504-4055-89d4-d536606bdbe7";"matched-live";"Kaynak satir tekil olarak hatta eslesti.";"20.04.2026 00:39:00";"-3,80";"2,11";"180";"live";"SIZIR";"AKDAGMDN"
"2326";"154kV BOĞAZLIYAN - KALABA EİH";"Orta Anadolu YTM";"154";"BOĞAZLIYAN";"KALABA";"cbc80bf5-6c3f-4df2-95eb-e921798fdc31";"matched-stale";"Kaynak satir bulundu ancak veri stale durumunda.";"20.04.2026 00:38:00";"6,39";"3,55";"180";"warn";"KALABA";"BOGAZLYN"
"2334";"154kV BOR - NİĞDE OSB EİH";"Orta Anadolu YTM";"154";"BOR";"NİĞDE OSB";"49477405-e7f0-421e-a3f9-aa8f730ed65a";"matched-live";"Kaynak satir tekil olarak hatta eslesti.";"20.04.2026 00:39:00";"-23,18";"6,82";"340";"live";"NIGDEOSB";"BOR"
"6431";"154kV ÇEKEREK HAVZA - KARALIK RES EİH";"Orta Anadolu YTM";"154";"ÇEKEREK HAVZA";"KARALIK RES";"173ae7f4-e4e2-4c9f-8126-d47906a014c2";"matched-stale";"Kaynak satir bulundu ancak veri stale durumunda.";"20.04.2026 00:37:00";"16,74";"4,92";"340";"dead";"KARALIKR";"CEKRKHVZ"
"2336";"154kV CİHANBEYLİ - KULU EİH";"Orta Anadolu YTM";"154";"CİHANBEYLİ";"KULU";"d9bd8154-7dfa-4f1c-87d3-92f9ad22ce8d";"matched-live";"Kaynak satir tekil olarak hatta eslesti.";"20.04.2026 00:39:00";"-20,94";"6,16";"340";"live";"KULU";"CIHANBEY"
"6432";"154kV AKKÖPRÜ - KAYAŞ EİH";"Orta Anadolu YTM";"154";"AKKÖPRÜ";"KAYAŞ";"aca9ccbc-b1dc-4ba4-9eb0-b9704e9a0320";"matched-live";"Kaynak satir tekil olarak hatta eslesti.";"20.04.2026 00:39:00";"94,90";"27,91";"340";"live";"KAYAS";"AKKOPRU"
"2338";"154kV ÇİNKUR - YAMULA HES EİH";"Orta Anadolu YTM";"154";"ÇİNKUR";"YAMULA HES";"95329efd-d60c-424b-8dd1-d9fc024cb3b0";"matched-stale";"Kaynak satir bulundu ancak veri stale durumunda.";"20.04.2026 00:27:00";"74,53";"29,81";"250";"dead";"YAMULAHS";"CINKUR"
"2340";"154kV DERİNKUYU - MİSLİOVA EİH";"Orta Anadolu YTM";"154";"DERİNKUYU";"MİSLİOVA";"2f19c0ed-535a-4815-9166-e080f2e7b6aa";"matched-live";"Kaynak satir tekil olarak hatta eslesti.";"20.04.2026 00:39:00";"-16,81";"4,94";"340";"live";"MISLIOVA";"DERINKUY"
"2341";"154kV KIRŞEHİR - PETLAS EİH";"Orta Anadolu YTM";"154";"KIRŞEHİR";"PETLAS";"d275aa0f-4c7b-44de-a411-4acd269777a3";"matched-live";"Kaynak satir tekil olarak hatta eslesti.";"20.04.2026 00:39:00";"49,81";"27,67";"180";"live";"PETLAS";"KIRSEHIR"
"2343";"154kV MİSLİOVA - NİĞDE EİH";"Orta Anadolu YTM";"154";"MİSLİOVA";"NİĞDE";"2d3ebbe3-5707-4b5a-9258-40e2108398da";"matched-live";"Kaynak satir tekil olarak hatta eslesti.";"20.04.2026 00:39:00";"-12,98";"3,82";"340";"live";"NIGDE";"MISLIOVA"
"2344";"154kV NİĞDE - NİĞDE OSB EİH";"Orta Anadolu YTM";"154";"NİĞDE";"NİĞDE OSB";"2f228cc1-8bdd-424a-9025-4cdb95179bc5";"matched-live";"Kaynak satir tekil olarak hatta eslesti.";"20.04.2026 00:39:00";"-15,30";"4,50";"340";"live";"NIGDEOSB";"NIGDE"
"2346";"154kV ŞARKIŞLA - SIZIR EİH";"Orta Anadolu YTM";"154";"ŞARKIŞLA";"SIZIR";"103ecac0-8e13-4874-b642-509f2538bc4a";"matched-live";"Kaynak satir tekil olarak hatta eslesti.";"20.04.2026 00:39:00";"44,68";"17,87";"250";"live";"SARKISLA";"SIZIR"
"6446";"154kV AYBASTI RES - KEPEZKAYA HAVZA EİH";"Orta Anadolu YTM";"154";"AYBASTI RES";"KEPEZKAYA HAVZA";"b3a56953-07cb-485a-8df4-390926ff8837";"matched-live";"Kaynak satir tekil olarak hatta eslesti.";"20.04.2026 00:39:00";"-33,08";"9,73";"340";"live";"KEPEZKAY";"AYBASTI"
"2351";"154kV YİBİTAŞ - YOZGAT EİH";"Orta Anadolu YTM";"154";"YİBİTAŞ";"YOZGAT";"6864f3b3-6ebb-4ad9-a270-d41cdb3da430";"matched-live";"Kaynak satir tekil olarak hatta eslesti.";"20.04.2026 00:39:00";"46,54";"25,85";"180";"live";"YOZGAT";"YIBITAS"
"6448";"154kV ASELSAN MOBİL - EMİRLER EİH";"Orta Anadolu YTM";"154";"ASELSAN MOBİL";"EMİRLER";"1485ad5f-369f-4400-80ae-349d102a2322";"matched-live";"Kaynak satir tekil olarak hatta eslesti.";"20.04.2026 00:39:00";"11,53";"4,61";"250";"live";"EMIRLER";"ASELSANM"
"2360";"154kV DDY A.PINARBAŞI - KARATAY EİH";"Orta Anadolu YTM";"154";"DDY A.PINARBAŞI";"KARATAY";"2d2ce2a5-a1eb-4008-8daf-828c7aa8bd66";"matched-live";"Kaynak satir tekil olarak hatta eslesti.";"20.04.2026 00:39:00";"-24,39";"7,17";"340";"live";"KARATAY";"DDYPINAR"
"6456";"154kV BÜSAN - HOTAMIŞ EİH";"Orta Anadolu YTM";"154";"BÜSAN";"HOTAMIŞ";"dc4d2880-0b41-406d-b4ba-e137efb87451";"matched-live";"Kaynak satir tekil olarak hatta eslesti.";"20.04.2026 00:39:00";"22,54";"6,63";"340";"live";"HOTAMIS";"BUSAN"
"2363";"154kV BOĞAZLIYAN - SORGUN EİH";"Orta Anadolu YTM";"154";"BOĞAZLIYAN";"SORGUN";"a103120e-1ba9-4c05-9e78-a32a21d8a1b6";"matched-live";"Kaynak satir tekil olarak hatta eslesti.";"20.04.2026 00:39:00";"-0,36";"0,11";"340";"live";"SORGUN";"BOGAZLYN"
"6463";"154kV SENDİREMEKE -> TAKSAN - ÇİNKUR EİH";"Orta Anadolu YTM";"154";"TAKSAN SANAL";"SENDİREMEKE";"eb6bd1d4-9067-495e-b222-1f315dadd852";"matched-live";"Kaynak satir tekil olarak hatta eslesti.";"20.04.2026 00:39:00";"31,29";"17,38";"180";"live";"SENDIRMK";"TAKSAN"
"6464";"154kV ÇİNKUR -> TAKSAN - SENDİREMEKE EİH";"Orta Anadolu YTM";"154";"TAKSAN SANAL";"ÇİNKUR";"91b5313f-fbba-4dfd-8c2a-10436595c3a9";"matched-live";"Kaynak satir tekil olarak hatta eslesti.";"20.04.2026 00:39:00";"-15,69";"4,62";"340";"live";"CINKUR";"TAKSAN"
"6465";"154kV TAKSAN -> SENDİREMEKE - ÇİNKUR EİH";"Orta Anadolu YTM";"154";"TAKSAN SANAL";"TAKSAN";"49de0a3b-d055-4ede-8c1f-a58c7d311bc5";"matched-live";"Kaynak satir tekil olarak hatta eslesti.";"20.04.2026 00:39:00";"-12,22";"3,60";"340";"live";"TAKSAN";"SENDIREM"
"6478";"400kV KARATAY - SEYDİŞEHİR (YENİ) EİH";"Orta Anadolu YTM / Batı Akdeniz YTM";"400";"KARATAY";"SEYDİŞEHİR (YENİ)";"76392279-6b71-473e-a730-3fd497983239";"matched-live";"Kaynak satir tekil olarak hatta eslesti.";"20.04.2026 00:39:00";"1,10";"0,08";"1450";"live";"KARATAY";"SEYDISEH"
"2383";"154kV ÇAMLICA1 HES - AKSU RES EİH";"Orta Anadolu YTM";"154";"ÇAMLICA1 HES";"AKSU RES";"7ecb6381-0a0c-4f87-8c83-eafa686386ed";"matched-live";"Kaynak satir tekil olarak hatta eslesti.";"20.04.2026 00:39:00";"-30,76";"12,30";"250";"live";"CAMLICA";"AKSURES"
"2384";"154kV ÇAMLICA1 HES - ÇAMLICA3 HES EİH";"Orta Anadolu YTM";"154";"ÇAMLICA1 HES";"ÇAMLICA3 HES";"22b212df-2ad8-4044-8478-d5258e21e151";"matched-live";"Kaynak satir tekil olarak hatta eslesti.";"20.04.2026 00:39:00";"14,54";"4,28";"340";"live";"CAMLICA3";"CAMLICA1"
"6480";"154kV ALİBEY HÖYÜĞÜ - SEYDİŞEHİR (YENİ) EİH";"Orta Anadolu YTM / Batı Akdeniz YTM";"154";"ALİBEY HÖYÜĞÜ";"SEYDİŞEHİR (YENİ)";"ed4081b7-128b-49d5-b693-10329488a1ca";"matched-live";"Kaynak satir tekil olarak hatta eslesti.";"20.04.2026 00:39:00";"33,88";"18,82";"180";"live";"A.HOYUGU";"SEYDISEH"
"2385";"154kV KEPEZKAYA HAVZA - KEPEZKAYA HES EİH";"Orta Anadolu YTM";"154";"KEPEZKAYA HAVZA";"KEPEZKAYA HES";"32cc9deb-e940-4d8f-a7ca-3450f815ed4f";"matched-live";"Kaynak satir tekil olarak hatta eslesti.";"20.04.2026 00:39:00";"18,74";"10,41";"180";"live";"KPZKAYHS";"KEPEZKAY"
"2386";"154kV BEYLİKKÖPRÜ - DDY SAZAK EİH";"Orta Anadolu YTM";"154";"BEYLİKKÖPRÜ";"DDY SAZAK";"8163b8cd-3de3-4de7-8b62-40cfb413bc99";"missing-source-row";"Aktif SCADA ID kaynak sorguda bulunmadi.";"-";"";"";"";"";"";""
"6482";"154kV MERAM GİS - SEYDİŞEHİR EİH";"Orta Anadolu YTM / Batı Akdeniz YTM";"154";"MERAM GİS";"SEYDİŞEHİR (YENİ)";"a4933ca3-22b4-4185-b7d5-c6120a937bb0";"matched-live";"Kaynak satir tekil olarak hatta eslesti.";"20.04.2026 00:39:00";"-25,57";"14,21";"180";"live";"MERAMGIS";"SEYDISEH"
"2387";"154kV BEYLİKKÖPRÜ - DDY BEYLİKKÖPRÜ EİH";"Orta Anadolu YTM";"154";"BEYLİKKÖPRÜ";"DDY BEYLİKKÖPRÜ";"da87d148-8c7b-4259-a3e6-0a043acebbf5";"missing-source-row";"Aktif SCADA ID kaynak sorguda bulunmadi.";"-";"";"";"";"";"";""
"2391";"400kV ESKİŞEHİR3 - GÖKÇEKAYA HES EİH";"Kuzey Batı Anadolu YTM / Orta Anadolu YTM";"400";"ESKİŞEHİR3";"GÖKÇEKAYA HES";"fd027666-1f39-4780-bc1f-486aad687a27";"matched-live";"Kaynak satir tekil olarak hatta eslesti.";"20.04.2026 00:39:00";"-49,51";"3,41";"1450";"live";"GOKCEKAY";"ESKISEH3"
"2393";"400kV OSMANCA - SİNCAN EİH";"Kuzey Batı Anadolu YTM / Orta Anadolu YTM";"400";"OSMANCA";"SİNCAN";"64a14f61-8090-4eee-b371-8a7e89c7fa16";"matched-live";"Kaynak satir tekil olarak hatta eslesti.";"20.04.2026 00:39:00";"932,92";"42,79";"2180";"live";"ANKARA-2";"OSMANCA"
"2408";"154kV AKDAĞ MADENİ - ARTOVA ÇİMENTO EİH";"Orta Anadolu YTM / Orta Karadeniz YTM";"154";"AKDAĞ MADENİ";"ARTOVA ÇİMENTO";"f9570166-51e2-4ca6-b100-b08e77fd0fb3";"matched-live";"Kaynak satir tekil olarak hatta eslesti.";"20.04.2026 00:39:00";"-9,98";"5,55";"180";"live";"AKDAGMDN";"ARTOVACM"
"6507";"154kV OYÇİM GES - SİNCAN EİH";"Orta Anadolu YTM";"154";"OYÇİM GES";"SİNCAN";"40a46a78-d796-4360-98c8-f58cfa60bd36";"matched-live";"Kaynak satir tekil olarak hatta eslesti.";"20.04.2026 00:39:00";"-65,93";"36,63";"180";"live";"OYAK1GES";"SINCAN"
"6508";"154kV OYÇİM GES - BEYPAZARI EİH";"Orta Anadolu YTM";"154";"OYÇİM GES";"BEYPAZARI";"39eeadf3-8671-4e13-99af-04870e571527";"matched-live";"Kaynak satir tekil olarak hatta eslesti.";"20.04.2026 00:39:00";"71,57";"39,76";"180";"live";"OYAK1GES";"BEYPAZAR"
"6509";"400kV SEYDİŞEHİR (YENİ) -> EREĞLİ - ADANA EİH";"Orta Anadolu YTM / Batı Akdeniz YTM";"400";"EREĞLİ SANAL";"SEYDİŞEHİR (YENİ)";"";"missing-active-id";"Hat icin aktif SCADA ID tanimli degil.";"-";"";"";"";"";"";""
"6547";"400kV KARATAY -> MERSİN380 - AKKUYU NGS GİS EİH";"Doğu Akdeniz YTM / Orta Anadolu YTM";"400";"AKKUYU NGS GİS SANAL";"KARATAY";"";"missing-active-id";"Hat icin aktif SCADA ID tanimli degil.";"-";"";"";"";"";"";""
"6551";"154kV ÜMİTKÖY -> ALCI OSB MOBİL - TEMELLİ EİH";"Orta Anadolu YTM";"154";"ÜMİTKÖY";"ALCI OSB SANAL";"";"missing-active-id";"Hat icin aktif SCADA ID tanimli degil.";"-";"";"";"";"";"";""
"6552";"154kV TEMELLİ -> ALCI OSB MOBİL - ÜMİTKÖY EİH";"Orta Anadolu YTM";"154";"TEMELLİ";"ALCI OSB SANAL";"";"missing-active-id";"Hat icin aktif SCADA ID tanimli degil.";"-";"";"";"";"";"";""
"6553";"154kV ALCI OSB MOBİL -> ÜMİTKÖY - TEMELLİ EİH";"Orta Anadolu YTM";"154";"ALCI OSB MOBİL";"ALCI OSB SANAL";"5bb55357-f374-4937-b402-b48c001a34fb";"missing-source-row";"Aktif SCADA ID kaynak sorguda bulunmadi.";"-";"";"";"";"";"";""
"2500";"154kV SİVRİHİSAR - EMİRDAĞ EİH";"Orta Anadolu YTM / Batı Akdeniz YTM";"154";"SİVRİHİSAR";"EMİRDAĞ";"c8aef884-9d4b-46d1-8b93-e43676b4ffc6";"matched-live";"Kaynak satir tekil olarak hatta eslesti.";"20.04.2026 00:39:00";"-12,26";"6,81";"180";"live";"SIVRIHIS";"EMIRDAG"
"2576";"400kV BAĞLUM - KAYABAŞI EİH";"Orta Anadolu YTM / Orta Karadeniz YTM";"400";"BAĞLUM";"KAYABAŞI";"1665f084-81de-418c-ad22-29708aac5433";"matched-live";"Kaynak satir tekil olarak hatta eslesti.";"20.04.2026 00:39:00";"-563,08";"25,83";"2180";"live";"BAGLUM";"KAYABASI"
"2596";"154kV BEYLİKKÖPRÜ - SİVRİHİSAR EİH";"Orta Anadolu YTM";"154";"BEYLİKKÖPRÜ";"SİVRİHİSAR";"a9df9911-8328-4af7-9e55-9e8f46c6ff36";"matched-stale";"Kaynak satir bulundu ancak veri stale durumunda.";"20.04.2026 00:38:00";"12,55";"6,97";"180";"warn";"SIVRIHIS";"BEYLIKKO"
"2695";"400kV KAYSERİ KAPASİTÖR - ELBİSTAN TES  EİH";"Orta Anadolu YTM / Güney Doğu Anadolu YTM";"400";"KAYSERİ KAPASİTÖR";"ELBİSTAN TES";"7ee64927-e03f-42a8-9b27-e2e543a9531b";"matched-stale";"Kaynak satir bulundu ancak veri stale durumunda.";"20.04.2026 00:37:00";"-152,57";"10,52";"1450";"dead";"KAYSERI";"ELBISTAN"
"2719";"154kV ESKİŞEHİR2 - YENİCE HES EİH";"Kuzey Batı Anadolu YTM / Orta Anadolu YTM";"154";"ESKİŞEHİR2";"YENİCE HES";"c6475b3f-2e91-4a8d-a3ae-3b8df98a79a1";"matched-stale";"Kaynak satir bulundu ancak veri stale durumunda.";"20.04.2026 00:36:00";"9,67";"3,87";"250";"dead";"YENICE";"E.SEHIR2"
"2884";"154kV KARAMAN - GEZENDE HES EİH";"Orta Anadolu YTM / Doğu Akdeniz YTM";"154";"KARAMAN";"GEZENDE HES";"6f98c2f9-6bbf-40ab-8510-40167a68e99c";"matched-live";"Kaynak satir tekil olarak hatta eslesti.";"20.04.2026 00:39:00";"-45,12";"13,27";"340";"live";"KARAMAN";"GEZENDE"
"2964";"400kV ADANA -> EREĞLİ - SEYDİŞEHİR EİH";"Orta Anadolu YTM / Doğu Akdeniz YTM";"400";"EREĞLİ SANAL";"ADANA";"";"missing-active-id";"Hat icin aktif SCADA ID tanimli degil.";"-";"";"";"";"";"";""
"3017";"154kV KESİKKÖPRÜ HES -> ATAKALE RES - KIZILIRMAK EİH";"Orta Anadolu YTM";"154";"KESİKKÖPRÜ HES";"KESİKKÖPRÜ SANAL";"401cff12-55bb-4ecf-9c19-ddf0fd7bc5ce";"matched-stale";"Kaynak satir bulundu ancak veri stale durumunda.";"20.04.2026 00:36:00";"0,21";"0,09";"250";"dead";"KESIKKOP";"KIZ-KIRI"
"3018";"154kV KESİKKÖPRÜ HES -> KIRIKKALE - KIZILIRMAK EİH";"Orta Anadolu YTM";"154";"KESİKKÖPRÜ HES";"KESİKKÖPRÜ SANAL";"e406c8a9-007e-4e5a-8b92-66393968836c";"matched-live";"Kaynak satir tekil olarak hatta eslesti.";"20.04.2026 00:39:00";"3,53";"1,41";"250";"live";"KESIKKOP";"KIZ-ATAK"
"3149";"400kV ÇAYIRHAN TES - SİNCAN EİH";"Orta Anadolu YTM";"400";"ÇAYIRHAN TES";"SİNCAN";"b50407e1-bc2d-4fb8-8535-f297415bbd7e";"matched-live";"Kaynak satir tekil olarak hatta eslesti.";"20.04.2026 00:39:00";"540,57";"37,54";"1440";"live";"ANKARA-2";"CAYIRHAN"
"3193";"154kV TEMELLİ - İNCEK EİH";"Orta Anadolu YTM";"154";"TEMELLİ";"İNCEK";"617042b4-6d61-41ae-953d-a11f3300884a";"matched-live";"Kaynak satir tekil olarak hatta eslesti.";"20.04.2026 00:39:00";"38,72";"11,39";"340";"live";"TEMELLI";"INCEK"
"3432";"154kV ÇAYIRHAN TES - ETİ SODA EİH";"Orta Anadolu YTM";"154";"ÇAYIRHAN TES";"ETİ SODA";"97acd3cf-bf35-457a-b812-95044200809a";"matched-live";"Kaynak satir tekil olarak hatta eslesti.";"20.04.2026 00:39:00";"-13,29";"3,91";"340";"live";"ETI-SODA";"CAYIRHAN"
"3433";"400kV TEMELLİ - YEŞİLHİSAR - GÜNEY EİH";"Orta Anadolu YTM";"400";"TEMELLİ";"AĞAÇÖREN SKM";"eed09e0b-4cc9-4f8f-88df-37331c436282";"matched-live";"Kaynak satir tekil olarak hatta eslesti.";"20.04.2026 00:39:00";"-770,05";"29,28";"2630";"live";"TEMELLI";"YESILH-G"
"3435";"400kV TEMELLİ - YEŞİLHİSAR - KUZEY EİH";"Orta Anadolu YTM";"400";"TEMELLİ";"AĞAÇÖREN SKM";"6a3bb442-e105-48ff-812e-3137afbc41c4";"matched-live";"Kaynak satir tekil olarak hatta eslesti.";"20.04.2026 00:39:00";"-768,83";"29,23";"2630";"live";"TEMELLI";"YESILH-K"
"3436";"400kV YEŞİLHİSAR - ATATÜRK - KUZEY EİH";"Orta Anadolu YTM / Güney Doğu Anadolu YTM";"400";"YEŞİLHİSAR";"GÖKSUN SKM";"a95265e7-80a2-43c1-b730-136b67d3aa6f";"duplicate-mapping";"Ayni aktif SCADA ID birden fazla hatta bagli.";"20.04.2026 00:39:00";"-487,66";"";"";"";"YESILHIS";"GOKSUNG"
"3437";"400kV YEŞİLHİSAR - ATATÜRK - GÜNEY EİH";"Orta Anadolu YTM / Güney Doğu Anadolu YTM";"400";"YEŞİLHİSAR";"GÖKSUN SKM";"a95265e7-80a2-43c1-b730-136b67d3aa6f";"duplicate-mapping";"Ayni aktif SCADA ID birden fazla hatta bagli.";"20.04.2026 00:39:00";"-487,66";"";"";"";"YESILHIS";"GOKSUNG"
"3573";"400kV YEŞİLHİSAR - TUFANBEYLİ TES EİH";"Orta Anadolu YTM / Doğu Akdeniz YTM";"400";"YEŞİLHİSAR";"TUFANBEYLİ TES";"a6aed9fc-6229-442d-a889-d54fd4dd54d9";"matched-live";"Kaynak satir tekil olarak hatta eslesti.";"20.04.2026 00:39:00";"-378,42";"25,06";"1510";"live";"YESILHIS";"TUFANTES"
"3580";"400kV EREĞLİ -> SEYDİŞEHİR - ADANA EİH";"Orta Anadolu YTM";"400";"EREĞLİ KONYA";"EREĞLİ SANAL";"3ffbe598-8d3e-4fed-a316-325ce5b76aac";"matched-live";"Kaynak satir tekil olarak hatta eslesti.";"20.04.2026 00:39:00";"-43,34";"2,99";"1450";"live";"K.EREGLI";"ADA-SEYD"
"3603";"154kV TÜMOSAN - AKSARAY OSB EİH";"Orta Anadolu YTM";"154";"TÜMOSAN";"AKSARAY OSB";"648e94d0-0439-4493-92b4-c52b7c5f8146";"matched-live";"Kaynak satir tekil olarak hatta eslesti.";"20.04.2026 00:39:00";"-26,12";"7,68";"340";"live";"TUMOSAN";"AKSRYOSB"
"3632";"154kV PETLAS - AVANOS2 EİH";"Orta Anadolu YTM";"154";"PETLAS";"AVANOS2";"33d877d5-ce4e-4176-a3e0-f4e1b8d7b5f0";"matched-live";"Kaynak satir tekil olarak hatta eslesti.";"20.04.2026 00:39:00";"-51,85";"28,81";"180";"live";"PETLAS";"AVANOS-2"
"3634";"154kV GEYCEK RES - AVANOS2 - II EİH";"Orta Anadolu YTM";"154";"GEYCEK RES";"AVANOS2";"668d2547-88d8-4283-a4eb-c34cad4109ca";"matched-live";"Kaynak satir tekil olarak hatta eslesti.";"20.04.2026 00:39:00";"36,86";"14,75";"250";"live";"GEYCEK";"AVANOS-2"
"3635";"154kV GEYCEK RES - AVANOS2 - I EİH";"Orta Anadolu YTM";"154";"GEYCEK RES";"AVANOS2";"8d3661d5-0749-4d88-94d9-efa84fa24178";"matched-live";"Kaynak satir tekil olarak hatta eslesti.";"20.04.2026 00:39:00";"-0,47";"0,19";"250";"live";"GEYCEK";"AVANOS-1"
"3645";"400kV AKSA GÖYNÜK TES - GÖKÇEKAYA HES EİH";"Kuzey Batı Anadolu YTM / Orta Anadolu YTM";"400";"AKSA GÖYNÜK TES";"GÖKÇEKAYA HES";"ee95eda4-a026-4646-aa87-f05ef33d1dfd";"matched-live";"Kaynak satir tekil olarak hatta eslesti.";"20.04.2026 00:39:00";"602,78";"41,86";"1440";"live";"GOKCEKAY";"AKSAGOYN"
"3672";"154kV KAYSERİ3 - KAYSERİ4 EİH";"Orta Anadolu YTM";"154";"KAYSERİ3";"KAYSERİ4";"a8a53706-4eb2-4dff-a22d-11a5a2ca21d1";"matched-live";"Kaynak satir tekil olarak hatta eslesti.";"20.04.2026 00:39:00";"-32,35";"12,94";"250";"live";"KAYSERI4";"KAYSERI3"
"3699";"154kV YILDIZ - İMRAHOR EİH";"Orta Anadolu YTM";"154";"YILDIZ";"İMRAHOR";"16b76a2c-5ba4-463c-8eb6-649374757232";"matched-live";"Kaynak satir tekil olarak hatta eslesti.";"20.04.2026 00:39:00";"-90,47";"36,19";"250";"live";"YILDIZ";"IMRAHOR"
"3709";"154kV DERİNKUYU - AKSARAY OSB EİH";"Orta Anadolu YTM";"154";"DERİNKUYU";"AKSARAY OSB";"7166be3f-059c-4162-b684-339d9d121809";"matched-live";"Kaynak satir tekil olarak hatta eslesti.";"20.04.2026 00:39:00";"69,34";"20,39";"340";"live";"DERINKUY";"AKSRYOSB"
"3710";"400kV ADAPAZARI - YUNUS EMRE TES EİH";"Kuzey Batı Anadolu YTM / Orta Anadolu YTM";"400";"ADAPAZARI";"YUNUS EMRE TES";"88d98ab0-c7c6-482a-85bf-f51801ac9d8b";"matched-live";"Kaynak satir tekil olarak hatta eslesti.";"20.04.2026 00:39:00";"732,06";"33,58";"2180";"live";"YUNUSEMR";"ADAPAZAR"
"3711";"400kV TEMELLİ - YUNUS EMRE TES EİH";"Orta Anadolu YTM";"400";"TEMELLİ";"YUNUS EMRE TES";"a8c26e66-c04f-48b6-8b10-5f032b1ac190";"matched-live";"Kaynak satir tekil olarak hatta eslesti.";"20.04.2026 00:39:00";"-695,32";"26,44";"2630";"live";"YUNUSEMR";"TEMELLI"
"3774";"154kV KARAMAN - KEPEZKAYA HAVZA EİH";"Orta Anadolu YTM";"154";"KARAMAN";"KEPEZKAYA HAVZA";"afa5f45e-3a56-4b8d-9a1f-dafac1305e7c";"matched-live";"Kaynak satir tekil olarak hatta eslesti.";"20.04.2026 00:39:00";"23,91";"7,03";"340";"live";"KEPEZKAY";"KARAMAN"
"3884";"154kV BOR - TOROSLAR EİH";"Orta Anadolu YTM / Doğu Akdeniz YTM";"154";"BOR";"TOROSLAR";"97adb5ba-13ad-4c3c-97cb-d02dd34d25cb";"matched-live";"Kaynak satir tekil olarak hatta eslesti.";"20.04.2026 00:39:00";"-64,18";"18,88";"340";"live";"BOR";"TOROSLAR"
"3913";"154kV KARAMAN - MUT RES EİH";"Orta Anadolu YTM / Doğu Akdeniz YTM";"154";"KARAMAN";"MUT RES";"f177430b-cd7b-4880-9614-d775a267cb01";"matched-live";"Kaynak satir tekil olarak hatta eslesti.";"20.04.2026 00:39:00";"-52,98";"15,58";"340";"live";"KARAMAN";"MUTRES"
"3965";"154kV KARATAY - ALAKOVA EİH";"Orta Anadolu YTM";"154";"KARATAY";"ALAKOVA";"4fb4bea3-a74f-4b04-99b5-ff2e37718e44";"matched-stale";"Kaynak satir bulundu ancak veri stale durumunda.";"20.04.2026 00:38:00";"59,52";"17,51";"340";"warn";"KARATAY";"ALAKOVA"
"3980";"154kV KALECİK - YAKINKENT EİH";"Orta Anadolu YTM / Orta Karadeniz YTM";"154";"KALECİK";"YAKINKENT";"409fd207-50ca-4456-9eb7-1b4db285c2b5";"matched-live";"Kaynak satir tekil olarak hatta eslesti.";"20.04.2026 00:39:00";"-7,73";"4,30";"180";"live";"KALECIK";"YAKINKEN"
"4058";"154kV SİNCAN - ERYAMAN EİH";"Orta Anadolu YTM";"154";"SİNCAN";"ERYAMAN";"ff2e4fa3-7c67-44e0-92df-a1892fae6718";"matched-live";"Kaynak satir tekil olarak hatta eslesti.";"20.04.2026 00:39:00";"71,16";"20,93";"340";"live";"ANKARA-2";"ERYAMAN"
"4059";"154kV ANKARA SANAYİ - ERYAMAN EİH";"Orta Anadolu YTM";"154";"ANKARA SANAYİ";"ERYAMAN";"a56b9352-37de-4e52-a471-30d008665b72";"matched-live";"Kaynak satir tekil olarak hatta eslesti.";"20.04.2026 00:39:00";"26,90";"7,47";"360";"live";"ERYAMAN";"ANKARASA"