"Sıra";"Hat Adı";"kV";"km";"Başlangıç TM";"Bitiş TM";"Aktif Güç (MW)";"Yüklenme (%) [Kış]";"Kapasite (MVA)";"Son Veri Zamanı";"SCADA ID"
"1";"154kV ÇUMRA - DİANA OTEL GES EİH";"154";"24,5";"ÇUMRA";"DİANA OTEL GES";"144,46";"80,26";"180";"20.04.2026 00:02:00";"f866e230-93ae-41fa-87da-3a79d088fb32"
"2";"400kV ADAPAZARI - ÇAYIRHAN TES EİH";"400";"138,5";"ADAPAZARI";"ÇAYIRHAN TES";"980,38";"68,08";"1440";"20.04.2026 00:02:00";"ff50afeb-aed7-4688-b07f-1d0414087907"
"3";"400kV GÖKÇEKAYA HES - GÖLBAŞI EİH";"400";"167,6";"GÖKÇEKAYA HES";"GÖLBAŞI";"773,53";"53,72";"1440";"20.04.2026 00:02:00";"312b6d76-8e96-44e9-98e9-986a3b495d62"
"4";"400kV OSMANCA - SİNCAN EİH";"400";"174,5";"OSMANCA";"SİNCAN";"1007,41";"46,21";"2180";"20.04.2026 00:02:00";"64a14f61-8090-4eee-b371-8a7e89c7fa16"
"5";"400kV ÇAYIRHAN TES - SİNCAN EİH";"400";"77,7";"ÇAYIRHAN TES";"SİNCAN";"625,65";"43,45";"1440";"20.04.2026 00:02:00";"b50407e1-bc2d-4fb8-8535-f297415bbd7e"
"6";"400kV BAĞLUM - KAYABAŞI EİH";"400";"265,5";"BAĞLUM";"KAYABAŞI";"-797,43";"36,58";"2180";"20.04.2026 00:02:00";"1665f084-81de-418c-ad22-29708aac5433"
"7";"400kV AKSA GÖYNÜK TES - GÖKÇEKAYA HES EİH";"400";"33,2";"AKSA GÖYNÜK TES";"GÖKÇEKAYA HES";"513,92";"35,69";"1440";"20.04.2026 00:02:00";"ee95eda4-a026-4646-aa87-f05ef33d1dfd"
"8";"154kV ALİBEY HÖYÜĞÜ - ÇUMRA EİH";"154";"11,3";"ALİBEY HÖYÜĞÜ";"ÇUMRA";"62,71";"34,84";"180";"20.04.2026 00:02:00";"fd212a25-759b-4219-83ed-2a2b322ee9d9"
"9";"154kV BAĞLUM - HASKÖY - I EİH";"154";"13,6";"BAĞLUM";"HASKÖY";"-80,31";"32,12";"250";"20.04.2026 00:02:00";"071d0d66-3fb1-468f-8390-7573636745a5"
"10";"154kV ALİBEY HÖYÜĞÜ - SEYDİŞEHİR (YENİ) EİH";"154";"74,4";"ALİBEY HÖYÜĞÜ";"SEYDİŞEHİR (YENİ)";"56,73";"31,52";"180";"20.04.2026 00:02:00";"ed4081b7-128b-49d5-b693-10329488a1ca"
"11";"154kV ÇUMRA - GÜNEYSINIR EİH";"154";"30,3";"ÇUMRA";"GÜNEYSINIR";"98,96";"29,10";"340";"20.04.2026 00:02:00";"d51a6a2e-e5bb-41f1-8ad9-45c86fd9dae6"
"12";"154kV DERİNKUYU - AKSARAY OSB EİH";"154";"73,6";"DERİNKUYU";"AKSARAY OSB";"92,64";"27,25";"340";"20.04.2026 00:02:00";"7166be3f-059c-4162-b684-339d9d121809"
"13";"154kV SİNCAN - BAĞLICA EİH";"154";"17,5";"SİNCAN";"BAĞLICA";"66,92";"26,77";"250";"20.04.2026 00:02:00";"3a8b70c0-ecdb-47b5-941d-b28d9d11c3b3"
"14";"400kV SİNCAN - BAĞLUM EİH";"400";"26,6";"SİNCAN";"BAĞLUM";"-582,06";"26,70";"2180";"20.04.2026 00:02:00";"1353d19a-b0b5-45a1-8741-7d03cc8bc984"
"15";"154kV BOR - TOROSLAR EİH";"154";"55,1";"BOR";"TOROSLAR";"-88,83";"26,13";"340";"20.04.2026 00:02:00";"97adb5ba-13ad-4c3c-97cb-d02dd34d25cb"
"16";"400kV BOZOK - REŞADİYE EİH";"400";"223,4";"BOZOK";"REŞADİYE";"-628,68";"23,90";"2630";"20.04.2026 00:02:00";"fb82c106-3d46-4314-a393-c60cd3687e75"
"17";"400kV GÖLBAŞI - SİNCAN EİH";"400";"33,9";"GÖLBAŞI";"SİNCAN";"-579,54";"22,04";"2630";"20.04.2026 00:02:00";"95963c3b-0f13-48c2-a368-0d045d37d93a"
"18";"400kV ESKİŞEHİR3 - GÖKÇEKAYA HES EİH";"400";"61,0";"ESKİŞEHİR3";"GÖKÇEKAYA HES";"315,72";"21,77";"1450";"20.04.2026 00:02:00";"fd027666-1f39-4780-bc1f-486aad687a27"
"19";"154kV BEYPAZARI - ETİ SODA EİH";"154";"11,3";"BEYPAZARI";"ETİ SODA";"-50,19";"20,08";"250";"20.04.2026 00:02:00";"e161309a-e3a4-4d76-bb71-394082c792cb"
"20";"400kV İÇ ANADOLU DGKÇ - BOZOK EİH";"400";"147,2";"İÇ ANADOLU DGKÇ";"BOZOK";"-517,91";"19,69";"2630";"20.04.2026 00:02:00";"48d87d71-7ed7-4ae5-88a0-e324067272f8"
"21";"154kV AKDAĞ MADENİ - ARTOVA ÇİMENTO EİH";"154";"65,7";"AKDAĞ MADENİ";"ARTOVA ÇİMENTO";"-35,33";"19,63";"180";"20.04.2026 00:02:00";"f9570166-51e2-4ca6-b100-b08e77fd0fb3"
"22";"154kV BALGAT - ÇİĞDEM EİH";"154";"5,2";"BALGAT";"ÇİĞDEM";"-48,20";"19,28";"250";"20.04.2026 00:02:00";"da272915-d3df-4987-ad7c-fce319a2b88e"
"23";"154kV BOR - BOR OSB EİH";"154";"6,2";"BOR";"BOR OSB";"-62,58";"18,41";"340";"20.04.2026 00:02:00";"7626a510-3d75-49d7-82cc-d3acef11199c"
"24";"154kV İMRAHOR - ÇİĞDEM EİH";"154";"22,8";"İMRAHOR";"ÇİĞDEM";"45,38";"18,15";"250";"20.04.2026 00:02:00";"cd22d782-04c2-4cc0-b93f-dba5892553b1"
"25";"154kV AKKÖPRÜ - HASKÖY EİH";"154";"7,3";"AKKÖPRÜ";"HASKÖY";"44,52";"17,81";"250";"20.04.2026 00:02:00";"a4214ab4-f563-4ca0-a641-f2aa0f543456"
"26";"154kV SİNCAN - ERYAMAN EİH";"154";"9,5";"SİNCAN";"ERYAMAN";"58,00";"17,06";"340";"20.04.2026 00:02:00";"ff2e4fa3-7c67-44e0-92df-a1892fae6718"
"27";"154kV ERCİYES RES - ÇAMLICA1 HES EİH";"154";"7,5";"ERCİYES RES";"ÇAMLICA1 HES";"-57,56";"16,93";"340";"20.04.2026 00:02:00";"7f6fe720-6e2e-47b1-8f55-205c176462ad"
"28";"154kV SİNCAN - BALGAT EİH";"154";"30,7";"SİNCAN";"BALGAT";"38,44";"15,38";"250";"20.04.2026 00:02:00";"902e267d-5137-4b33-bb3f-387f2cb17971"
"29";"154kV BAĞLUM - HASKÖY - II EİH";"154";"13,6";"BAĞLUM";"HASKÖY";"-31,83";"12,73";"250";"20.04.2026 00:02:00";"3da760d5-2bad-4040-97bc-6258194f62ee"
"30";"400kV İGA GES - AFYON2 EİH";"400";"115,7";"İGA GES";"AFYON2";"320,13";"12,17";"2630";"20.04.2026 00:02:00";"147d5ba7-5e37-4b26-bb7b-58e2cc05fc94"
"31";"154kV BAĞLUM - ESENBOĞA - I EİH";"154";"13,6";"BAĞLUM";"ESENBOĞA";"-38,43";"11,30";"340";"20.04.2026 00:02:00";"bad5a267-7788-4854-b828-603bc8607cf8"
"32";"154kV ALTINOVA - YUNAK EİH";"154";"31,3";"ALTINOVA";"YUNAK";"37,17";"10,93";"340";"20.04.2026 00:02:00";"99688e3e-b3aa-4853-8884-957fd79eaabc"
"33";"154kV BAĞLUM - ESENBOĞA - II EİH";"154";"13,6";"BAĞLUM";"ESENBOĞA";"-36,33";"10,69";"340";"20.04.2026 00:02:00";"b7709e26-2dae-49b4-8856-279795e60d35"
"34";"154kV GEYCEK RES - AVANOS2 - II EİH";"154";"45,8";"GEYCEK RES";"AVANOS2";"26,61";"10,64";"250";"20.04.2026 00:02:00";"668d2547-88d8-4283-a4eb-c34cad4109ca"
"35";"400kV GÖLBAŞI - İÇ ANADOLU DGKÇ EİH";"400";"59,2";"GÖLBAŞI";"İÇ ANADOLU DGKÇ";"266,34";"10,13";"2630";"20.04.2026 00:02:00";"6d272e1f-3b34-49c7-961c-d2a18eff136f"
"36";"154kV SİNCAN - UZAY OSB EİH";"154";"11,4";"SİNCAN";"UZAY OSB";"27,10";"9,68";"280";"20.04.2026 00:02:00";"2ad457c3-1f54-418b-b11a-25431c8ba5f5"
"37";"154kV BÜSAN - HOTAMIŞ EİH";"154";"76,0";"BÜSAN";"HOTAMIŞ";"32,39";"9,53";"340";"20.04.2026 00:02:00";"dc4d2880-0b41-406d-b4ba-e137efb87451"
"38";"154kV ÇİĞDEM - BİLKENT EİH";"154";"11,7";"ÇİĞDEM";"BİLKENT";"23,70";"9,48";"250";"20.04.2026 00:02:00";"02f95310-1def-47f0-81a6-3ba7dd318979"
"39";"154kV ÇAMLICA1 HES - AKSU RES EİH";"154";"11,0";"ÇAMLICA1 HES";"AKSU RES";"-23,15";"9,26";"250";"20.04.2026 00:02:00";"7ecb6381-0a0c-4f87-8c83-eafa686386ed"
"40";"154kV SİNCAN - AKKÖPRÜ EİH";"154";"36,0";"SİNCAN";"AKKÖPRÜ";"19,99";"8,00";"250";"20.04.2026 00:02:00";"cc42e7a8-b53b-4aec-9f06-30d594677381"
"41";"400kV SİNCAN - KIRIKKALE DGKÇ EİH";"400";"163,3";"SİNCAN";"KIRIKKALE DGKÇ";"-208,85";"7,94";"2630";"20.04.2026 00:02:00";"0c7ac670-b3db-4a41-aea2-b5cbab38f81a"
"42";"154kV SİNCAN - ANKARA SANAYİ EİH";"154";"12,9";"SİNCAN";"ANKARA SANAYİ";"25,29";"7,44";"340";"20.04.2026 00:02:00";"2010557e-bfd7-4678-91be-b6f43d00b9da"
"43";"154kV SİNCAN - KAZAN DGKÇ EİH";"154";"25,2";"SİNCAN";"KAZAN DGKÇ";"-23,89";"7,03";"340";"20.04.2026 00:02:00";"1ef7ac1f-566f-413e-a65f-d3ee8e9e6c54"
"44";"154kV ESENBOĞA - AKYURT EİH";"154";"28,7";"ESENBOĞA";"AKYURT";"17,39";"6,96";"250";"20.04.2026 00:02:00";"129be331-395d-4b83-a2e9-0832fdee5b0a"
"45";"154kV BOZOK - ALACA EİH";"154";"44,4";"BOZOK";"ALACA";"-11,77";"6,54";"180";"20.04.2026 00:02:00";"8f167ea1-ceb2-464a-8084-e7b898cc9cfc"
"46";"154kV ÇAMLICA1 HES - ÇAMLICA3 HES EİH";"154";"7,7";"ÇAMLICA1 HES";"ÇAMLICA3 HES";"20,20";"5,94";"340";"20.04.2026 00:02:00";"22b212df-2ad8-4044-8478-d5258e21e151"
"47";"154kV CİHANBEYLİ - ALTINEKİN EİH";"154";"51,8";"CİHANBEYLİ";"ALTINEKİN";"-18,70";"5,50";"340";"20.04.2026 00:02:00";"2a74ec7d-c294-48e8-8bb2-34454e557d95"
"48";"154kV ÇEKEREK HAVZA - BEYYURDU RES EİH";"154";"24,8";"ÇEKEREK HAVZA";"BEYYURDU RES";"17,55";"5,16";"340";"20.04.2026 00:02:00";"6cb65809-c585-4fb4-bcf5-0f5a90f82297"
"49";"400kV BAĞLUM - KURŞUNLU - II EİH";"400";"98,5";"BAĞLUM";"KURŞUNLU";"-129,69";"4,93";"2630";"20.04.2026 00:02:00";"4df527b9-7a36-4c56-b03c-97009670b795"
"50";"400kV BAĞLUM - KURŞUNLU - I EİH";"400";"98,5";"BAĞLUM";"KURŞUNLU";"-127,99";"4,87";"2630";"20.04.2026 00:02:00";"b9adedf9-cdc5-4289-ab71-bbc0b9d72aab"
"51";"154kV EŞMEKAYA - TUZGÖLÜ GEÇİCİ EİH";"154";"20,1";"EŞMEKAYA";"TUZGÖLÜ GEÇİCİ";"15,82";"4,65";"340";"20.04.2026 00:02:00";"012b7e6d-2c68-42d2-933b-15f512d0f202"
"52";"154kV ASELSAN MOBİL - EMİRLER EİH";"154";"35,5";"ASELSAN MOBİL";"EMİRLER";"10,64";"4,25";"250";"20.04.2026 00:02:00";"1485ad5f-369f-4400-80ae-349d102a2322"
"53";"154kV ÇAYIRHAN TES - ETİ SODA EİH";"154";"17,6";"ÇAYIRHAN TES";"ETİ SODA";"-12,64";"3,72";"340";"20.04.2026 00:02:00";"97acd3cf-bf35-457a-b812-95044200809a"
"54";"154kV ANKARA SANAYİ - ERYAMAN EİH";"154";"5,3";"ANKARA SANAYİ";"ERYAMAN";"9,05";"2,51";"360";"20.04.2026 00:02:00";"a56b9352-37de-4e52-a471-30d008665b72"
"55";"154kV ÇİNKUR -> TAKSAN - SENDİREMEKE EİH";"154";"19,5";"TAKSAN SANAL";"ÇİNKUR";"-5,01";"1,47";"340";"20.04.2026 00:02:00";"91b5313f-fbba-4dfd-8c2a-10436595c3a9"
"56";"154kV GEYCEK RES - AVANOS2 - I EİH";"154";"45,7";"GEYCEK RES";"AVANOS2";"-0,60";"0,24";"250";"20.04.2026 00:02:00";"8d3661d5-0749-4d88-94d9-efa84fa24178"